Course Allocation ID,School Name,Course Name,Term Name,season,risk_final,End Status,Enrollment Count,predicted_enrollment
a0QPm00000TlIwuMAF,School67,Course45,Spring 2026,Spring,Low,Active,15,14.856298435511958
a0QPm00000TlrUoMAJ,School199,Course51,Spring 2026,Spring,Low,Admissions Drop,0,11.531003601442496
a0QPm00000Tlvi5MAB,School233,Course60,Spring 2026,Spring,Low,Dropped,3,5.45658234540932
a0QPm00000ToodfMAB,School385,Course80,Spring 2026,Spring,Low,Active,13,13.00090025982592
a0QPm00000Torq2MAB,School406,Course80,Spring 2026,Spring,Low,Active,18,18.12229875125275
a0QPm00000Tow3OMAR,School321,Course45,Spring 2026,Spring,Low,Active,17,17.4814230998879
a0QPm00000TpC3FMAV,School384,Course80,Spring 2026,Spring,Low,Active,12,12.003814138361882
a0QPm00000Tqc2CMAR,School374,Course70,Spring 2026,Spring,Low,Admissions Drop,0,3.465812872115417
a0QPm00000TqqI0MAJ,School391,Course4,Spring 2026,Spring,Medium,Admissions Drop,0,3.222979622625756
a0QPm00000TrDUgMAN,School363,Course51,Spring 2026,Spring,Medium,Active,15,10.370749091946424
a0QPm00000TrE8zMAF,School374,Course4,Spring 2026,Spring,Low,Admissions Drop,0,3.3541201987199996
a0QPm00000TrEs9MAF,School374,Course45,Spring 2026,Spring,Low,Active,20,20.95118796575903
a0QPm00000TrF1pMAF,School374,Course3,Spring 2026,Spring,Low,Active,27,23.565867588787814
a0QPm00000TrUiPMAV,School291,Course48,Spring 2026,Spring,Low,Active,12,11.702563973695309
a0QPm00000TjE9OMAV,School483,Course16,Spring 2026,Spring,Low,Active,14,14.079422418825464
a0QPm00000TlNYOMA3,School103,Course3,Spring 2026,Spring,Medium,Active,5,4.916885898346249
a0QPm00000TmN1dMAF,School595,Course45,Spring 2026,Spring,High,Admissions Drop,0,1.7815133216524983
a0QPm00000TjjEoMAJ,School245,Course65,Spring 2026,Spring,Low,Admissions Drop,0,3.724950416883056
a0QPm00000TjQgnMAF,School238,Course65,Spring 2026,Spring,Low,Admissions Drop,0,2.8742032752363316
a0QPm00000TjuyHMAR,School503,Course4,Spring 2026,Spring,Low,Admissions Drop,0,3.270154190773485
a0QPm00000U2gmhMAB,School650,Course32,Spring 2026,Spring,Low,Active,12,11.966177729940707
a0QPm00000TqqugMAB,School542,Course4,Spring 2026,Spring,Low,Admissions Drop,0,3.292113191065221
a0QPm00000TqsutMAB,School542,Course73,Spring 2026,Spring,Low,Admissions Drop,0,17.62101281024886
a0QPm00000TrNc6MAF,School542,Course48,Spring 2026,Spring,Low,Active,16,18.419986645879643
a0QPm00000TrWsHMAV,School542,Course32,Spring 2026,Spring,Low,Active,18,18.7775775638372
a0QPm00000UOaNfMAL,School500,Course82,Spring 2026,Spring,High,Admissions Drop,0,7.296769450892565
a0QPm00000UOnslMAD,School252,Course13,Spring 2026,Spring,Low,Active,25,24.19582849053299
a0QPm00000UOwBGMA1,School358,Course82,Spring 2026,Spring,High,Admissions Drop,0,2.333870696711218
a0QPm00000UP0oLMAT,School341,Course19,Spring 2026,Spring,Medium,Active,25,25.151988469183912
a0QPm00000UP6YoMAL,School200,Course4,Spring 2026,Spring,Low,Admissions Drop,0,3.312555811275427
a0QPm00000UPKbmMAH,School529,Course4,Spring 2026,Spring,Low,Admissions Drop,0,9.152661641951575
a0QPm00000UPNONMA5,School510,Course48,Spring 2026,Spring,Low,Active,11,12.799444673810134
a0QPm00000UPOQtMAP,School579,Course65,Spring 2026,Spring,Low,Active,19,19.61803673242275
a0QPm00000UPoTQMA1,School202,Course35,Spring 2026,Spring,Low,Active,15,15.591442976687901
a0QPm00000UPSxWMAX,School510,Course42,Spring 2026,Spring,Low,Dropped,7,14.144913488506578
a0QPm00000UPTYcMAP,School510,Course33,Spring 2026,Spring,Low,Admissions Drop,0,3.5355036752862032
a0QPm00000UPY0PMAX,School553,Course81,Spring 2026,Spring,Low,Active,24,23.78074789257074
a0QPm00000UQ9RNMA1,School589,Course82,Spring 2026,Spring,Low,Active,17,16.839753871079843
a0QPm00000UQAbxMAH,School202,Course47,Spring 2026,Spring,Low,Active,20,19.99585258491364
a0QPm00000UQATtMAP,School202,Course32,Spring 2026,Spring,Low,Active,18,21.668222904855728
a0QPm00000UOn6MMAT,School261,Course4,Spring 2026,Spring,Medium,Admissions Drop,0,10.766614522973882
a0QPm00000UOoiMMAT,School643,Course47,Spring 2026,Spring,Low,Active,28,26.354787044275813
a0QPm00000UOpg1MAD,School261,Course21,Spring 2026,Spring,Medium,Active,20,19.97112481995424
a0QPm00000UOrEsMAL,School314,Course79,Spring 2026,Spring,Low,Active,9,9.642799932087241
a0QPm00000UPCvxMAH,School427,Course79,Spring 2026,Spring,High,Admissions Drop,0,3.8840199315267636
a0QPm00000UPEZaMAP,School145,Course16,Spring 2026,Spring,Medium,Active,23,22.365391053457053
a0QPm00000UPFKLMA5,School425,Course70,Spring 2026,Spring,Low,Admissions Drop,0,3.563654205253889
a0QPm00000UPiivMAD,School447,Course3,Spring 2026,Spring,Low,Active,11,12.278742169205866
a0QPm00000UPk81MAD,School511,Course32,Spring 2026,Spring,Medium,Active,26,26.3687892127558
a0QPm00000UPOM3MAP,School145,Course4,Spring 2026,Spring,Medium,Admissions Drop,0,2.976748577557123
a0QPm00000UQmqzMAD,School381,Course47,Spring 2026,Spring,Medium,Active,20,19.783563622415564
a0QPm00000UQuzmMAD,School552,Course45,Spring 2026,Spring,Medium,Admissions Drop,0,4.512548677007685
a0QPm00000UR3yEMAT,School328,Course32,Spring 2026,Spring,Low,Active,16,14.149908671676808
a0QPm00000UR70xMAD,School147,Course4,Spring 2026,Spring,Low,Admissions Drop,0,2.7849316825883554
a0QPm00000URB6CMAX,School328,Course4,Spring 2026,Spring,Low,Admissions Drop,0,2.471388922186911
a0QPm00000URFOHMA5,School549,Course45,Spring 2026,Spring,Low,Active,21,19.57083048109333
a0QPm00000URFWLMA5,School549,Course11,Spring 2026,Spring,Low,Active,9,9.895686756262467
a0QPm00000URG7SMAX,School328,Course19,Spring 2026,Spring,Low,Active,17,16.6066055841374
a0QPm00000URKJ7MAP,School147,Course82,Spring 2026,Spring,Low,Active,13,13.700765514620933
a0QPm00000UTHieMAH,School66,Course73,Spring 2026,Spring,Low,Admissions Drop,0,2.8733996807746376
a0QPm00000UTM0fMAH,School211,Course16,Spring 2026,Spring,High,Admissions Drop,0,4.886056448746308
a0QPm00000UTM8jMAH,School211,Course3,Spring 2026,Spring,High,Admissions Drop,0,4.863173668851499
a0QPm00000UTOLtMAP,School222,Course32,Spring 2026,Spring,Low,Admissions Drop,0,16.842729787144414
a0QPm00000UTrfeMAD,School43,Course16,Spring 2026,Spring,Low,Active,23,22.472252570655076
a0QPm00000UTT29MAH,School558,Course42,Spring 2026,Spring,Low,Active,22,23.529720193869398
a0QPm00000UTzwYMAT,School395,Course19,Spring 2026,Spring,Low,Active,27,25.967772802229238
a0QPm00000UU5diMAD,School76,Course60,Spring 2026,Spring,Low,Active,25,24.01270872600115
a0QPm00000UU9hKMAT,School86,Course19,Spring 2026,Spring,Low,Active,20,20.25022160676384
a0QPm00000UUCIcMAP,School330,Course3,Spring 2026,Spring,Low,Active,27,22.64078941880216
a0QPm00000UUJAPMA5,School86,Course65,Spring 2026,Spring,Low,Active,25,24.60013155543934
a0QPm00000UUJOvMAP,School86,Course60,Spring 2026,Spring,Low,Admissions Drop,0,14.022634687340759
a0QPm00000UULc1MAH,School222,Course16,Spring 2026,Spring,Low,Active,22,22.86087712542908
a0QPm00000UVOzFMAX,School652,Course60,Spring 2026,Spring,Low,Active,17,18.107810125963322
a0QPm00000UObpzMAD,School424,Course81,Spring 2026,Spring,Low,Active,24,23.625518549204248
a0QPm00000UQkh8MAD,School628,Course45,Spring 2026,Spring,Low,Active,25,21.11507352639723
a0QPm00000URBCcMAP,School46,Course51,Spring 2026,Spring,Low,Admissions Drop,0,1.6715896369954253
a0QPm00000URFcoMAH,School628,Course4,Spring 2026,Spring,Low,Admissions Drop,0,3.5180057593582044
a0QPm00000URHwLMAX,School628,Course11,Spring 2026,Spring,Low,Active,25,24.55273905953797
a0QPm00000UVGiMMAX,School162,Course23,Spring 2026,Spring,High,Admissions Drop,0,5.289440517755586
a0QPm00000UVK7dMAH,School411,Course33,Spring 2026,Spring,High,Admissions Drop,0,5.434196207563464
a0QPm00000UY9qqMAD,School132,Course65,Spring 2026,Spring,Low,Active,25,24.386179902780402
a0QPm00000UYcPnMAL,School416,Course42,Spring 2026,Spring,Low,Admissions Drop,0,3.1069833384662955
a0QPm00000UYcuSMAT,School486,Course73,Spring 2026,Spring,Low,Admissions Drop,0,3.2031779991440894
a0QPm00000UYebGMAT,School132,Course4,Spring 2026,Spring,Low,Admissions Drop,0,3.363090209966364
a0QPm00000UYf5vMAD,School133,Course4,Spring 2026,Spring,Low,Admissions Drop,0,3.3579398746808593
a0QPm00000UYfAkMAL,School522,Course21,Spring 2026,Spring,Low,Active,16,16.168477329904007
a0QPm00000UYGp6MAH,School590,Course4,Spring 2026,Spring,Low,Admissions Drop,0,2.5732025557398823
a0QPm00000UYhPTMA1,School590,Course73,Spring 2026,Spring,Low,Admissions Drop,0,11.82617601054742
a0QPm00000UYjG0MAL,School490,Course9,Spring 2026,Spring,Low,Admissions Drop,0,2.60112208029738
a0QPm00000UYmAcMAL,School522,Course16,Spring 2026,Spring,Low,Active,13,13.66279409788332
a0QPm00000UYmiTMAT,School65,Course23,Spring 2026,Spring,Low,Active,15,15.047695322615127
a0QPm00000UYo4MMAT,School132,Course45,Spring 2026,Spring,Low,Active,19,19.268182588880023
a0QPm00000UYoabMAD,School133,Course21,Spring 2026,Spring,Low,Active,15,16.3693947949433
a0QPm00000UYoHFMA1,School132,Course13,Spring 2026,Spring,Low,Active,18,19.06873752291087
a0QPm00000UYoifMAD,School133,Course45,Spring 2026,Spring,Low,Active,20,21.80099533578257
a0QPm00000UYpwWMAT,School490,Course51,Spring 2026,Spring,Low,Active,15,12.863210367735588
a0QPm00000UYQZxMAP,School132,Course21,Spring 2026,Spring,Low,Active,18,18.489514365385517
a0QPm00000UYQZyMAP,School133,Course13,Spring 2026,Spring,Low,Active,20,17.900354108289175
a0QPm00000UYtC8MAL,School319,Course60,Spring 2026,Spring,Low,Active,5,7.07987540495687
a0QPm00000UYUDlMAP,School133,Course65,Spring 2026,Spring,Low,Active,25,20.785581867728492
a0QPm00000UYvCIMA1,School387,Course13,Spring 2026,Spring,Low,Admissions Drop,0,12.84186099044238
a0QPm00000UYVOLMA5,School342,Course65,Spring 2026,Spring,Low,Active,14,15.272082628966437
a0QPm00000UYw6jMAD,School590,Course81,Spring 2026,Spring,Low,Active,16,15.93180465468124
a0QPm00000UYwUvMAL,School590,Course21,Spring 2026,Spring,Low,Active,8,9.239749770532194
a0QPm00000UYwwLMAT,School477,Course45,Spring 2026,Spring,Low,Active,15,14.962880509131173
a0QPm00000UYxUDMA1,School490,Course13,Spring 2026,Spring,Low,Active,19,12.532041924491363
a0QPm00000UYylGMAT,School486,Course65,Spring 2026,Spring,Low,Active,16,16.66526962527596
a0QPm00000UYzarMAD,School387,Course81,Spring 2026,Spring,Low,Admissions Drop,0,3.303920376906416
a0QPm00000UYzpNMAT,School387,Course33,Spring 2026,Spring,Low,Admissions Drop,0,3.4231399808197027
a0QPm00000UZ2QgMAL,School486,Course35,Spring 2026,Spring,Low,Active,22,19.22115825261603
a0QPm00000UZ3OLMA1,School486,Course48,Spring 2026,Spring,Low,Active,20,20.07591802196587
a0QPm00000UZ9woMAD,School442,Course13,Spring 2026,Spring,Medium,Active,25,23.723202639243038
a0QPm00000UZGAQMA5,School170,Course32,Spring 2026,Spring,Low,Admissions Drop,0,11.64495360583624
a0QPm00000UZU5BMAX,School354,Course65,Spring 2026,Spring,Low,Admissions Drop,0,4.387598010183657
a0QPm00000TpbYJMAZ,School562,Course35,Spring 2026,Spring,Low,Admissions Drop,0,14.747262852918313
a0QPm00000TpQJ9MAN,School562,Course70,Spring 2026,Spring,Low,Admissions Drop,0,3.4622000006622757
a0QPm00000TxUauMAF,School518,Course60,Spring 2026,Spring,Low,Admissions Drop,0,3.2321583035726187
a0QPm00000Uf1zrMAB,School606,Course16,Spring 2026,Spring,Medium,Admissions Drop,0,4.624603986458495
a0QPm00000Ufr7BMAR,School128,Course23,Spring 2026,Spring,Medium,Admissions Drop,0,3.817859282517615
a0QPm00000UfZ29MAF,School31,Course48,Spring 2026,Spring,Low,Active,19,19.556820313129265
a0QPm00000UgjgzMAB,School223,Course48,Spring 2026,Spring,Low,Admissions Drop,0,3.0385314513992396
a0QPm00000UgPQbMAN,School128,Course60,Spring 2026,Spring,Medium,Admissions Drop,0,3.8059025625066436
a0QPm00000UODShMAP,School60,Course73,Spring 2026,Spring,Low,Admissions Drop,0,11.51309439497213
a0QPm00000UOFG0MAP,School60,Course33,Spring 2026,Spring,Low,Admissions Drop,0,17.57091598015506
a0QPm00000UOZUoMAP,School60,Course4,Spring 2026,Spring,Low,Admissions Drop,0,11.98897942188546
a0QPm00000UPWcwMAH,School598,Course79,Spring 2026,Spring,Low,Active,8,9.98012170627612
a0QPm00000UR8t4MAD,School223,Course60,Spring 2026,Spring,Low,Active,22,12.315047773334562
a0QPm00000URIPNMA5,School223,Course33,Spring 2026,Spring,Low,Admissions Drop,0,3.080455087564833
a0QPm00000UTsyEMAT,School155,Course65,Spring 2026,Spring,Low,Active,23,23.202932067524237
a0QPm00000UU4xmMAD,School155,Course48,Spring 2026,Spring,Low,Active,20,20.691666605775357
a0QPm00000UU6JeMAL,School155,Course13,Spring 2026,Spring,Low,Admissions Drop,0,13.021060446794273
a0QPm00000UU9nmMAD,School155,Course60,Spring 2026,Spring,Low,Admissions Drop,0,3.742564411767474
a0QPm00000UUqj4MAD,School83,Course45,Spring 2026,Spring,Medium,Active,15,15.770116316090668
a0QPm00000UV7jvMAD,School83,Course65,Spring 2026,Spring,Medium,Active,9,10.736261301238843
a0QPm00000UVIfJMAX,School3,Course16,Spring 2026,Spring,Low,Active,19,19.89583164196806
a0QPm00000UVIPBMA5,School3,Course60,Spring 2026,Spring,Low,Active,21,21.527628166567133
a0QPm00000UVLtJMAX,School83,Course41,Spring 2026,Spring,Medium,Admissions Drop,0,3.097010840835783
a0QPm00000UZ2orMAD,School88,Course73,Spring 2026,Spring,Low,Admissions Drop,0,12.400232995229944
a0QPm00000UgV4XMAV,School257,Course51,Spring 2026,Spring,High,Admissions Drop,0,3.6532338533161868
a0QPm00000UkI79MAF,School422,Course48,Spring 2026,Spring,Low,Admissions Drop,0,3.639588267218885
a0QPm00000UfueTMAR,School465,Course65,Spring 2026,Spring,Low,Active,16,16.751106701057395
a0QPm00000UfxNrMAJ,School216,Course16,Spring 2026,Spring,Low,Active,11,12.214023915841034
a0QPm00000UgItiMAF,School59,Course21,Spring 2026,Spring,Low,Admissions Drop,0,4.15517888375425
a0QPm00000UgZBNMA3,School59,Course73,Spring 2026,Spring,Low,Admissions Drop,0,4.203642041581425
a0QPm00000UgZuXMAV,School59,Course51,Spring 2026,Spring,Low,Active,21,13.99074065688515
a0QPm00000UkSODMA3,School611,Course32,Spring 2026,Spring,Low,Active,23,21.146728441519247
a0QPm00000UkT2XMAV,School207,Course3,Spring 2026,Spring,Low,Active,15,15.27304284600972
a0QPm00000UOSEqMAP,School259,Course13,Spring 2026,Spring,Low,Active,15,9.764663997547743
a0QPm00000UP5MbMAL,School259,Course47,Spring 2026,Spring,Low,Active,9,11.04456459016819
a0QPm00000UPRlLMAX,School430,Course45,Spring 2026,Spring,Low,Admissions Drop,0,6.943067684651654
a0QPm00000UULCDMA5,School531,Course60,Spring 2026,Spring,Low,Active,12,12.368988711071783
a0QPm00000UYhm3MAD,School382,Course51,Spring 2026,Spring,Low,Active,13,14.378045074672405
a0QPm00000UYpjaMAD,School537,Course51,Spring 2026,Spring,Low,Active,24,22.54118464537008
a0QPm00000UYqisMAD,School380,Course51,Spring 2026,Spring,Medium,Admissions Drop,0,14.760081127048899
a0QPm00000UYydBMAT,School382,Course35,Spring 2026,Spring,Low,Active,25,24.38767174632061
a0QPm00000UYyN3MAL,School382,Course19,Spring 2026,Spring,Low,Active,27,25.941750110931885
a0QPm00000UZ0a9MAD,School89,Course81,Spring 2026,Spring,Low,Active,24,25.056729663733165
a0QPm00000UZ2LpMAL,School537,Course60,Spring 2026,Spring,Low,Active,25,24.662549524768277
a0QPm00000UgbbOMAR,School405,Course51,Spring 2026,Spring,Low,Admissions Drop,0,8.602975872428534
a0QPm00000Ugi09MAB,School405,Course65,Spring 2026,Spring,Low,Active,16,16.225911455549205
a0QPm00000UgVR9MAN,School405,Course4,Spring 2026,Spring,Low,Admissions Drop,0,2.8167110092993233
a0QPm00000UhA2sMAF,School167,Course65,Spring 2026,Spring,Low,Active,25,20.041030869811713
a0QPm00000UhB0ZMAV,School167,Course21,Spring 2026,Spring,Low,Active,13,14.144365332416827
a0QPm00000UnfQXMAZ,School28,Course32,Spring 2026,Spring,Low,Active,9,10.335055690295233
a0QPm00000UnkbVMAR,School28,Course81,Spring 2026,Spring,Low,Active,24,23.012978062561587
a0QPm00000UnMhGMAV,School28,Course3,Spring 2026,Spring,Low,Admissions Drop,0,2.794517143682145
a0QPm00000UTGjGMAX,School556,Course60,Spring 2026,Spring,Low,Active,16,16.83911687147182
a0QPm00000UTUB7MAP,School426,Course51,Spring 2026,Spring,Low,Active,7,7.728094572935387
a0QPm00000UU3f8MAD,School514,Course70,Spring 2026,Spring,Low,Admissions Drop,0,3.529392577334341
a0QPm00000UU4zOMAT,School514,Course21,Spring 2026,Spring,Low,Admissions Drop,0,13.89119174201331
a0QPm00000UUHVBMA5,School514,Course16,Spring 2026,Spring,Low,Active,11,8.001557733741883
a0QPm00000Uwmr1MAB,School144,Course80,Spring 2026,Spring,High,Admissions Drop,0,5.295044475417294
a0QPm00000UwzmdMAB,School144,Course35,Spring 2026,Spring,High,Admissions Drop,0,5.298060035211661
a0QPm00000Ux4HdMAJ,School525,Course33,Spring 2026,Spring,Medium,Admissions Drop,0,2.4376114505360005
a0QPm00000UYscbMAD,School417,Course51,Spring 2026,Spring,Low,Admissions Drop,0,3.309258754999891
a0QPm00000UYxhBMAT,School304,Course16,Spring 2026,Spring,Low,Active,19,19.218339959984984
a0QPm00000UZ1CvMAL,School304,Course33,Spring 2026,Spring,Low,Admissions Drop,0,3.155666858187487
a0QPm00000UZ3L9MAL,School304,Course42,Spring 2026,Spring,Low,Active,26,23.014542126493208
a0QPm00000TjvUTMAZ,School177,Course45,Spring 2026,Spring,High,Dropped,4,6.05587807567458
a0QPm00000TjY3IMAV,School177,Course65,Spring 2026,Spring,High,Admissions Drop,0,2.7139984489481206
a0QPm00000TjyKHMAZ,School177,Course82,Spring 2026,Spring,High,Active,10,11.218471857545708
a0QPm00000Uf1JrMAJ,School6,Course65,Spring 2026,Spring,Low,Active,23,22.75309026454165
a0QPm00000UfVWSMA3,School6,Course47,Spring 2026,Spring,Low,Active,24,23.579977718153
a0QPm00000UfYdyMAF,School6,Course13,Spring 2026,Spring,Low,Active,22,21.877083278501207
a0QPm00000UNWlwMAH,School15,Course4,Spring 2026,Spring,Low,Admissions Drop,0,2.946820363171639
a0QPm00000UNzRLMA1,School15,Course82,Spring 2026,Spring,Low,Active,16,16.400617277392268
a0QPm00000UO6EHMA1,School15,Course16,Spring 2026,Spring,Low,Active,10,11.33762281625668
a0QPm00000UO6HVMA1,School15,Course47,Spring 2026,Spring,Low,Active,9,10.415006710531395
a0QPm00000UYjhOMAT,School616,Course45,Spring 2026,Spring,Low,Active,17,17.311771121196504
a0QPm00000V0zT8MAJ,School235,Course81,Spring 2026,Spring,Low,Active,21,20.638625227576895
a0QPm00000V1RFdMAN,School4,Course3,Spring 2026,Spring,Low,Active,18,18.404862149891663
a0QPm00000V1Rp7MAF,School4,Course45,Spring 2026,Spring,Low,Active,22,21.712096385301667
a0QPm00000V1RQvMAN,School4,Course13,Spring 2026,Spring,Low,Active,17,17.917203619566106
a0QPm00000V1THRMA3,School386,Course82,Spring 2026,Spring,Low,Active,9,10.744268382955228
a0QPm00000V2OkMMAV,School546,Course47,Spring 2026,Spring,Low,Active,17,17.091307807199744
a0QPm00000V39L3MAJ,School37,Course21,Spring 2026,Spring,Low,Active,22,21.928677409800297
a0QPm00000TkJ8bMAF,School507,Course82,Spring 2026,Spring,Low,Active,10,10.58522054900933
a0QPm00000UOhqaMAD,School420,Course32,Spring 2026,Spring,Low,Admissions Drop,0,3.7483942826593815
a0QPm00000UR5rzMAD,School375,Course45,Spring 2026,Spring,Low,Active,25,24.828526648243777
a0QPm00000V16RLMAZ,School336,Course33,Spring 2026,Spring,Low,Admissions Drop,0,10.516647371468384
a0QPm00000V1JhtMAF,School309,Course21,Spring 2026,Spring,Low,Active,16,16.290981316137
a0QPm00000V2FIsMAN,School9,Course32,Spring 2026,Spring,Medium,Active,25,24.75780603819134
a0QPm00000V2H7lMAF,School9,Course42,Spring 2026,Spring,Medium,Admissions Drop,0,3.609005940289996
a0QPm00000V2HCbMAN,School9,Course21,Spring 2026,Spring,Medium,Active,26,23.552778126775834
a0QPm00000V2sbyMAB,School166,Course45,Spring 2026,Spring,Low,Admissions Drop,0,2.954879577991545
a0QPm00000V4maTMAR,School355,Course48,Spring 2026,Spring,Low,Active,27,26.83461873455861
a0QPm00000V7TuhMAF,School541,Course19,Spring 2026,Spring,Low,Active,21,21.483815311894872
a0QPm00000TpnhXMAR,School373,Course51,Spring 2026,Spring,Medium,Admissions Drop,0,2.705591306464286
a0QPm00000TrTG5MAN,School303,Course82,Spring 2026,Spring,Low,Active,23,24.063803335017028
a0QPm00000UQvO1MAL,School365,Course51,Spring 2026,Spring,Medium,Active,14,16.133936628121177
a0QPm00000UQwVMMA1,School365,Course16,Spring 2026,Spring,Medium,Active,25,25.506375770578476
a0QPm00000UR1mnMAD,School365,Course79,Spring 2026,Spring,Medium,Admissions Drop,0,4.380926245259519
a0QPm00000V1QzWMAV,School235,Course48,Spring 2026,Spring,Low,Active,25,16.48598272501117
a0QPm00000V6vkxMAB,School188,Course82,Spring 2026,Spring,High,Admissions Drop,0,10.447334383067314
a0QPm00000UTUXhMAP,School464,Course4,Spring 2026,Spring,Low,Admissions Drop,0,3.9684926506267644
a0QPm00000TrKESMA3,School588,Course51,Spring 2026,Spring,Low,Active,10,11.567732731132473
a0QPm00000UkMKRMA3,School621,Course79,Spring 2026,Spring,Low,Active,16,16.63842903444105
a0QPm00000UkT4AMAV,School621,Course3,Spring 2026,Spring,Low,Active,14,14.899328040172735
a0QPm00000UO44RMAT,School632,Course11,Spring 2026,Spring,Low,Active,7,10.552335747887966
a0QPm00000UQfhIMAT,School520,Course51,Spring 2026,Spring,Low,Active,25,20.1035671456146
a0QPm00000UR8ElMAL,School445,Course3,Spring 2026,Spring,High,Active,7,8.953964173280925
a0QPm00000V10FUMAZ,School351,Course41,Spring 2026,Spring,Low,Active,14,19.753434151104532
a0QPm00000V1yukMAB,School577,Course35,Spring 2026,Spring,Low,Admissions Drop,0,11.845857604509066
a0QPm00000V27jWMAR,School577,Course26,Spring 2026,Spring,Low,Admissions Drop,0,3.6063504508786917
a0QPm00000V2Fp7MAF,School577,Course13,Spring 2026,Spring,Low,Active,25,22.372758943162843
a0QPm00000V2l4FMAR,School343,Course25,Spring 2026,Spring,Low,Active,21,22.777781927563137
a0QPm00000V2vq0MAB,School351,Course79,Spring 2026,Spring,Low,Active,11,13.092664809901363
a0QPm00000V32bJMAR,School351,Course25,Spring 2026,Spring,Low,Active,27,26.85561807923171
a0QPm00000V32EjMAJ,School351,Course41,Spring 2026,Spring,Low,Active,13,19.753434151104532
a0QPm00000V32RdMAJ,School351,Course25,Spring 2026,Spring,Low,Active,26,26.85561807923171
a0QPm00000V36tSMAR,School343,Course41,Spring 2026,Spring,Low,Active,15,19.986106726326774
a0QPm00000VNQ6SMAX,School141,Course33,Spring 2026,Spring,Low,Admissions Drop,0,2.602232550852152
a0QPm00000VOcDaMAL,School530,Course45,Spring 2026,Spring,Low,Active,10,16.08943912175586
a0QPm00000VQXbBMAX,School260,Course33,Spring 2026,Spring,Low,Admissions Drop,0,3.3750052935154686
a0QPm00000TrTzFMAV,School418,Course65,Spring 2026,Spring,Low,Active,22,16.652135378676164
a0QPm00000UnaU7MAJ,School569,Course13,Spring 2026,Spring,Low,Active,18,17.889866394075682
a0QPm00000UnNTeMAN,School569,Course45,Spring 2026,Spring,Low,Active,24,25.068709936061982
a0QPm00000UnRyhMAF,School569,Course81,Spring 2026,Spring,Low,Active,15,15.754318103588208
a0QPm00000UPMIcMAP,School316,Course51,Spring 2026,Spring,Low,Active,25,24.777200469541867
a0QPm00000UPUZYMA5,School316,Course60,Spring 2026,Spring,Low,Active,25,24.783596113783354
a0QPm00000UPYI9MAP,School299,Course51,Spring 2026,Spring,Low,Admissions Drop,0,10.919271719534974
a0QPm00000UTVqLMAX,School512,Course45,Spring 2026,Spring,Low,Admissions Drop,0,3.95379309034281
a0QPm00000UTwTzMAL,School157,Course11,Spring 2026,Spring,Low,Active,13,12.396701327149824
a0QPm00000UTy18MAD,School157,Course60,Spring 2026,Spring,Low,Active,20,19.714300376012325
a0QPm00000UUIavMAH,School268,Course21,Spring 2026,Spring,Low,Admissions Drop,0,3.366605275372909
a0QPm00000UUIPdMAP,School268,Course47,Spring 2026,Spring,Low,Active,18,21.510992136225383
a0QPm00000UZJOHMA5,School285,Course80,Spring 2026,Spring,Low,Active,16,16.753829858119207
a0QPm00000V72T3MAJ,School75,Course70,Spring 2026,Spring,High,Admissions Drop,0,2.809263793381843
a0QPm00000VVyVuMAL,School164,Course51,Spring 2026,Spring,Medium,Admissions Drop,0,7.679047145244059
a0QPm00000VW2eLMAT,School556,Course45,Spring 2026,Spring,Low,Admissions Drop,0,10.031794861761103
a0QPm00000VW55xMAD,School556,Course3,Spring 2026,Spring,Low,Admissions Drop,0,3.3406098501003596
a0QPm00000VWV6sMAH,School164,Course70,Spring 2026,Spring,Medium,Admissions Drop,0,3.1324585475938433
a0QPm00000TjhHqMAJ,School34,Course33,Spring 2026,Spring,Low,Admissions Drop,0,3.580289676431497
a0QPm00000TsFkYMAV,School134,Course16,Spring 2026,Spring,Low,Admissions Drop,0,3.8195188242275586
a0QPm00000UgQ1fMAF,School614,Course16,Spring 2026,Spring,Medium,Active,16,17.271064764770955
a0QPm00000VjPLNMA3,School249,Course19,Spring 2026,Spring,Medium,Active,34,33.10922477441321
a0QPm00000UPuCIMA1,School329,Course33,Spring 2026,Spring,Low,Admissions Drop,0,3.5914124290341025
a0QPm00000UQ6QJMA1,School329,Course25,Spring 2026,Spring,Low,Active,25,24.618838531184952
a0QPm00000URKm9MAH,School100,Course73,Spring 2026,Spring,Low,Admissions Drop,0,14.028435199902166
a0QPm00000UYi8eMAD,School105,Course40,Spring 2026,Spring,Medium,Active,20,20.064503362172427
a0QPm00000UYmXDMA1,School231,Course80,Spring 2026,Spring,Low,Active,10,12.996559791788085
a0QPm00000UZHfpMAH,School580,Course41,Spring 2026,Spring,Low,Admissions Drop,0,3.509855045925055
a0QPm00000UZW0XMAX,School334,Course82,Spring 2026,Spring,High,Admissions Drop,0,5.086723411705591
a0QPm00000V06ErMAJ,School380,Course4,Spring 2026,Spring,Medium,Admissions Drop,0,3.333898303501795
a0QPm00000V15S8MAJ,School419,Course25,Spring 2026,Spring,Low,Active,21,19.690230240155064
a0QPm00000V2vOYMAZ,School352,Course41,Spring 2026,Spring,Low,Active,22,24.311690517253037
a0QPm00000V33AnMAJ,School352,Course25,Spring 2026,Spring,Low,Active,25,27.87885443804686
a0QPm00000V34JmMAJ,School264,Course51,Spring 2026,Spring,Low,Active,12,11.811384521968916
a0QPm00000VcXdsMAF,School639,Course41,Spring 2026,Spring,Low,Active,22,22.326436669796678
a0QPm00000VPRpZMAX,School523,Course33,Spring 2026,Spring,Low,Admissions Drop,0,3.0261425745779005
a0QPm00000VPT8DMAX,School523,Course80,Spring 2026,Spring,Low,Active,17,17.354222102396413
a0QPm00000Tot0cMAB,School64,Course47,Spring 2026,Spring,High,Admissions Drop,0,5.261034249608309
a0QPm00000Tp70PMAR,School450,Course25,Spring 2026,Spring,Low,Active,17,18.020267066229724
a0QPm00000TpIlOMAV,School64,Course45,Spring 2026,Spring,High,Admissions Drop,0,5.23806334053537
a0QPm00000Tpv8PMAR,School450,Course41,Spring 2026,Spring,Low,Active,14,15.510587763014254
a0QPm00000UgWtSMAV,School627,Course25,Spring 2026,Spring,Medium,Admissions Drop,0,2.701754332357574
a0QPm00000V2hdKMAR,School44,Course26,Spring 2026,Spring,Medium,Admissions Drop,0,2.614767414934563
a0QPm00000V2rHkMAJ,School247,Course32,Spring 2026,Spring,Low,Active,25,24.904218524526208
a0QPm00000VbEYPMA3,School401,Course82,Spring 2026,Spring,Medium,Active,14,11.49967127960852
a0QPm00000VgegkMAB,School137,Course25,Spring 2026,Spring,Low,Admissions Drop,0,4.111607303237269
a0QPm00000VgnLrMAJ,School540,Course4,Spring 2026,Spring,Low,Admissions Drop,0,3.7378087545388636
a0QPm00000VgWkqMAF,School137,Course80,Spring 2026,Spring,Low,Active,29,28.713805409224236
a0QPm00000Vh1a5MAB,School540,Course35,Spring 2026,Spring,Low,Admissions Drop,0,3.629131640937814
a0QPm00000VU6CbMAL,School623,Course45,Spring 2026,Spring,Medium,Active,24,23.69230080362074
a0QPm00000VVhwUMAT,School87,Course80,Spring 2026,Spring,Low,Active,24,23.493533360821072
a0QPm00000URBCdMAP,School81,Course21,Spring 2026,Spring,Low,Active,16,16.419753766574228
a0QPm00000UYXbSMAX,School122,Course19,Spring 2026,Spring,Low,Active,24,25.698905487737076
a0QPm00000V2rG8MAJ,School645,Course19,Spring 2026,Spring,Low,Active,13,13.523682750967813
a0QPm00000Vj7MrMAJ,School69,Course79,Spring 2026,Spring,Low,Active,8,9.567895713927028
a0QPm00000UOp6aMAD,School269,Course82,Spring 2026,Spring,Low,Active,16,16.11809394776176
a0QPm00000VjxRuMAJ,School276,Course40,Spring 2026,Spring,Low,Active,19,16.275914562866255
a0QPm00000VmYaDMAV,School1,Course41,Spring 2026,Spring,Low,Active,16,15.969512427844219
a0QPm00000V1TSjMAN,School111,Course79,Spring 2026,Spring,Medium,Admissions Drop,0,3.884992587930183
a0QPm00000TrXd3MAF,School526,Course79,Spring 2026,Spring,Low,Active,15,15.439948690573551
a0QPm00000UYy5MMAT,School563,Course82,Spring 2026,Spring,Low,Active,19,17.54800465260954
a0QPm00000URGyfMAH,School239,Course51,Spring 2026,Spring,Low,Active,17,17.06233305297264
a0QPm00000VF4O1MAL,School228,Course32,Spring 2026,Spring,Low,Active,16,17.883565553553677
a0QPm00000Vz77ZMAR,School526,Course26,Spring 2026,Spring,Low,Admissions Drop,0,2.9066576143223686
a0QPm00000TpqjqMAB,School403,Course32,Spring 2026,Spring,Low,Active,22,22.165489255092975
a0QPm00000UO1uaMAD,School32,Course82,Spring 2026,Spring,Low,Active,4,5.402508184077842
a0QPm00000UQ8wjMAD,School591,Course73,Spring 2026,Spring,Medium,Admissions Drop,0,4.69254410443851
a0QPm00000URtqOMAT,School71,Course19,Spring 2026,Spring,Low,Active,13,12.950059057476164
a0QPm00000UTR0MMAX,School565,Course81,Spring 2026,Spring,Low,Active,24,23.842827609318945
a0QPm00000V2rCtMAJ,School71,Course42,Spring 2026,Spring,Low,Active,13,13.878205174932065
a0QPm00000VNDPJMA5,School432,Course81,Spring 2026,Spring,Low,Active,15,17.49843271490078
a0QPm00000VWKUqMAP,School58,Course21,Spring 2026,Spring,Medium,Admissions Drop,0,4.160127728158191
a0QPm00000VWWCdMAP,School58,Course81,Spring 2026,Spring,Medium,Active,18,19.312059552934073
a0QPm00000Vy48XMAR,School127,Course40,Spring 2026,Spring,Low,Active,25,24.00795168111522
a0QPm00000W3TfEMAV,School443,Course35,Spring 2026,Spring,Low,Admissions Drop,0,16.8395708528925
a0QPm00000W4LBVMA3,School443,Course51,Spring 2026,Spring,Low,Active,15,19.43113230994942
a0QPm00000W9ANXMA3,School400,Course81,Spring 2026,Spring,Medium,Active,7,7.979181815745765
a0QPm00000W9R6bMAF,School605,Course47,Spring 2026,Spring,High,Admissions Drop,0,5.414410849644838
a0QPm00000WA3evMAD,School228,Course26,Spring 2026,Spring,Low,Admissions Drop,0,2.9327877012084564
a0QPm00000TlfoeMAB,School29,Course45,Spring 2026,Spring,High,Admissions Drop,0,5.23806334053537
a0QPm00000V8La5MAF,School317,Course42,Spring 2026,Spring,Low,Active,19,18.89537586849094
a0QPm00000VhMY5MAN,School552,Course42,Spring 2026,Spring,Medium,Active,14,14.245665253283969
a0QPm00000WA1tGMAT,School221,Course60,Spring 2026,Spring,Low,Admissions Drop,0,3.3141045609667463
a0QPm00000WA6uaMAD,School221,Course45,Spring 2026,Spring,Low,Active,25,24.4243764553246
a0QPm00000WAH5BMAX,School221,Course48,Spring 2026,Spring,Low,Admissions Drop,0,3.343452873720949
a0QPm00000UkN6oMAF,School84,Course51,Spring 2026,Spring,Low,Active,20,19.826087436105325
a0QPm00000UO6qzMAD,School393,Course45,Spring 2026,Spring,High,Admissions Drop,0,11.20389885227394
a0QPm00000V4oytMAB,School13,Course19,Spring 2026,Spring,Low,Active,17,17.163438609653134
a0QPm00000V4tVVMAZ,School13,Course26,Spring 2026,Spring,Low,Admissions Drop,0,3.139914621098064
a0QPm00000UOkwUMAT,School26,Course51,Spring 2026,Spring,Low,Active,7,7.219391201717107
a0QPm00000WD8RxMAL,School194,Course82,Spring 2026,Spring,Low,Active,11,11.818601515310979
a0QPm00000WD8uzMAD,School194,Course48,Spring 2026,Spring,Low,Admissions Drop,0,2.494838033089877
a0QPm00000WYnlWMAT,School376,Course70,Spring 2026,Spring,Medium,Admissions Drop,0,3.906052628523817
a0QPm00000TpkOHMAZ,School104,Course11,Spring 2026,Spring,High,Admissions Drop,0,3.0067493099397433
a0QPm00000TplfJMAR,School104,Course41,Spring 2026,Spring,High,Active,8,9.737646041236589
a0QPm00000URJq6MAH,School149,Course32,Spring 2026,Spring,Medium,Active,20,21.843853649618428
a0QPm00000YXcKfMAL,School346,Course25,Spring 2026,Spring,Medium,Active,22,21.670431910628636
a0QPm00000UULAcMAP,School179,Course3,Spring 2026,Spring,Medium,Active,14,15.254590336820673
a0QPm00000W3sKpMAJ,School127,Course81,Spring 2026,Spring,Low,Active,15,15.484149728451882
a0QPm00000UkEedMAF,School619,Course21,Spring 2026,Spring,Low,Dropped,33,34.7869908248792
a0QPm00000UkO2yMAF,School619,Course51,Spring 2026,Spring,Low,Dropped,19,26.292819226651932
a0QPm00000VjP3dMAF,School620,Course4,Spring 2026,Spring,Low,Admissions Drop,0,7.603841710050277
a0QPm00000WoBaXMAV,School146,Course45,Spring 2026,Spring,Low,Active,23,23.111457018872244
a0QPm00000V3JYzMAN,School453,Course57,Spring 2026,Spring,Low,Active,14,15.084583200606852
a0QPm00000V59qTMAR,School91,Course79,Spring 2026,Spring,Medium,Admissions Drop,0,3.0194698337170425
a0QPm00000WthptMAB,School5,Course51,Spring 2026,Spring,Medium,Active,25,22.147312312078512
a0QPm00000URA5HMAX,School178,Course35,Spring 2026,Spring,Low,Active,25,17.279021365101947
a0QPm00000WW2yqMAD,School615,Course82,Spring 2026,Spring,Medium,Active,11,11.738382712302952
a0QPm00000XDsUFMA1,School130,Course80,Spring 2026,Spring,Low,Active,10,11.017630733713515
a0QPm00000UkL8FMAV,School226,Course45,Spring 2026,Spring,Low,Active,29,29.211108202963885
a0QPm00000Wh7NBMAZ,School179,Course80,Spring 2026,Spring,Medium,Active,25,18.618805707112603
a0QPm00000XKRQrMAP,School318,Course45,Spring 2026,Spring,Medium,Active,17,17.67871008536005
a0QPm00000VaIFvMAN,School608,Course26,Spring 2026,Spring,High,Admissions Drop,0,4.237704877654077
a0QPm00000VaLFOMA3,School608,Course47,Spring 2026,Spring,High,Active,15,16.67012471599452
a0QPm00000VCCzeMAH,School369,Course25,Spring 2026,Spring,Low,Active,24,24.08960163911037
a0QPm00000VCFxWMAX,School369,Course26,Spring 2026,Spring,Low,Admissions Drop,0,4.077837306565913
a0QPm00000VzWM5MAN,School608,Course51,Spring 2026,Spring,High,Admissions Drop,0,3.9903632089490806
a0QPm00000UVHEcMAP,School95,Course51,Spring 2026,Spring,Low,Active,19,23.411370159841862
a0QPm00000UVKvdMAH,School95,Course79,Spring 2026,Spring,Low,Active,24,23.925181340889125
a0QPm00000V1Zt7MAF,School74,Course25,Spring 2026,Spring,Low,Active,24,23.848961509667028
a0QPm00000XE2tNMAT,School33,Course3,Spring 2026,Spring,High,Active,16,17.23269197555128
a0QPm00000XWBuzMAH,School383,Course59,Spring 2026,Spring,Low,Admissions Drop,0,3.432334428030696
a0QPm00000XWdsrMAD,School383,Course81,Spring 2026,Spring,Low,Active,20,20.26477900026028
a0QPm00000VVeDpMAL,School61,Course25,Spring 2026,Spring,Low,Active,20,20.04990045271764
a0QPm00000VX8wFMAT,School224,Course41,Spring 2026,Spring,Low,Active,5,5.770423527207467
a0QPm00000Xc4cIMAR,School347,Course40,Spring 2026,Spring,Low,Active,25,25.216666432697007
a0QPm00000UgSGMMA3,School60,Course26,Spring 2026,Spring,Low,Admissions Drop,0,3.6407951546540387
a0QPm00000UOLlDMAX,School407,Course82,Spring 2026,Spring,Low,Active,24,20.126029600904396
a0QPm00000ViZ0EMAV,School334,Course32,Spring 2026,Spring,High,Active,14,11.7713231876017
a0QPm00000XK8haMAD,School552,Course48,Spring 2026,Spring,Medium,Active,7,8.388262070253212
a0QPm00000WM2ARMA1,School84,Course48,Spring 2026,Spring,Low,Active,14,14.362911381693566
a0QPm00000XVZswMAH,School499,Course21,Spring 2026,Spring,High,Active,16,16.505505024311876
a0QPm00000Unc4UMAR,School236,Course51,Spring 2026,Spring,Low,Active,22,21.180541153979465
a0QPm00000YQcxNMAT,School487,Course80,Spring 2026,Spring,Low,Admissions Drop,0,3.9216795960373823
a0QPm00000YQjVpMAL,School487,Course80,Spring 2026,Spring,Low,Admissions Drop,0,3.9216795960373823
a0QPm00000YQtmsMAD,School487,Course60,Spring 2026,Spring,Low,Active,25,25.053811269931806
a0QPm00000WIKQsMAP,School504,Course82,Spring 2026,Spring,Medium,Active,11,11.96671427752267
a0QPm00000VWjeTMAT,School633,Course80,Spring 2026,Spring,Low,Active,22,22.667987469129812
a0QPm00000VWjrNMAT,School633,Course73,Spring 2026,Spring,Low,Admissions Drop,0,4.115059693264193
a0QPm00000WrYXOMA3,School648,Course25,Spring 2026,Spring,Low,Active,23,23.289462448155227
a0QPm00000WtSu5MAF,School648,Course40,Spring 2026,Spring,Low,Admissions Drop,0,3.8987171422529547
a0QPm00000Y3BcsMAF,School366,Course29,Spring 2026,Spring,High,Admissions Drop,0,5.352419164204559
a0QPm00000YTt8oMAD,School344,Course25,Spring 2026,Spring,Medium,Active,12,10.209866244468898
a0QPm00000UPS6HMAX,School123,Course73,Spring 2026,Spring,Low,Admissions Drop,0,14.35876658252802
a0QPm00000VUMkQMAX,School414,Course40,Spring 2026,Spring,High,Admissions Drop,0,4.066485680319004
a0QPm00000Yb6XiMAJ,School261,Course3,Spring 2026,Spring,Medium,Admissions Drop,0,3.0607680089731137
a0QPm00000Ybee1MAB,School20,Course25,Spring 2026,Spring,Low,Active,11,14.312005351589072
a0QPm00000YbeKfMAJ,School20,Course23,Spring 2026,Spring,Low,Active,35,28.33375332413078
a0QPm00000YbfqDMAR,School20,Course23,Spring 2026,Spring,Low,Active,24,28.33375332413078
a0QPm00000Yc2YHMAZ,School383,Course32,Spring 2026,Spring,Low,Active,27,26.198585897372975
a0QPm00000YTyq2MAD,School20,Course25,Spring 2026,Spring,Low,Active,15,14.312005351589072
a0QPm00000UYqxNMAT,School181,Course33,Spring 2026,Spring,High,Admissions Drop,0,2.765102184428176
a0QPm00000W1BINMA3,School106,Course82,Spring 2026,Spring,Medium,Admissions Drop,0,3.0778672453463787
a0QPm00000Y4mnGMAR,School515,Course19,Spring 2026,Spring,Medium,Active,15,16.66579578494903
a0QPm00000Y4XQ5MAN,School515,Course45,Spring 2026,Spring,Medium,Active,28,25.20357305441367
a0QPm00000YcP0HMAV,School353,Course13,Spring 2026,Spring,Low,Active,29,29.035394486960538
a0QPm00000YcpcEMAR,School353,Course45,Spring 2026,Spring,Low,Active,27,27.331367241288653
a0QPm00000YEWhEMAX,School466,Course73,Spring 2026,Spring,Medium,Admissions Drop,0,14.33732366139397
a0QPm00000Yh2ZGMAZ,School557,Course45,Spring 2026,Spring,Medium,Admissions Drop,0,3.133664535852236
a0QPm00000Yz8gFMAR,School57,Course51,Spring 2026,Spring,Low,Active,27,27.509784705402716
a0QPm00000Z5EuGMAV,School283,Course35,Spring 2026,Spring,Medium,Admissions Drop,0,2.8140865535700645
a0QPm00000Z5v6MMAR,School292,Course45,Spring 2026,Spring,Low,Active,13,13.037780601052301
a0QPm00000Uncm1MAB,School195,Course79,Spring 2026,Spring,Low,Admissions Drop,0,3.465693787395482
a0QPm00000ZDLldMAH,School209,Course11,Spring 2026,Spring,Low,Active,25,25.21498337533476
a0QPm00000ZDM3NMAX,School209,Course40,Spring 2026,Spring,Low,Active,25,25.216666432697007
a0QPm00000UnMFrMAN,School255,Course73,Spring 2026,Spring,Medium,Admissions Drop,0,3.6458744161328607
a0QPm00000YzvqbMAB,School49,Course35,Spring 2026,Spring,Medium,Active,7,7.78618366512794
a0QPm00000W5TlNMAV,School301,Course25,Spring 2026,Spring,Low,Active,13,12.968532776700314
a0QPm00000ZLmohMAD,School138,Course35,Spring 2026,Spring,High,Admissions Drop,0,5.298060035211661
a0QPm00000ZMGhtMAH,School138,Course23,Spring 2026,Spring,High,Admissions Drop,0,5.289440517755586
a0QPm00000ZRsD5MAL,School49,Course35,Spring 2026,Spring,Medium,Admissions Drop,0,7.78618366512794
a0QPm00000ZLp3QMAT,School189,Course25,Spring 2026,Spring,Low,Active,21,21.083714585937614
a0QPm00000VjjFIMAZ,School416,Course25,Spring 2026,Spring,Low,Admissions Drop,0,11.551028341250516
a0QPm00000VmqTtMAJ,School422,Course51,Spring 2026,Spring,Low,Active,20,20.523598191476875
a0QPm00000VPlUvMAL,School491,Course35,Spring 2026,Spring,Medium,Active,26,20.21845583936639
a0QPm00000W4Jo1MAF,School554,Course13,Spring 2026,Spring,Medium,Active,15,18.564200287482105
a0QPm00000Wpk82MAB,School596,Course25,Spring 2026,Spring,Low,Active,20,19.541463983965865
a0QPm00000Wpt1dMAB,School596,Course82,Spring 2026,Spring,Low,Admissions Drop,0,2.7199515634944125
a0QPm00000Z5vhTMAR,School310,Course13,Spring 2026,Spring,Medium,Admissions Drop,0,15.873444933289907
a0QPm00000ZK4pjMAD,School310,Course59,Spring 2026,Spring,Medium,Active,14,15.94017518698324
a0QPm00000ZkCtFMAV,School98,Course51,Spring 2026,Spring,Low,Admissions Drop,0,15.16434686488832
a0QPm00000ZlxtKMAR,School119,Course35,Spring 2026,Spring,Low,Active,11,11.326341692124778
a0QPm00000ZQfPxMAL,School310,Course29,Spring 2026,Spring,Medium,Active,10,12.591798123161842
a0QPm00000WBtJhMAL,School21,Course25,Spring 2026,Spring,Medium,Active,25,22.04790478252366
a0QPm00000YdL94MAF,School538,Course35,Spring 2026,Spring,Low,Active,11,25.19628711950269
a0QPm00000YdLYsMAN,School538,Course82,Spring 2026,Spring,Low,Active,16,16.424686024069505
a0QPm00000YiWF7MAN,School251,Course3,Spring 2026,Spring,Medium,Admissions Drop,0,4.260542382654398
a0QPm00000YUvWjMAL,School345,Course40,Spring 2026,Spring,Low,Admissions Drop,0,2.6502613827564443
a0QPm00000ZqUFaMAN,School538,Course21,Spring 2026,Spring,Low,Admissions Drop,0,2.869534772139715
a0QPm00000Zt2TFMAZ,School184,Course51,Spring 2026,Spring,Low,Active,28,28.28842465857261
a0QPm00000ZtZNaMAN,School611,Course23,Spring 2026,Spring,Low,Active,11,12.31186899019162
a0QPm00000a3SO2MAM,School261,Course23,Spring 2026,Spring,Medium,Active,15,16.571231750355544
a0QPm00000a4lurMAA,School414,Course35,Spring 2026,Spring,High,Admissions Drop,0,10.415992266213173
a0QPm00000XpCAcMAN,School101,Course51,Spring 2026,Spring,Low,Active,17,19.533367475939777
a0QPm00000YhIm5MAF,School637,Course40,Spring 2026,Spring,High,Active,15,16.860348261062438
a0QPm00000WxbE1MAJ,School175,Course82,Spring 2026,Spring,Low,Active,17,18.256780033877117
a0QPm00000aQW9EMAW,School254,Course35,Spring 2026,Spring,Medium,Admissions Drop,9,15.01117783837234
a0QPm00000V34jaMAB,School649,Course51,Spring 2026,Spring,Low,Admissions Drop,0,4.020594760182624
a0QPm00000V71QYMAZ,School415,Course51,Spring 2026,Spring,Low,Active,20,20.01896212567091
a0QPm00000YhoKXMAZ,School602,Course59,Spring 2026,Spring,Low,Active,17,12.481467363255957
a0QPm00000UYectMAD,School262,Course51,Spring 2026,Spring,High,Admissions Drop,0,5.276365914643122
a0QPm00000aWRbSMAW,School271,Course48,Spring 2026,Spring,Low,Active,12,12.651040055869334
a0QPm00000aHAKoMAO,School653,Course59,Spring 2026,Spring,Low,Active,15,14.98041412512501
a0QPm00000V2l7SMAR,School93,Course59,Spring 2026,Spring,Low,Active,16,16.74494381231154
a0QPm00000Z5pAcMAJ,School572,Course59,Spring 2026,Spring,High,Admissions Drop,0,5.316845451775222
a0QPm00000Z5xPtMAJ,School572,Course35,Spring 2026,Spring,High,Admissions Drop,0,5.298060035211661
a0QPm00000VVBF3MAP,School208,Course79,Spring 2026,Spring,High,Admissions Drop,0,4.064998376498606
a0QPm00000avIgFMAU,School451,Course25,Spring 2026,Spring,Medium,Active,12,15.565904916081532
a0QPm00000awAwjMAE,School451,Course21,Spring 2026,Spring,Medium,Active,13,14.375816688842889
a0QPm00000awCNRMA2,School451,Course45,Spring 2026,Spring,Medium,Active,10,15.154484912337395
a0QPm00000acjiXMAQ,School495,Course3,Spring 2026,Spring,Medium,Active,26,25.91995896085982
a0QPm00000b9lK9MAI,School63,Course51,Spring 2026,Spring,Low,Active,9,11.757159789488593
a0QPm00000bLrerMAC,School496,Course51,Spring 2026,Spring,Low,Active,16,16.344316184776954
a0QPm00000bFYthMAG,School446,Course48,Spring 2026,Spring,Low,Active,10,9.834702556290178
a0QPm00000UTOthMAH,School293,Course79,Spring 2026,Spring,Low,Admissions Drop,0,3.1478933279070205
a0QPm00000Z8wYvMAJ,School232,Course35,Spring 2026,Spring,Medium,Admissions Drop,0,2.69424912912823
a0QPm00000aiqMLMAY,School576,Course13,Spring 2026,Spring,Medium,Admissions Drop,0,3.9132100662549707
a0QPm00000bicKPMAY,School174,Course82,Spring 2026,Spring,Low,Active,10,10.014453853641058
a0QPm00000bj0PyMAI,School392,Course48,Spring 2026,Spring,Medium,Admissions Drop,0,3.5741581858979146
a0QPm00000bba0pMAA,School322,Course48,Spring 2026,Spring,Low,Active,13,13.65435849331792
a0QPm00000bc5HWMAY,School322,Course59,Spring 2026,Spring,Low,Active,16,16.20233491678238
a0QPm00000bcCPSMA2,School322,Course51,Spring 2026,Spring,Low,Active,24,22.92447917101176
a0QPm00000brnQJMAY,School56,Course48,Spring 2026,Spring,Medium,Admissions Drop,0,3.789250756553491
a0QPm00000brPRFMA2,School56,Course51,Spring 2026,Spring,Medium,Admissions Drop,0,13.059371434247332
a0QPm00000brx6HMAQ,School56,Course9,Spring 2026,Spring,Medium,Active,19,19.85803497707325
a0QPm00000bvuo9MAA,School481,Course23,Spring 2026,Spring,Medium,Active,19,17.75900083952505
a0QPm00000YnXH1MAN,School70,Course45,Spring 2026,Spring,Medium,Active,22,21.857321112603824
a0QPm00000bNGl8MAG,School505,Course59,Spring 2026,Spring,Low,Active,22,20.823263694140945
a0QPm00000byz1jMAA,School534,Course42,Spring 2026,Spring,Low,Active,14,22.51268592193845
a0QPm00000bhlw1MAA,School73,Course9,Spring 2026,Spring,High,Admissions Drop,0,2.459830714306071
a0QPm00000aw9arMAA,School287,Course51,Spring 2026,Spring,High,Admissions Drop,0,3.9907061081696575
a0QPm00000b696YMAQ,School53,Course42,Spring 2026,Spring,High,Active,25,24.106025240713663
a0QPm00000Z62W1MAJ,School53,Course11,Spring 2026,Spring,High,Active,19,19.079555738672152
a0QPm00000cUGmEMAW,School630,Course82,Spring 2026,Spring,Low,Active,11,10.629567748375717
a0QPm00000UTMa9MAH,School240,Course82,Spring 2026,Spring,Low,Active,19,19.45013170509498
a0QPm00000Z8rqzMAB,School581,Course40,Spring 2026,Spring,High,Admissions Drop,0,5.293461154787623
a0QPm00000aTmkVMAS,School279,Course79,Spring 2026,Spring,Medium,Admissions Drop,0,1.7230448656646948
a0QPm00000dfN8gMAE,School460,Course42,Spring 2026,Spring,Low,Active,2,3.4893272367724126
a0QPm00000dfNtRMAU,School460,Course79,Spring 2026,Spring,Low,Active,3,7.415855912482755
a0QPm00000dFReDMAW,School350,Course21,Spring 2026,Spring,High,Admissions Drop,0,5.305382811103548
a0QPm00000bxoTaMAI,School218,Course21,Spring 2026,Spring,High,Admissions Drop,0,2.5177122907367235
a0QPm00000d9LmkMAE,School498,Course13,Spring 2026,Spring,Low,Active,11,10.674895399145763
a0QPm00000b0EldMAE,School345,Course4,Spring 2026,Spring,Low,Admissions Drop,0,2.7635373767815317
a0QPm00000eDL4TMAW,School536,Course32,Spring 2026,Spring,Low,Active,20,18.765415268091214
a0QPm00000eLLiLMAW,School536,Course51,Spring 2026,Spring,Low,Active,19,19.218068087200656
a0QPm00000deoSfMAI,School409,Course42,Spring 2026,Spring,High,Admissions Drop,0,3.9525808511034297
a0QPm00000acRTuMAM,School198,Course48,Spring 2026,Spring,Low,Active,25,25.230037388408203
a0QPm00000UZXZJMA5,School389,Course48,Spring 2026,Spring,Low,Active,14,15.456560974764486
a0QPm00000eLqcTMAS,School286,Course11,Spring 2026,Spring,High,Admissions Drop,0,6.4039921643543245
a0QPm00000eLqm9MAC,School286,Course35,Spring 2026,Spring,High,Admissions Drop,0,7.538257694224189
a0QPm00000gLeIPMA0,School360,Course57,Spring 2026,Spring,Medium,Active,12,14.678883525349635
a0QPm00000XbiTiMAJ,School12,Course40,Spring 2026,Spring,Low,Active,20,19.15651377720681
a0QPm00000bxTQVMA2,School150,Course13,Spring 2026,Spring,Medium,Active,9,10.397715139818988
a0QPm00000hcOjkMAE,School636,Course51,Spring 2026,Spring,Low,Admissions Drop,0,2.935626995084648
a0QPm00000hO6xyMAC,School612,Course57,Spring 2026,Spring,Low,Active,13,13.114471962422606
a0QPm00000hOKfyMAG,School612,Course9,Spring 2026,Spring,Low,Active,14,14.021058487449984
a0QPm00000gh9fmMAA,School517,Course9,Spring 2026,Spring,High,Admissions Drop,0,5.301850143827579
a0QPm00000hkEtfMAE,School107,Course13,Spring 2026,Spring,Medium,Active,21,21.86215801851924
a0QPm00000hkF89MAE,School107,Course21,Spring 2026,Spring,Medium,Admissions Drop,0,4.1516840562245365
a0QPm00000hklfuMAA,School107,Course35,Spring 2026,Spring,Medium,Admissions Drop,0,4.14436128033265
a0QPm00000h3pJlMAI,School622,Course16,Spring 2026,Spring,Medium,Admissions Drop,0,3.906314455759472
a0QPm00000hek3NMAQ,School622,Course13,Spring 2026,Spring,Medium,Admissions Drop,0,3.8187669925704517
a0QPm00000hn5DuMAI,School622,Course9,Spring 2026,Spring,Medium,Active,10,12.330378878942982
a0QPm00000hnEXJMA2,School622,Course51,Spring 2026,Spring,Medium,Active,20,20.759493829245372
a0QPm00000i4OvFMAU,School302,Course35,Spring 2026,Spring,Low,Active,23,23.188275218511077
a0QPm00000UgeZFMAZ,School378,Course13,Spring 2026,Spring,Low,Admissions Drop,0,3.165017410871142
a0QPm00000iMdfhMAC,School437,Course41,Spring 2026,Spring,High,Admissions Drop,0,2.827396020281644
a0QPm00000iMIhlMAG,School437,Course45,Spring 2026,Spring,High,Active,4,6.194636860847005
a0QPm00000kCY1pMAG,School293,Course11,Spring 2026,Spring,Low,Active,14,8.999679796252138
a0QPm00000V6uleMAB,School120,Course42,Spring 2026,Spring,High,Admissions Drop,0,2.466028983433471
a0QPm00000V73NVMAZ,School120,Course79,Spring 2026,Spring,High,Admissions Drop,0,2.585613035861734
a0QPm00000m0lxlMAA,School107,Course70,Spring 2026,Spring,Medium,Admissions Drop,0,4.364731067329116
a0QPm00000nrtwbMAA,School147,Course57,Spring 2026,Spring,Low,Active,18,17.847224339766843
a0QPm00000nsN1pMAE,School5,Course30,Spring 2026,Spring,Medium,Active,18,18.95480438962127
a0QPm00000nsZB5MAM,School88,Course57,Spring 2026,Spring,Low,Active,20,19.05553989166357
a0QPm00000oxNOnMAM,School25,Course8,Spring 2026,Spring,High,Admissions Drop,0,5.300455193159633
a0QPm00000mzwgAMAQ,School133,Course65,Spring 2026,Spring,Low,Active,18,20.785581867728492
a0QPm00000mzx9CMAQ,School133,Course65,Spring 2026,Spring,Low,Active,22,20.785581867728492
a0QPm00000n04c5MAA,School133,Course45,Spring 2026,Spring,Low,Active,20,21.80099533578257
a0QPm00000n04CHMAY,School133,Course45,Spring 2026,Spring,Low,Active,14,21.80099533578257
a0QPm00000n04k9MAA,School133,Course45,Spring 2026,Spring,Low,Active,30,21.80099533578257
a0QPm00000n05TJMAY,School133,Course13,Spring 2026,Spring,Low,Active,17,17.900354108289175
a0QPm00000n06KXMAY,School133,Course65,Spring 2026,Spring,Low,Active,18,20.785581867728492
a0QPm00000qAhnJMAS,School60,Course57,Spring 2026,Spring,Low,Active,18,18.59139513843711
a0QPm00000o1rYYMAY,School256,Course35,Spring 2026,Spring,High,Admissions Drop,0,5.298060035211661
a0QPm00000o2FRBMA2,School256,Course8,Spring 2026,Spring,High,Admissions Drop,0,5.300455193159633
a0QPm00000qaBS1MAM,School517,Course57,Spring 2026,Spring,High,Admissions Drop,0,5.241251312862883
a0QPm00000qrBFWMA2,School402,Course51,Spring 2026,Spring,High,Admissions Drop,0,5.271088153503132
a0QPm00000qrNrlMAE,School402,Course8,Spring 2026,Spring,High,Admissions Drop,0,5.300455193159633
a0QPm00000r8QN0MAM,School564,Course23,Spring 2026,Spring,Medium,Active,23,23.567906277725832
a0QPm00000cmhXpMAI,School425,Course51,Spring 2026,Spring,Low,Active,21,21.08205411186526
a0QPm00000pxJKbMAM,School131,Course8,Spring 2026,Spring,Low,Admissions Drop,0,11.733303296224216
a0QPm00000rFI9PMAW,School132,Course8,Spring 2026,Spring,Low,Active,22,21.868537523692336
a0QPm00000rFTmMMAW,School133,Course8,Spring 2026,Spring,Low,Active,14,15.09548563590536
a0QPm00000r4wA9MAI,School582,Course25,Spring 2026,Spring,Low,Active,14,17.444194214329567
a0QPm00000rV6qdMAC,School60,Course35,Spring 2026,Spring,Low,Admissions Drop,0,3.4204253676575718
a0QPm00000rVgcNMAS,School60,Course9,Spring 2026,Spring,Low,Active,20,20.343969357527175
a0QPm00000raIG1MAM,School60,Course79,Spring 2026,Spring,Low,Admissions Drop,0,3.4842708199649595
a0QPm00000rYzsAMAS,School60,Course8,Spring 2026,Spring,Low,Active,25,24.57251287717265
a0QPm00000rnVH3MAM,School374,Course45,Spring 2026,Spring,Low,Active,22,20.95118796575903
a0QPm00000s5IRpMAM,School60,Course42,Spring 2026,Spring,Low,Active,23,22.822403730978433
a0QPm00000sDCnRMAW,School37,Course19,Spring 2026,Spring,Low,Active,25,24.321420692582368
a0QPm00000sXHkXMAW,School531,Course11,Spring 2026,Spring,Low,Active,11,11.537295316689857
a0QPm00000sodv7MAA,School374,Course53,Spring 2026,Spring,Low,Active,9,10.794811266123789
a0QPm00000sp1KlMAI,School540,Course53,Spring 2026,Spring,Low,Active,25,24.714302926945596
a0QPm00000s4w9bMAA,School591,Course51,Spring 2026,Spring,Medium,Active,7,10.53170014744971
a0QPm00000s8Jw5MAE,School590,Course8,Spring 2026,Spring,Low,Active,13,13.4647606229017
a0QPm00000sDxuSMAS,School628,Course57,Spring 2026,Spring,Low,Active,18,18.58029841653669
a0QPm00000sJfl7MAC,School590,Course32,Spring 2026,Spring,Low,Active,11,11.713759223041729
a0QPm00000smuyUMAQ,School260,Course42,Spring 2026,Spring,Low,Active,26,25.264251027571632
a0QPm00000suoW5MAI,School620,Course51,Spring 2026,Spring,Low,Active,9,10.006155796928752
a0QPm00000syPPRMA2,School107,Course41,Spring 2026,Spring,Medium,Active,23,24.40477917884615
a0QPm00000tI8PHMA0,School100,Course35,Spring 2026,Spring,Low,Admissions Drop,0,3.820796937430895
a0QPm00000tkjbxMAA,School56,Course53,Spring 2026,Spring,Medium,Active,17,18.097748414772646
a0QPm00000u4et7MAA,School127,Course19,Spring 2026,Spring,Low,Active,27,25.566628926150532
a0QPm00000u67EgMAI,School134,Course51,Spring 2026,Spring,Low,Active,19,20.672698197713462
a0QPm00000rpD4sMAE,School255,Course53,Spring 2026,Spring,Medium,Active,22,22.13729668623353
a0QPm00000udRo5MAE,School523,Course9,Spring 2026,Spring,Low,Active,15,15.669052382681329
a0QPm00000usWNeMAM,School36,Course51,Spring 2026,Spring,Low,Active,20,20.185288223406285
a0QPm00000pwbbNMAQ,School131,Course82,Spring 2026,Spring,Low,Admissions Drop,0,3.8616939165099238
a0QPm00000uy6IQMAY,School398,Course51,Spring 2026,Spring,Low,Active,13,12.996352863752703
a0QPm00000rpD4vMAE,School14,Course53,Spring 2026,Spring,Low,Admissions Drop,0,17.897766270796716
a0QPm00000v4zAYMAY,School14,Course51,Spring 2026,Spring,Low,Active,20,19.345294944751974
a0QPm00000vHtiQMAS,School133,Course35,Spring 2026,Spring,Low,Admissions Drop,0,3.2492627610798097
a0QPm00000vIsKWMA0,School211,Course51,Spring 2026,Spring,High,Active,23,22.585223516294892
a0QPm00000usYqrMAE,School36,Course11,Spring 2026,Spring,Low,Active,21,21.051965861391217
a0QPm00000V1VhRMAV,School36,Course32,Spring 2026,Spring,Low,Admissions Drop,0,13.9517194948685
a0QPm00000tUejWMAS,School225,Course19,Spring 2026,Spring,Low,Active,23,18.193878124177814
a0QPm00000u6zBsMAI,School225,Course19,Spring 2026,Spring,Low,Active,13,18.193878124177814
a0QPm00000u74HyMAI,School225,Course19,Spring 2026,Spring,Low,Active,22,18.193878124177814
a0QPm00000rpD4uMAE,School75,Course53,Spring 2026,Spring,High,Active,16,9.292274493327533
a0QPm00000rpD4wMAE,School466,Course53,Spring 2026,Spring,Medium,Admissions Drop,0,3.388374178113236
a0QPm00000tkUBVMA2,School180,Course19,Spring 2026,Spring,Low,Active,20,20.00089305308203
a0QPm00000vnhivMAA,School507,Course3,Spring 2026,Spring,Low,Active,9,9.729281778292354
a0QPm00000volsZMAQ,School320,Course9,Spring 2026,Spring,Low,Active,19,19.21186567607359
a0QPm00000tmdnNMAQ,School488,Course42,Spring 2026,Spring,Low,Active,23,23.1325366183902
a0QPm00000vzp00MAA,School5,Course51,Spring 2026,Spring,Medium,Active,25,22.147312312078512
a0QPm00000vnqJEMAY,School315,Course9,Spring 2026,Spring,Low,Active,23,23.192065327126997
a0QPm00000w5NU4MAM,School606,Course13,Spring 2026,Spring,Medium,Active,17,21.45681040452315
a0QPm00000w7BYQMA2,School514,Course53,Spring 2026,Spring,Low,Active,18,17.203298676812846
a0QPm00000qK4j3MAC,School323,Course23,Spring 2026,Spring,High,Admissions Drop,0,5.289440517755586
a0QPm00000xhxPTMAY,School371,Course80,Spring 2026,Spring,High,Active,25,26.432291743074533
a0QPm00000xiMu5MAE,School371,Course51,Spring 2026,Spring,High,Admissions Drop,0,5.258643069593271
a0QPm00000wLlovMAC,School102,Course35,Spring 2026,Spring,High,Active,6,5.865768320976828
a0QPm00000xwDHRMA2,School557,Course82,Spring 2026,Spring,Medium,Active,17,17.602122952412884
a0QPm00000y8GWUMA2,School656,Course11,Spring 2026,Spring,Low,Active,6,7.029642082221981
a0QPm00000y7puUMAQ,School150,Course42,Spring 2026,Spring,Medium,Admissions Drop,0,2.776032130263728
a0QPm00000yCVS6MAO,School575,Course60,Spring 2026,Spring,Medium,Active,16,16.10223254654961
a0QPm000009epY7MAI,School127,Course3,Spring 2025,Spring,Low,Admissions Drop,0,2.879578056136597
a0QPm000009erJlMAI,School127,Course4,Spring 2025,Spring,Low,Archived,17,17.353326122638837
a0QPm000009erRpMAI,School127,Course25,Spring 2025,Spring,Low,Archived,13,18.86505385919966
a0QPm000009erTRMAY,School127,Course11,Spring 2025,Spring,Low,Archived,16,16.392379377188814
a0QPm000009erWfMAI,School127,Course45,Spring 2025,Spring,Low,Archived,21,20.568603090612232
a0QPm000009kokaMAA,School66,Course45,Spring 2025,Spring,Low,Admissions Drop,0,8.679530910818075
a0QPm000009kwa5MAA,School417,Course59,Spring 2025,Spring,Low,Archived,20,20.274769934525665
a0QPm000009kyFJMAY,School299,Course45,Spring 2025,Spring,Low,Archived,23,21.714889390569567
a0QPm000009l8crMAA,School429,Course42,Spring 2025,Spring,Medium,Archived,17,17.94576238112118
a0QPm000009l8WPMAY,School429,Course79,Spring 2025,Spring,Medium,Archived,17,16.796364892455422
a0QPm000009lQukMAE,School423,Course40,Spring 2025,Spring,Low,Archived,17,16.937873885763125
a0QPm000009ntFuMAI,School553,Course47,Spring 2025,Spring,Low,Archived,24,23.812245999427926
a0QPm000009oi3uMAA,School223,Course35,Spring 2025,Spring,Low,Archived,22,21.64148864549113
a0QPm000009opQLMAY,School223,Course45,Spring 2025,Spring,Low,Archived,23,22.427479644877526
a0QPm000009p1xmMAA,School549,Course79,Spring 2025,Spring,Low,Archived,8,9.119826452293458
a0QPm000009pHmQMAU,School57,Course13,Spring 2025,Spring,Low,Archived,31,27.911805597012815
a0QPm000009pMPWMA2,School264,Course82,Spring 2025,Spring,Low,Archived,10,10.173051938370808
a0QPm000009rejhMAA,School515,Course62,Spring 2025,Spring,Medium,Admissions Drop,0,7.925856429230613
a0QPm000009reOjMAI,School515,Course50,Spring 2025,Spring,Medium,Admissions Drop,0,4.122181956876062
a0QPm000009rp43MAA,School202,Course4,Spring 2025,Spring,Low,Archived,25,24.37149395443146
a0QPm000009rpIXMAY,School590,Course73,Spring 2025,Spring,Low,Archived,18,11.82617601054742
a0QPm000009rpQbMAI,School590,Course48,Spring 2025,Spring,Low,Archived,19,18.54706370461699
a0QPm000009rr5rMAA,School556,Course45,Spring 2025,Spring,Low,Archived,12,10.031794861761103
a0QPm000009rtnaMAA,School556,Course62,Spring 2025,Spring,Low,Archived,22,22.786641375803327
a0QPm000009rUu4MAE,School515,Course35,Spring 2025,Spring,Medium,Admissions Drop,0,4.113877397522864
a0QPm000009rvuDMAQ,School202,Course40,Spring 2025,Spring,Low,Archived,24,23.41223026634369
a0QPm000009rvz3MAA,School202,Course79,Spring 2025,Spring,Low,Archived,15,15.86678535251096
a0QPm000009rY6RMAU,School291,Course41,Spring 2025,Spring,Low,Archived,7,7.420566669103817
a0QPm000009sf7RMAQ,School255,Course65,Spring 2025,Spring,Medium,Admissions Drop,0,3.572162937261785
a0QPm000009sgebMAA,School249,Course62,Spring 2025,Spring,Medium,Archived,25,27.33024234791418
a0QPm000009sghpMAA,School249,Course50,Spring 2025,Spring,Medium,Archived,30,29.87147558102976
a0QPm000009sUITMA2,School314,Course45,Spring 2025,Spring,Low,Archived,28,25.59272397229456
a0QPm000009xlwzMAA,School614,Course50,Spring 2025,Spring,Medium,Admissions Drop,0,3.2809697460306184
a0QPm000009xmWTMAY,School348,Course45,Spring 2025,Spring,High,Admissions Drop,0,3.3895729400241628
a0QPm000009xoq1MAA,School17,Course23,Spring 2025,Spring,Low,Admissions Drop,0,2.153569103233588
a0QPm000009xp2wMAA,School395,Course62,Spring 2025,Spring,Low,Archived,17,18.496814987604846
a0QPm000009yJSSMA2,School271,Course45,Spring 2025,Spring,Low,Admissions Drop,0,7.929338968561124
a0QPm000009yOQWMA2,School271,Course25,Spring 2025,Spring,Low,Archived,12,12.570697442618684
a0QPm000009yReVMAU,School554,Course13,Spring 2025,Spring,Medium,Archived,30,18.564200287482105
a0QPm000009yxBKMAY,School542,Course73,Spring 2025,Spring,Low,Archived,25,17.62101281024886
a0QPm000009yxulMAA,School651,Course65,Spring 2025,Spring,High,Admissions Drop,0,1.1091945762487276
a0QPm000009yyk5MAA,School203,Course25,Spring 2025,Spring,Medium,Admissions Drop,0,2.227821911461779
a0QPm00000A0H7xMAF,School18,Course47,Spring 2025,Spring,Low,Archived,20,19.54540134842787
a0QPm000009krH4MAI,School558,Course25,Spring 2025,Spring,Low,Archived,25,24.35987595008946
a0QPm000009kvvlMAA,School465,Course25,Spring 2025,Spring,Low,Archived,22,19.44692171394964
a0QPm000009l9nTMAQ,School447,Course40,Spring 2025,Spring,Low,Archived,23,22.409275771369597
a0QPm000009lBndMAE,School652,Course35,Spring 2025,Spring,Low,Archived,24,24.050300221869154
a0QPm000009lcB7MAI,School426,Course79,Spring 2025,Spring,Low,Archived,12,12.048850377264724
a0QPm000009lE7CMAU,School449,Course25,Spring 2025,Spring,Low,Admissions Drop,0,10.609420471425036
a0QPm000009lG2XMAU,School447,Course23,Spring 2025,Spring,Low,Archived,13,13.945378193710722
a0QPm000009npqbMAA,School216,Course79,Spring 2025,Spring,Low,Admissions Drop,0,2.932402107399647
a0QPm000009o1mxMAA,School81,Course45,Spring 2025,Spring,Low,Archived,20,19.736385072256788
a0QPm000009paHEMAY,School510,Course79,Spring 2025,Spring,Low,Archived,13,14.546493438955736
a0QPm000009pJmbMAE,School4,Course16,Spring 2025,Spring,Low,Admissions Drop,0,3.1999664366581557
a0QPm000009pJufMAE,School4,Course23,Spring 2025,Spring,Low,Archived,18,18.37952278627115
a0QPm000009ppOHMAY,School510,Course25,Spring 2025,Spring,Low,Archived,21,27.52388670665646
a0QPm000009rfhNMAQ,School28,Course79,Spring 2025,Spring,Low,Archived,7,8.763556608263883
a0QPm000009rfKnMAI,School28,Course42,Spring 2025,Spring,Low,Archived,24,18.795824884587827
a0QPm000009rfnpMAA,School28,Course47,Spring 2025,Spring,Low,Archived,12,12.892623840666564
a0QPm000009rTYAMA2,School351,Course25,Spring 2025,Spring,Low,Archived,28,26.85561807923171
a0QPm000009rubZMAQ,School177,Course35,Spring 2025,Spring,High,Admissions Drop,0,5.60828215391326
a0QPm000009ruTVMAY,School177,Course62,Spring 2025,Spring,High,Admissions Drop,0,8.235878413933255
a0QPm000009rUVqMAM,School351,Course41,Spring 2025,Spring,Low,Archived,17,19.753434151104532
a0QPm000009rYG5MAM,School351,Course41,Spring 2025,Spring,Low,Admissions Drop,0,19.753434151104532
a0QPm000009rYO9MAM,School351,Course25,Spring 2025,Spring,Low,Archived,16,26.85561807923171
a0QPm000009xidMMAQ,School514,Course11,Spring 2025,Spring,Low,Archived,20,22.548960892477652
a0QPm000009xjdTMAQ,School176,Course51,Spring 2025,Spring,Low,Admissions Drop,0,4.436240384149289
a0QPm000009xkBKMAY,School514,Course21,Spring 2025,Spring,Low,Archived,25,13.89119174201331
a0QPm000009xmeYMAQ,School514,Course16,Spring 2025,Spring,Low,Admissions Drop,0,8.001557733741883
a0QPm000009xmoEMAQ,School387,Course44,Spring 2025,Spring,Low,Archived,15,16.020927405072207
a0QPm000009xqYTMAY,School387,Course13,Spring 2025,Spring,Low,Admissions Drop,0,12.84186099044238
a0QPm000009ySyjMAE,School569,Course21,Spring 2025,Spring,Low,Dropped,16,16.676152466003316
a0QPm000009yT1xMAE,School569,Course47,Spring 2025,Spring,Low,Archived,6,16.63180390450808
a0QPm000009yU65MAE,School268,Course40,Spring 2025,Spring,Low,Archived,21,21.120425194373354
a0QPm000009yUHNMA2,School167,Course23,Spring 2025,Spring,Low,Archived,23,22.58829997969571
a0QPm000009yUIzMAM,School167,Course65,Spring 2025,Spring,Low,Archived,15,20.041030869811713
a0QPm000009z2kTMAQ,School9,Course21,Spring 2025,Spring,Medium,Archived,21,23.552778126775834
a0QPm000009z2m5MAA,School9,Course11,Spring 2025,Spring,Medium,Archived,21,21.42420417794095
a0QPm000009z2VxMAI,School9,Course50,Spring 2025,Spring,Medium,Admissions Drop,0,3.6730490997640697
a0QPm000009z3gYMAQ,School98,Course4,Spring 2025,Spring,Low,Admissions Drop,0,3.1177730656952467
a0QPm000009zAmrMAE,School98,Course51,Spring 2025,Spring,Low,Archived,15,15.16434686488832
a0QPm000009kjcuMAA,School425,Course25,Spring 2025,Spring,Low,Archived,20,19.90947186352672
a0QPm000009l66RMAQ,School530,Course45,Spring 2025,Spring,Low,Archived,22,16.08943912175586
a0QPm000009l8MlMAI,School633,Course4,Spring 2025,Spring,Low,Archived,19,16.85776628408644
a0QPm000009lD6HMAU,School123,Course73,Spring 2025,Spring,Low,Archived,26,14.35876658252802
a0QPm000009lGaPMAU,School27,Course11,Spring 2025,Spring,High,Admissions Drop,0,5.363631330788797
a0QPm000009lLdJMAU,School530,Course62,Spring 2025,Spring,Low,Dropped,6,13.052515346627981
a0QPm000009lMZNMA2,School564,Course25,Spring 2025,Spring,Medium,Archived,24,24.350942951281095
a0QPm000009lQmfMAE,School422,Course32,Spring 2025,Spring,Low,Archived,22,22.185914607524143
a0QPm000009ok5hMAA,School261,Course13,Spring 2025,Spring,Medium,Archived,2,3.842091019741586
a0QPm000009rgdRMAQ,School6,Course42,Spring 2025,Spring,Low,Archived,24,23.561264903635475
a0QPm000009rTwMMAU,School6,Course13,Spring 2025,Spring,Low,Archived,25,21.877083278501207
a0QPm000009ru25MAA,School120,Course51,Spring 2025,Spring,High,Archived,8,13.492635724660712
a0QPm000009rx9dMAA,School261,Course4,Spring 2025,Spring,Medium,Archived,18,10.766614522973882
a0QPm000009rXS6MAM,School6,Course45,Spring 2025,Spring,Low,Archived,27,26.09496989126811
a0QPm000009saCcMAI,School42,Course23,Spring 2025,Spring,High,Admissions Drop,0,2.727578684921815
a0QPm000009scG2MAI,School496,Course21,Spring 2025,Spring,Low,Archived,19,18.916573924565423
a0QPm000009scuMMAQ,School42,Course50,Spring 2025,Spring,High,Admissions Drop,0,2.744502761731088
a0QPm000009sXQ2MAM,School496,Course45,Spring 2025,Spring,Low,Archived,19,13.77332828962114
a0QPm000009sZwUMAU,School42,Course40,Spring 2025,Spring,High,Admissions Drop,0,2.7315993219538526
a0QPm000009xi1SMAQ,School443,Course51,Spring 2025,Spring,Low,Archived,13,19.43113230994942
a0QPm000009xlx1MAA,School145,Course40,Spring 2025,Spring,Medium,Archived,14,14.707300300409615
a0QPm000009xmrRMAQ,School443,Course35,Spring 2025,Spring,Low,Archived,9,16.8395708528925
a0QPm000009xmUsMAI,School555,Course42,Spring 2025,Spring,Low,Archived,17,17.477388090362805
a0QPm000009xntxMAA,School319,Course62,Spring 2025,Spring,Low,Archived,10,10.489436827100326
a0QPm000009xpCbMAI,School573,Course62,Spring 2025,Spring,Low,Archived,22,18.006918463622473
a0QPm000009xpULMAY,School242,Course65,Spring 2025,Spring,Low,Admissions Drop,0,2.620804540187413
a0QPm000009yRY2MAM,School596,Course35,Spring 2025,Spring,Low,Archived,12,12.845132969427894
a0QPm000009yzoEMAQ,School628,Course23,Spring 2025,Spring,Low,Archived,18,18.628487621429393
a0QPm000009z6krMAA,School628,Course35,Spring 2025,Spring,Low,Archived,17,21.17507022107352
a0QPm000009z6w9MAA,School628,Course47,Spring 2025,Spring,Low,Archived,21,21.138044435470167
a0QPm000009z8MvMAI,School71,Course35,Spring 2025,Spring,Low,Admissions Drop,0,10.380795459989667
a0QPm00000A4cTzMAJ,School520,Course41,Spring 2025,Spring,Low,Archived,19,18.39527688020685
a0QPm00000A4PIGMA3,School154,Course13,Spring 2025,Spring,Low,Admissions Drop,0,12.570353771691572
a0QPm000009h09FMAQ,School371,Course62,Spring 2025,Spring,High,Archived,22,23.90237862910652
a0QPm000009h0KXMAY,School371,Course47,Spring 2025,Spring,High,Admissions Drop,0,5.248589165698448
a0QPm000009lML1MAM,School304,Course32,Spring 2025,Spring,Low,Archived,20,19.968094174201788
a0QPm000009lOcnMAE,School304,Course45,Spring 2025,Spring,Low,Archived,11,16.580777557061392
a0QPm000009pJjOMAU,School265,Course82,Spring 2025,Spring,Low,Archived,9,9.115140997149155
a0QPm00000WI4qkMAD,School504,Course45,Spring 2026,Spring,Medium,Admissions Drop,0,2.9971758723694624
a0QPm000009rbx7MAA,School343,Course41,Spring 2025,Spring,Low,Archived,16,19.986106726326774
a0QPm000009rh6UMAQ,School460,Course35,Spring 2025,Spring,Low,Archived,21,16.51687714585444
a0QPm000009rnztMAA,School460,Course79,Spring 2025,Spring,Low,Archived,10,7.415855912482755
a0QPm000009ropVMAQ,School134,Course73,Spring 2025,Spring,Low,Archived,16,17.371505236890318
a0QPm000009rwBxMAI,School577,Course25,Spring 2025,Spring,Low,Archived,20,20.23416400717241
a0QPm000009rwgbMAA,School577,Course45,Spring 2025,Spring,Low,Archived,21,22.78370093264767
a0QPm000009rxJJMAY,School577,Course35,Spring 2025,Spring,Low,Archived,20,11.845857604509066
a0QPm000009rY83MAE,School343,Course25,Spring 2025,Spring,Low,Archived,25,22.777781927563137
a0QPm00000WIOvtMAH,School504,Course79,Spring 2026,Spring,Medium,Admissions Drop,0,3.1210180193531407
a0QPm000009soU7MAI,School394,Course4,Spring 2025,Spring,Low,Admissions Drop,0,13.596415366191941
a0QPm000009xbcgMAA,School486,Course45,Spring 2025,Spring,Low,Archived,24,23.39110002825316
a0QPm000009xe14MAA,School486,Course23,Spring 2025,Spring,Low,Archived,18,18.36655104109727
a0QPm000009xjggMAA,School486,Course40,Spring 2025,Spring,Low,Archived,17,17.52458398406662
a0QPm000009xjlVMAQ,School486,Course79,Spring 2025,Spring,Low,Archived,19,19.28500370492342
a0QPm000009xl49MAA,School588,Course45,Spring 2025,Spring,Low,Archived,9,8.996744835976658
a0QPm000009xmcwMAA,School83,Course79,Spring 2025,Spring,Medium,Archived,12,13.355995380886297
a0QPm000009xmhmMAA,School491,Course21,Spring 2025,Spring,Medium,Archived,17,17.828813482080673
a0QPm000009xn17MAA,School491,Course27,Spring 2025,Spring,Medium,Admissions Drop,0,3.660069694119623
a0QPm000009xnSXMAY,School83,Course51,Spring 2025,Spring,Medium,Archived,17,17.495116517183796
a0QPm00000WHyjmMAD,School504,Course51,Fall 2025,Fall,Medium,Admissions Drop,0,4.0713103065501555
a0QPm00000A4gvmMAB,School266,Course41,Spring 2025,Spring,Low,Archived,28,29.141868210197114
a0QPm00000A4zK5MAJ,School268,Course73,Spring 2025,Spring,Low,Admissions Drop,0,3.4150684332000836
a0QPm00000A55MJMAZ,School432,Course51,Spring 2025,Spring,Low,Archived,24,15.002021643464735
a0QPm00000A7vVGMAZ,School421,Course47,Spring 2025,Spring,Low,Archived,13,13.163296021639747
a0QPm000009khCtMAI,School464,Course45,Spring 2025,Spring,Low,Admissions Drop,0,12.823687579018054
a0QPm000009ku5FMAQ,School550,Course11,Spring 2025,Spring,Medium,Admissions Drop,0,4.2525944627847725
a0QPm000009kuV3MAI,School643,Course48,Spring 2025,Spring,Low,Archived,9,10.32681871797532
a0QPm000009l81nMAA,School369,Course41,Spring 2025,Spring,Low,Archived,30,29.193811582459055
a0QPm000009lEYcMAM,School54,Course48,Spring 2025,Spring,Medium,Admissions Drop,0,3.9736978452219924
a0QPm000009lF3GMAU,School639,Course65,Spring 2025,Spring,Low,Archived,32,30.81167482426242
a0QPm00000WIAMhMAP,School504,Course13,Fall 2025,Fall,Medium,Admissions Drop,0,4.050337351128912
a0QPm000009lMsjMAE,School200,Course45,Spring 2025,Spring,Low,Archived,18,18.3716604961264
a0QPm000009lNiLMAU,School58,Course62,Spring 2025,Spring,Medium,Admissions Drop,0,4.157839360691977
a0QPm000009o9fdMAA,School235,Course11,Spring 2025,Spring,Low,Archived,24,23.2388302644392
a0QPm000009o9irMAA,School235,Course48,Spring 2025,Spring,Low,Archived,15,16.48598272501117
a0QPm00000jX3A7MAK,School338,Course60,Spring 2026,Spring,High,Admissions Drop,0,5.2774837977446145
a0QPm000009rf9WMAQ,School386,Course32,Spring 2025,Spring,Low,Admissions Drop,0,3.0470773597857086
a0QPm000009rh85MAA,School386,Course45,Spring 2025,Spring,Low,Archived,18,18.271490012024366
a0QPm000009roKrMAI,School194,Course25,Spring 2025,Spring,Low,Dropped,7,7.913415431246673
a0QPm000009scHeMAI,School552,Course45,Spring 2025,Spring,Medium,Archived,5,4.512548677007685
a0QPm000009sdVRMAY,School328,Course62,Spring 2025,Spring,Low,Admissions Drop,0,2.3677462170115335
a0QPm000009sSetMAE,School552,Course25,Spring 2025,Spring,Medium,Archived,7,5.346962527783165
a0QPm000009sUgkMAE,School328,Course32,Spring 2025,Spring,Low,Archived,12,14.149908671676808
a0QPm000009xltmMAA,School416,Course35,Spring 2025,Spring,Low,Archived,24,19.65948197280951
a0QPm000009xo0QMAQ,School260,Course35,Spring 2025,Spring,Low,Archived,34,22.782026545504454
a0QPm000009xqjlMAA,School342,Course25,Spring 2025,Spring,Low,Archived,27,23.396318678760903
a0QPm000009ysJhMAI,School250,Course47,Spring 2025,Spring,High,Admissions Drop,0,2.860839488895711
a0QPm000009yU2sMAE,School70,Course65,Spring 2025,Spring,Medium,Admissions Drop,0,3.2876629927490537
a0QPm000009yxhaMAA,School354,Course62,Spring 2025,Spring,Low,Admissions Drop,0,18.228356966785185
a0QPm000009z0QwMAI,School236,Course79,Spring 2025,Spring,Low,Archived,23,22.11734618205807
a0QPm000009zB6DMAU,School407,Course35,Spring 2025,Spring,Low,Admissions Drop,0,10.370500196364802
a0QPm00000AAnrNMAT,School75,Course35,Spring 2025,Spring,High,Archived,6,11.330766845033114
a0QPm000009yjNEMAY,School316,Course25,Spring 2025,Spring,Low,Archived,21,21.348651037036166
a0QPm000009raL7MAI,School352,Course41,Spring 2025,Spring,Low,Archived,19,24.311690517253037
a0QPm000009rEShMAM,School352,Course25,Spring 2025,Spring,Low,Archived,22,27.87885443804686
a0QPm000009yQaMMAU,School221,Course65,Spring 2025,Spring,Low,Archived,11,12.622619887971306
a0QPm000009yRbHMAU,School221,Course25,Spring 2025,Spring,Low,Archived,20,22.297833376880686
a0QPm000009yUSfMAM,School221,Course35,Spring 2025,Spring,Low,Admissions Drop,0,18.73165683037464
a0QPm00000A7WVFMA3,School44,Course35,Spring 2025,Spring,Medium,Archived,8,16.776188427003724
a0QPm00000AJI59MAH,School329,Course48,Spring 2025,Spring,Low,Archived,21,21.31523036818487
a0QPm00000AJqzeMAD,School130,Course41,Spring 2025,Spring,Low,Archived,23,21.97519955733186
a0QPm00000APQRNMA5,School377,Course23,Spring 2025,Spring,High,Admissions Drop,0,5.289440517755586
a0QPm00000ARIntMAH,School547,Course25,Spring 2025,Spring,High,Admissions Drop,0,5.102184841376586
a0QPm00000AM7jRMAT,School616,Course40,Spring 2025,Spring,Low,Archived,21,20.751119711699495
a0QPm00000ARwoZMAT,School74,Course45,Spring 2025,Spring,Low,Archived,26,25.5525107410796
a0QPm00000AJK5KMAX,School318,Course51,Spring 2025,Spring,Medium,Archived,24,13.4817964280144
a0QPm00000AsiG2MAJ,School106,Course32,Spring 2025,Spring,Medium,Archived,9,10.608454715305173
a0QPm00000AtBI1MAN,School415,Course65,Spring 2025,Spring,Low,Archived,19,19.182020768164744
a0QPm000009yzTGMAY,School504,Course40,Spring 2025,Spring,Medium,Archived,9,10.666462933185874
a0QPm00000AyKkUMAV,School330,Course3,Spring 2025,Spring,Low,Archived,19,22.64078941880216
a0QPm00000AvJg7MAF,School389,Course32,Spring 2025,Spring,Low,Dropped,14,15.391158045690698
a0QPm00000AvVpJMAV,School303,Course48,Spring 2025,Spring,Low,Archived,22,23.19991679342277
a0QPm00000BFKwBMAX,School376,Course21,Spring 2025,Spring,Medium,Admissions Drop,0,3.693005617419237
a0QPm00000BUKuEMAX,School619,Course51,Spring 2025,Spring,Low,Archived,25,26.292819226651932
a0QPm00000BdkcXMAR,School122,Course62,Spring 2025,Spring,Low,Archived,25,26.687824613739522
a0QPm00000BdkELMAZ,School321,Course31,Spring 2025,Spring,Low,Archived,33,20.937153448716774
a0QPm00000BN35JMAT,School109,Course31,Spring 2025,Spring,Medium,Dropped,8,15.353460103519822
a0QPm00000Bilo5MAB,School86,Course80,Spring 2025,Spring,Low,Archived,21,21.231090764546252
a0QPm00000BrEMhMAN,School414,Course35,Spring 2025,Spring,High,Archived,15,10.415992266213173
a0QPm00000BthlxMAB,School67,Course25,Spring 2025,Spring,Low,Archived,16,15.690712286287436
a0QPm00000BreAhMAJ,School480,Course31,Spring 2025,Spring,Medium,Admissions Drop,0,6.056861758319108
a0QPm000009s7iUMAQ,School141,Course65,Spring 2025,Spring,Low,Archived,20,19.453365175501073
a0QPm00000C2MqLMAV,School562,Course80,Spring 2025,Spring,Low,Admissions Drop,0,3.238814653871442
a0QPm00000Ble5JMAR,School656,Course40,Spring 2025,Spring,Low,Archived,12,12.107251303960338
a0QPm00000At7fpMAB,School36,Course32,Spring 2025,Spring,Low,Archived,22,13.9517194948685
a0QPm000009oUx0MAE,School648,Course35,Spring 2025,Spring,Low,Admissions Drop,0,3.903316022676992
a0QPm000009oWXNMA2,School648,Course51,Spring 2025,Spring,Low,Archived,13,14.874184163783358
a0QPm00000Cg3iYMAR,School481,Course62,Spring 2025,Spring,Medium,Archived,31,33.84642095259781
a0QPm00000CgDl7MAF,School481,Course3,Spring 2025,Spring,Medium,Archived,18,18.63032789720825
a0QPm00000CgDwPMAV,School481,Course41,Spring 2025,Spring,Medium,Archived,23,22.800259762366316
a0QPm00000CisHAMAZ,School591,Course23,Spring 2025,Spring,Medium,Archived,5,7.166101735451426
a0QPm00000CiwCgMAJ,School591,Course73,Spring 2025,Spring,Medium,Archived,4,4.69254410443851
a0QPm00000BdSHRMA3,School334,Course32,Spring 2025,Spring,High,Archived,11,11.7713231876017
a0QPm00000CoHI6MAN,School15,Course25,Spring 2025,Spring,Low,Archived,24,21.37830198098614
a0QPm00000CoKPdMAN,School15,Course23,Spring 2025,Spring,Low,Archived,16,16.36532683711746
a0QPm00000Cy0kcMAB,School392,Course80,Spring 2025,Spring,Medium,Archived,12,13.7142228795686
a0QPm00000CqptyMAB,School287,Course80,Spring 2025,Spring,High,Archived,9,11.628551676647978
a0QPm00000D1ebqMAB,School401,Course23,Spring 2025,Spring,Medium,Archived,16,16.540307003709813
a0QPm00000D9CnGMAV,School438,Course16,Spring 2025,Spring,High,Archived,2,4.713847338901909
a0QPm00000D9EQsMAN,School438,Course41,Spring 2025,Spring,High,Admissions Drop,0,2.938982565726378
a0QPm00000DNVq1MAH,School133,Course62,Spring 2025,Spring,Low,Admissions Drop,0,3.254297169505482
a0QPm00000DNW2vMAH,School133,Course80,Spring 2025,Spring,Low,Archived,24,23.549951858789864
a0QPm00000DNWAzMAP,School133,Course13,Spring 2025,Spring,Low,Archived,17,17.900354108289175
a0QPm00000DSMFqMAP,School14,Course80,Spring 2025,Spring,Low,Archived,21,20.779230756770612
a0QPm00000DgwPvMAJ,School188,Course82,Spring 2025,Spring,High,Archived,15,10.447334383067314
a0QPm00000D93aHMAR,School511,Course44,Spring 2025,Spring,Medium,Archived,23,23.84612470911937
a0QPm00000DlGg9MAF,School334,Course82,Spring 2025,Spring,High,Archived,6,5.086723411705591
a0QPm00000ClHcnMAF,School105,Course25,Spring 2025,Spring,Medium,Archived,10,11.537654764006138
a0QPm00000DAEdJMAX,School522,Course79,Spring 2025,Spring,Low,Archived,21,20.454938476632933
a0QPm00000DD4ZQMA1,School32,Course23,Spring 2025,Spring,Low,Admissions Drop,0,1.9832669675523005
a0QPm00000DDFxpMAH,School49,Course65,Spring 2025,Spring,Medium,Dropped,4,6.076282731850556
a0QPm00000DDFZeMAP,School175,Course44,Spring 2025,Spring,Low,Archived,25,24.95667838832485
a0QPm00000D4zIMMAZ,School293,Course44,Spring 2025,Spring,Low,Archived,8,9.810617152866099
a0QPm00000Dsp4UMAR,School466,Course73,Spring 2025,Spring,Medium,Archived,9,14.33732366139397
a0QPm00000Dl70AMAR,School279,Course80,Spring 2025,Spring,Medium,Archived,11,10.962048488252467
a0QPm00000DO0k9MAD,School452,Course44,Spring 2025,Spring,Low,Archived,19,21.712166696860074
a0QPm00000E58jGMAR,School196,Course50,Spring 2025,Spring,High,Admissions Drop,0,5.306364594564859
a0QPm00000Dgy9xMAB,School132,Course80,Spring 2025,Spring,Low,Archived,16,16.787200641573897
a0QPm00000DgygDMAR,School132,Course13,Spring 2025,Spring,Low,Archived,18,19.06873752291087
a0QPm00000EngZ7MAJ,School116,Course23,Spring 2025,Spring,Medium,Admissions Drop,0,2.778292580519534
a0QPm00000EI7scMAD,School131,Course13,Spring 2025,Spring,Low,Archived,19,22.61030434945614
a0QPm00000EIAC9MAP,School131,Course80,Spring 2025,Spring,Low,Archived,18,22.020742856244535
a0QPm00000EuEjPMAV,School224,Course80,Spring 2025,Spring,Low,Archived,16,15.116559361093541
a0QPm000009yzpsMAA,School451,Course35,Spring 2025,Spring,Medium,Admissions Drop,0,3.370653890136108
a0QPm000009z375MAA,School451,Course25,Spring 2025,Spring,Medium,Archived,17,15.565904916081532
a0QPm00000GRPVlMAP,School257,Course23,Spring 2025,Spring,High,Archived,10,12.131463158195482
a0QPm00000DDJX7MAP,School247,Course80,Spring 2025,Spring,Low,Archived,13,14.805981489766266
a0QPm00000DiExRMAV,School575,Course13,Spring 2025,Spring,Medium,Archived,14,12.690913170636156
a0QPm00000DiGSzMAN,School575,Course44,Spring 2025,Spring,Medium,Archived,13,13.543513426593602
a0QPm00000DSZbFMAX,School391,Course44,Spring 2025,Spring,Medium,Archived,16,16.608773338792638
a0QPm00000HE1FPMA1,School630,Course82,Spring 2025,Spring,Low,Archived,12,10.629567748375717
a0QPm00000BlUM5MAN,School286,Course21,Spring 2025,Spring,High,Admissions Drop,0,2.1876584077190775
a0QPm00000DADanMAH,School51,Course51,Spring 2025,Spring,High,Admissions Drop,0,5.271088153503132
a0QPm00000DkPSBMA3,School231,Course80,Spring 2025,Spring,Low,Archived,16,12.996559791788085
a0QPm00000DszOnMAJ,School358,Course44,Spring 2025,Spring,High,Admissions Drop,0,2.265867498657477
a0QPm00000HcLMbMAN,School21,Course25,Spring 2025,Spring,Medium,Archived,17,22.04790478252366
a0QPm00000D2Z73MAF,School85,Course80,Spring 2025,Spring,Medium,Dropped,6,8.952793050209193
a0QPm00000DVdYgMAL,School137,Course16,Spring 2025,Spring,Low,Archived,17,18.604571266325646
a0QPm00000HZDwfMAH,School364,Course80,Spring 2025,Spring,High,Admissions Drop,0,5.295044475417294
a0QPm00000HZEJFMA5,School364,Course62,Spring 2025,Spring,High,Admissions Drop,0,5.303094443637333
a0QPm00000HuNkvMAF,School609,Course80,Spring 2025,Spring,High,Admissions Drop,0,2.679352874581768
a0QPm00000HuGLGMA3,School610,Course80,Spring 2025,Spring,High,Admissions Drop,0,2.4122633667957363
a0QPm00000HqGdBMAV,School147,Course44,Spring 2025,Spring,Low,Archived,19,18.708688480943298
a0QPm00000EI6ZxMAL,School119,Course35,Spring 2025,Spring,Low,Archived,10,11.326341692124778
a0QPm00000EVGlBMAX,School33,Course45,Spring 2025,Spring,High,Archived,21,21.385913905023973
a0QPm00000BxGATMA3,School327,Course35,Spring 2025,Spring,Medium,Archived,8,5.833885140928671
a0QPm00000J9qyxMAB,School540,Course44,Spring 2025,Spring,Low,Archived,21,21.35354094101917
a0QPm00000J9zm5MAB,School540,Course42,Spring 2025,Spring,Low,Admissions Drop,0,14.14823921660049
a0QPm00000EUMFxMAP,School101,Course51,Spring 2025,Spring,Low,Archived,20,19.533367475939777
a0QPm00000HKfYHMA1,School179,Course82,Spring 2025,Spring,Medium,Admissions Drop,0,3.4207136965973897
a0QPm00000HL43fMAD,School179,Course3,Spring 2025,Spring,Medium,Archived,14,15.254590336820673
a0QPm00000L5ESsMAN,School179,Course80,Spring 2025,Spring,Medium,Archived,11,18.618805707112603
a0QPm00000L5EXiMAN,School179,Course23,Spring 2025,Spring,Medium,Archived,23,21.574158678670294
a0QPm00000L91teMAB,School621,Course44,Spring 2025,Spring,Low,Archived,16,16.533251306898652
a0QPm00000L98tVMAR,School621,Course35,Spring 2025,Spring,Low,Archived,13,14.036620499945613
a0QPm00000LKZWzMAP,School211,Course82,Spring 2025,Spring,High,Admissions Drop,0,4.873124745505791
a0QPm00000LKfuBMAT,School445,Course33,Spring 2025,Spring,High,Archived,18,18.29380467325876
a0QPm00000LLRnVMAX,School445,Course23,Spring 2025,Spring,High,Archived,15,15.69652636216188
a0QPm00000LpcjvMAB,School565,Course9,Spring 2025,Spring,Low,Admissions Drop,0,3.6114369528909824
a0QPm00000LpliMMAR,School565,Course33,Spring 2025,Spring,Low,Archived,21,21.42408413104418
a0QPm00000L1K3qMAF,School195,Course45,Spring 2025,Spring,Low,Archived,23,22.799568603853537
a0QPm00000LsTP8MAN,School500,Course82,Spring 2025,Spring,High,Archived,9,7.296769450892565
a0QPm00000M87R3MAJ,School128,Course51,Spring 2025,Spring,Medium,Archived,21,21.142254646550178
a0QPm00000MAu5tMAD,School282,Course62,Spring 2025,Spring,Medium,Archived,11,11.539645267398408
a0QPm00000M88AFMAZ,School251,Course50,Spring 2025,Spring,Medium,Archived,15,16.941942506783413
a0QPm00000M8KT7MAN,School251,Course9,Spring 2025,Spring,Medium,Archived,16,17.783415750108816
a0QPm00000MTu0YMAT,School164,Course51,Spring 2025,Spring,Medium,Archived,7,7.679047145244059
a0QPm00000MU2nhMAD,School164,Course41,Spring 2025,Spring,Medium,Archived,10,11.328678942233301
a0QPm00000MV8z7MAD,School307,Course25,Spring 2025,Spring,Medium,Dropped,9,12.107249853539145
a0QPm00000MfGs9MAF,School620,Course4,Spring 2025,Spring,Low,Archived,12,7.603841710050277
a0QPm00000Lhd3dMAB,School125,Course33,Spring 2025,Spring,Medium,Archived,10,10.960408278811277
a0QPm00000M8UXMMA3,School320,Course79,Spring 2025,Spring,Low,Archived,10,11.658031773200902
a0QPm00000NBbBtMAL,School320,Course42,Spring 2025,Spring,Low,Archived,29,27.612213907963632
a0QPm00000NDVYbMAP,School505,Course42,Spring 2025,Spring,Low,Archived,13,13.134850430892353
a0QPm00000N7YpJMAV,School233,Course59,Spring 2025,Spring,Low,Archived,18,18.185759410380193
a0QPm00000Lsup7MAB,School653,Course82,Spring 2025,Spring,Low,Archived,13,13.296324243254812
a0QPm00000NDvuVMAT,School322,Course35,Spring 2025,Spring,Low,Archived,17,16.60654334725016
a0QPm00000NE3GwMAL,School322,Course13,Spring 2025,Spring,Low,Archived,14,14.443629274963676
a0QPm00000NM4hFMAT,School428,Course51,Spring 2025,Spring,High,Archived,11,8.631488444523685
a0QPm00000NWauOMAT,School365,Course59,Spring 2025,Spring,Medium,Archived,30,17.025681620455952
a0QPm00000NWRj2MAH,School365,Course3,Spring 2025,Spring,Medium,Archived,30,17.023616050056827
a0QPm00000NWHGlMAP,School607,Course9,Spring 2025,Spring,Low,Archived,14,14.123844873434845
a0QPm00000NWZyIMAX,School607,Course3,Spring 2025,Spring,Low,Archived,15,14.98276230504605
a0QPm00000NyKg9MAF,School608,Course48,Spring 2025,Spring,High,Archived,15,16.715922576885024
a0QPm00000NWuEkMAL,School26,Course13,Spring 2025,Spring,Low,Archived,11,10.582369022546601
a0QPm00000OEiUnMAL,School527,Course62,Spring 2025,Spring,Medium,Admissions Drop,0,4.1149533707946295
a0QPm00000OEOmHMAX,School7,Course35,Spring 2025,Spring,Low,Archived,24,24.710047535660763
a0QPm00000Ny91aMAB,School267,Course35,Spring 2025,Spring,Low,Archived,8,7.940849508936308
a0QPm00000O8NeMMAV,School471,Course11,Spring 2025,Spring,High,Dropped,9,14.754785969783748
a0QPm00000OA3RsMAL,School471,Course4,Spring 2025,Spring,High,Dropped,13,18.25369579742182
a0QPm00000O8OvNMAV,School544,Course82,Spring 2025,Spring,High,Dropped,14,19.555661620300175
a0QPm00000ORN7cMAH,School370,Course13,Spring 2025,Spring,High,Archived,11,12.475116878278314
a0QPm00000M8VGTMA3,School341,Course82,Spring 2025,Spring,Medium,Archived,17,18.548654863015265
a0QPm00000QSo9OMAT,School111,Course82,Spring 2025,Spring,Medium,Archived,15,16.537633469381785
a0QPm00000NkxCnMAJ,School99,Course35,Spring 2025,Spring,High,Admissions Drop,0,3.264929595968968
a0QDo000000c2AMMAY,School451,Course13,Spring 2024,Spring,Medium,Archived,15,9.667616758476468
a0QDo000000c29zMAA,School451,Course9,Spring 2024,Spring,Medium,Archived,15,16.064259409692283
a0QDo000000c2GwMAI,School451,Course31,Spring 2024,Spring,Medium,Dropped,15,14.380276790852847
a0QDo000001GWAcMAO,School504,Course82,Spring 2024,Spring,Medium,Archived,10,11.96671427752267
a0QDo000000AqnhMAC,School324,Course25,Spring 2024,Spring,Low,Archived,9,10.42842110264231
a0QDo000000B9UTMA0,School152,Course25,Spring 2024,Spring,High,Admissions Drop,0,5.226489497248165
a0QDo000001zXGKMA2,School529,Course4,Spring 2024,Spring,Low,Archived,15,9.152661641951575
a0QDo000001zkRGMAY,School389,Course82,Spring 2024,Spring,Low,Archived,11,12.936496740108009
a0QDo0000020XQjMAM,School242,Course82,Spring 2024,Spring,Low,Archived,15,9.010308713628291
a0QDo0000020XQsMAM,School242,Course23,Spring 2024,Spring,Low,Archived,24,22.51082137835643
a0QDo0000020cXvMAI,School241,Course35,Spring 2024,Spring,High,Archived,13,7.9930490207848734
a0QDo000000BpLNMA0,School499,Course41,Spring 2024,Spring,High,Admissions Drop,0,2.919092384426129
a0QDo00000215wMMAQ,School321,Course31,Spring 2024,Spring,Low,Archived,17,20.937153448716774
a0QDo0000020yBRMAY,School535,Course65,Spring 2024,Spring,Low,Archived,15,14.360076690284503
a0QDo000000c5mqMAA,School380,Course51,Spring 2024,Spring,Medium,Archived,16,14.760081127048899
a0QDo000006BIXAMA4,School391,Course45,Spring 2024,Spring,Medium,Archived,6,8.13023197872452
a0QDo000000fPwgMAE,School69,Course73,Spring 2024,Spring,Low,Archived,11,12.097799277526752
a0QDo000000fm9dMAA,School12,Course25,Spring 2024,Spring,Low,Archived,10,10.629665179040515
a0QDo000000fm9uMAA,School12,Course45,Spring 2024,Spring,Low,Archived,13,13.179202104515772
a0QDo0000072eF9MAI,School508,Course51,Spring 2024,Spring,Low,Archived,23,23.31451461101112
a0QDo0000072eGQMAY,School508,Course11,Spring 2024,Spring,Low,Archived,23,23.335204554933366
a0QDo0000072skyMAA,School79,Course65,Spring 2024,Spring,Low,Archived,29,28.53227035061825
a0QDo0000072slDMAQ,School79,Course64,Spring 2024,Spring,Low,Archived,29,28.535964197677192
a0QDo00000734r8MAA,School540,Course25,Spring 2024,Spring,Low,Archived,24,24.284259607510073
a0QDo0000072sE5MAI,School623,Course11,Spring 2024,Spring,Medium,Admissions Drop,0,3.4423109030063284
a0QDo000001GWC3MAO,School165,Course31,Spring 2024,Spring,Medium,Admissions Drop,0,11.991694741001721
a0QDo000001GWCSMA4,School70,Course31,Spring 2024,Spring,Medium,Archived,14,15.725190928722277
a0QDo0000073sfyMAA,School203,Course33,Spring 2024,Spring,Medium,Archived,7,8.272002019316814
a0QDo000000CCaNMAW,School449,Course25,Spring 2024,Spring,Low,Archived,18,10.609420471425036
a0QDo0000074LA9MAM,School37,Course45,Spring 2024,Spring,Low,Archived,18,18.477407162981383
a0QDo0000074LAdMAM,School634,Course73,Spring 2024,Spring,High,Admissions Drop,0,5.353845968930722
a0QDo0000074LATMA2,School634,Course64,Spring 2024,Spring,High,Admissions Drop,0,5.283828337118586
a0QDo0000074eniMAA,School537,Course32,Spring 2024,Spring,Low,Archived,26,23.357513367354667
a0QDo0000074enjMAA,School537,Course82,Spring 2024,Spring,Low,Archived,15,16.24991974442721
a0QDo0000074WUmMAM,School287,Course45,Spring 2024,Spring,High,Archived,11,13.263545929891421
a0QDo0000075FRRMA2,School432,Course25,Spring 2024,Spring,Low,Archived,25,25.955263010024662
a0QDo0000074RYdMAM,School334,Course32,Spring 2024,Spring,High,Archived,8,11.7713231876017
a0QDo0000074RYiMAM,School334,Course82,Spring 2024,Spring,High,Archived,3,5.086723411705591
a0QPm000004dauCMAQ,School532,Course48,Spring 2024,Spring,Medium,Archived,5,5.17393689713963
a0QPm000004dv0xMAA,School178,Course64,Spring 2024,Spring,Low,Archived,10,10.919881961538744
a0QPm000004dxvbMAA,School178,Course35,Spring 2024,Spring,Low,Archived,10,17.279021365101947
a0QDo000001zkR6MAI,School563,Course82,Spring 2024,Spring,Low,Archived,15,17.54800465260954
a0QPm000004dccdMAA,School90,Course51,Spring 2024,Spring,High,Admissions Drop,0,5.271088153503132
a0QPm000004trUPMAY,School80,Course45,Spring 2024,Spring,Low,Archived,12,14.84518881313335
a0QPm000004uK9qMAE,School648,Course64,Spring 2024,Spring,Low,Archived,22,22.500813593962963
a0QPm000004uQ5ZMAU,School649,Course48,Spring 2024,Spring,Low,Archived,13,15.054178739993203
a0QPm000004uQf3MAE,School288,Course45,Spring 2024,Spring,High,Admissions Drop,0,5.23806334053537
a0QDo000001GWBtMAO,School361,Course31,Spring 2024,Spring,Low,Dropped,9,16.96102722428126
a0QDo000001GWE8MAO,School263,Course31,Spring 2024,Spring,Low,Archived,11,12.509395008005136
a0QPm000004zCbRMAU,School106,Course62,Spring 2024,Spring,Medium,Archived,9,10.670119977517476
a0QPm000005aLmDMAU,School141,Course42,Spring 2024,Spring,Low,Archived,10,10.955675179905368
a0QPm000005dKDhMAM,School182,Course23,Spring 2024,Spring,Medium,Archived,20,21.158549877674737
a0QPm000005dKqPMAU,School179,Course23,Spring 2024,Spring,Medium,Archived,20,21.574158678670294
a0QPm000005dKyTMAU,School179,Course13,Spring 2024,Spring,Medium,Archived,11,12.65196257133841
a0QPm000005dDydMAE,School515,Course45,Spring 2024,Spring,Medium,Archived,22,25.20357305441367
a0QPm000005dHFsMAM,School515,Course13,Spring 2024,Spring,Medium,Archived,18,13.583294118598287
a0QPm000005lgFRMAY,School311,Course64,Spring 2024,Spring,High,Admissions Drop,0,3.85972994145037
a0QPm0000068xdmMAA,School534,Course42,Spring 2024,Spring,Low,Archived,22,22.51268592193845
a0QPm000006BR6KMAW,School576,Course23,Spring 2024,Spring,Medium,Archived,16,17.48833849093161
a0QPm000006BT1eMAG,School576,Course23,Spring 2024,Spring,Medium,Archived,15,17.48833849093161
a0QPm000006BtaPMAS,School596,Course47,Spring 2024,Spring,Low,Archived,11,11.962119489761855
a0QPm000006BtgrMAC,School596,Course9,Spring 2024,Spring,Low,Archived,17,17.078861548357228
a0QPm000006BYNtMAO,School576,Course23,Spring 2024,Spring,Medium,Archived,16,17.48833849093161
a0QPm000006BYPVMA4,School576,Course23,Spring 2024,Spring,Medium,Archived,17,17.48833849093161
a0QPm000006CCtGMAW,School192,Course42,Spring 2024,Spring,Low,Archived,20,21.10211570113598
a0QPm000006CJQ1MAO,School192,Course82,Spring 2024,Spring,Low,Archived,20,20.3385375300129
a0QPm000006CJRdMAO,School192,Course9,Spring 2024,Spring,Low,Archived,16,16.93170593955935
a0QDo000001GWCRMA4,School337,Course31,Spring 2024,Spring,High,Admissions Drop,0,6.185924541995989
a0QDo0000074LbAMAU,School74,Course42,Spring 2024,Spring,Low,Archived,17,17.94287958907086
a0QPm000006Hq3ZMAS,School81,Course48,Spring 2024,Spring,Low,Archived,16,18.113178454094868
a0QDo000000c24EMAQ,School63,Course25,Spring 2024,Spring,Low,Archived,12,12.981542674327654
a0QPm000014EaTsMAK,School202,Course14,Fall 2026,Fall,Low,Admissions Drop,0,2.89717250761773
a0QPm000014RJRxMAO,School420,Course80,Fall 2026,Fall,Low,Admissions Drop,0,3.7537891880312033
a0QPm000009sDXmMAM,School5,Course51,Fall 2025,Fall,Medium,Archived,42,22.094996697857194
a0QPm00000Tlv29MAB,School67,Course75,Fall 2025,Fall,Low,Archived,8,8.39680652111235
a0QPm00000TlvzpMAB,School233,Course74,Fall 2025,Fall,Low,Archived,7,8.187713268261566
a0QPm00000TovyUMAR,School385,Course51,Fall 2025,Fall,Low,Archived,12,11.882069800785644
a0QPm00000Tp8VvMAJ,School406,Course51,Fall 2025,Fall,Low,Archived,20,19.971430062492644
a0QPm00000TpBvBMAV,School384,Course51,Fall 2025,Fall,Low,Archived,12,11.874304269414996
a0QPm00000TpD4CMAV,School321,Course44,Fall 2025,Fall,Low,Archived,11,12.12749727987941
a0QPm00000TqpsCMAR,School374,Course75,Fall 2025,Fall,Low,Archived,10,12.02846005863926
a0QPm00000TqqUuMAJ,School374,Course71,Fall 2025,Fall,Low,Archived,12,13.68764949711032
a0QPm00000TqxrMMAR,School363,Course52,Fall 2025,Fall,Medium,Archived,15,16.25015267597387
a0QPm00000Tr18ZMAR,School374,Course13,Fall 2025,Fall,Low,Admissions Drop,0,12.606529533063544
a0QPm00000Tr2pOMAR,School374,Course51,Fall 2025,Fall,Low,Archived,25,21.157878403616856
a0QPm00000TrB7wMAF,School391,Course75,Fall 2025,Fall,Medium,Admissions Drop,0,2.6982827600264896
a0QPm00000TrHN1MAN,School291,Course52,Fall 2025,Fall,Low,Archived,12,11.544452843071177
a0QPm00000TjNz3MAF,School483,Course15,Fall 2025,Fall,Low,Archived,14,13.901752873382438
a0QPm00000TlwcXMAR,School103,Course39,Fall 2025,Fall,Medium,Archived,7,6.702935422195473
a0QPm00000TmIOZMA3,School595,Course74,Fall 2025,Fall,High,Archived,7,8.236690952147697
a0QPm00000TrMuXMAV,School404,Course71,Fall 2025,Fall,Medium,Archived,18,18.41976247688311
a0QPm00000TtcvCMAR,School374,Course39,Fall 2025,Fall,Low,Archived,29,25.13297356898274
a0QPm00000TjQYjMAN,School238,Course39,Fall 2025,Fall,Low,Archived,14,15.563414999307753
a0QPm00000TkDETMA3,School245,Course51,Fall 2025,Fall,Low,Archived,19,20.687446992699766
a0QPm00000TkzfhMAB,School397,Course25,Fall 2025,Fall,Low,Archived,14,13.871264231807356
a0QPm00000TkIPTMA3,School503,Course75,Fall 2025,Fall,Low,Archived,17,18.594021429954086
a0QPm00000U2pZqMAJ,School650,Course54,Fall 2025,Fall,Low,Archived,14,13.835954450251668
a0QPm00000TqvkhMAB,School542,Course75,Fall 2025,Fall,Low,Archived,28,28.048639549885586
a0QPm00000Tr8l6MAB,School542,Course42,Fall 2025,Fall,Low,Archived,30,27.843426541761303
a0QPm00000TrWU5MAN,School542,Course54,Fall 2025,Fall,Low,Archived,29,28.896707992830805
a0QPm00000UOjM7MAL,School529,Course75,Fall 2025,Fall,Low,Archived,18,17.85483451748419
a0QPm00000UOsnbMAD,School341,Course38,Fall 2025,Fall,Medium,Admissions Drop,0,4.427003963525273
a0QPm00000UOVRFMA5,School341,Course51,Fall 2025,Fall,Medium,Archived,26,26.390998090466123
a0QPm00000UOxH3MAL,School252,Course44,Fall 2025,Fall,Low,Archived,23,23.10756691530164
a0QPm00000UOYTuMAP,School500,Course75,Fall 2025,Fall,High,Admissions Drop,0,2.865579154154644
a0QPm00000UP06oMAD,School341,Course60,Fall 2025,Fall,Medium,Admissions Drop,0,12.438596782673322
a0QPm00000UP0egMAD,School553,Course52,Fall 2025,Fall,Low,Archived,19,19.485351355384168
a0QPm00000UP0jVMAT,School341,Course71,Fall 2025,Fall,Medium,Archived,26,26.323161507008077
a0QPm00000UP0YDMA1,School341,Course75,Fall 2025,Fall,Medium,Admissions Drop,0,4.360267411032603
a0QPm00000UP8XNMA1,School358,Course51,Fall 2025,Fall,High,Admissions Drop,0,7.489578402108174
a0QPm00000UPFc7MAH,School589,Course52,Fall 2025,Fall,Low,Archived,14,14.033638234716348
a0QPm00000UPIAAMA5,School200,Course60,Fall 2025,Fall,Low,Archived,17,18.271759456414244
a0QPm00000UPSpRMAX,School510,Course43,Fall 2025,Fall,Low,Archived,22,22.178981835766304
a0QPm00000UPT5aMAH,School510,Course75,Fall 2025,Fall,Low,Archived,21,21.29228500731634
a0QPm00000UPTC1MAP,School510,Course60,Fall 2025,Fall,Low,Dropped,23,23.02570667348693
a0QPm00000UPztSMAT,School202,Course54,Fall 2025,Fall,Low,Archived,19,18.05613637063552
a0QPm00000UQAGzMAP,School202,Course51,Fall 2025,Fall,Low,Archived,18,17.200819176790898
a0QPm00000UQAQfMAP,School202,Course43,Fall 2025,Fall,Low,Archived,17,17.037280138561908
a0QPm00000UOjFgMAL,School643,Course75,Fall 2025,Fall,Low,Archived,25,25.320592307377694
a0QPm00000UOpGDMA1,School261,Course75,Fall 2025,Fall,Medium,Archived,17,18.616429353509112
a0QPm00000UOpMfMAL,School261,Course71,Fall 2025,Fall,Medium,Archived,15,15.622686474635408
a0QPm00000UOwEVMA1,School427,Course35,Fall 2025,Fall,High,Admissions Drop,0,4.28795251630948
a0QPm00000UP8p8MAD,School425,Course71,Fall 2025,Fall,Low,Admissions Drop,0,3.4367548429210713
a0QPm00000UPc7HMAT,School447,Course38,Fall 2025,Fall,Low,Archived,18,18.527428649123085
a0QPm00000UPW0EMAX,School145,Course15,Fall 2025,Fall,Medium,Archived,24,24.03703947429166
a0QPm00000UPZ2vMAH,School145,Course75,Fall 2025,Fall,Medium,Archived,21,21.469567248942397
a0QPm00000UQpTwMAL,School147,Course75,Fall 2025,Fall,Low,Archived,14,15.456169522756337
a0QPm00000UQtsSMAT,School328,Course71,Fall 2025,Fall,Low,Archived,9,10.027071611004455
a0QPm00000UR4hOMAT,School147,Course1,Fall 2025,Fall,Low,Archived,20,20.58430514451018
a0QPm00000UR9MAMA1,School328,Course1,Fall 2025,Fall,Low,Archived,10,10.958054712099184
a0QPm00000URDeDMAX,School381,Course60,Fall 2025,Fall,Medium,Archived,20,20.267791207641977
a0QPm00000UREDhMAP,School552,Course74,Fall 2025,Fall,Medium,Admissions Drop,0,2.0246607934465817
a0QPm00000URF3KMAX,School282,Course52,Fall 2025,Fall,Medium,Archived,11,11.60027114768182
a0QPm00000URFHpMAP,School549,Course54,Fall 2025,Fall,Low,Archived,10,13.082309920189356
a0QPm00000URFPtMAP,School549,Course74,Fall 2025,Fall,Low,Archived,9,9.410127604822112
a0QPm00000URjREMA1,School558,Course25,Fall 2025,Fall,Low,Archived,23,24.505154971110475
a0QPm00000URKCfMAP,School147,Course74,Fall 2025,Fall,Low,Archived,25,23.91189157117011
a0QPm00000URLn3MAH,School328,Course39,Fall 2025,Fall,Low,Archived,15,15.973475671469426
a0QPm00000UT4WoMAL,School211,Course39,Fall 2025,Fall,High,Admissions Drop,0,3.466585685856005
a0QPm00000UTLuDMAX,School211,Course15,Fall 2025,Fall,High,Admissions Drop,0,3.5043905766453447
a0QPm00000UTM3uMAH,School66,Course53,Fall 2025,Fall,Low,Archived,20,21.797305159135686
a0QPm00000UTM79MAH,School449,Course60,Fall 2025,Fall,Low,Archived,22,23.093529880033753
a0QPm00000UTQPGMA5,School266,Course71,Fall 2025,Fall,Low,Archived,26,27.29281756886336
a0QPm00000UTzBiMAL,School222,Course15,Fall 2025,Fall,Low,Archived,22,23.881660235731637
a0QPm00000UU5sEMAT,School86,Course71,Fall 2025,Fall,Low,Archived,22,22.763618198393363
a0QPm00000UU659MAD,School330,Course39,Fall 2025,Fall,Low,Archived,31,27.2013013032901
a0QPm00000UUDg5MAH,School395,Course71,Fall 2025,Fall,Low,Archived,29,29.31727795403788
a0QPm00000UUEM3MAP,School86,Course60,Fall 2025,Fall,Low,Archived,25,14.800967332497393
a0QPm00000UUFBeMAP,School76,Course39,Fall 2025,Fall,Low,Archived,15,21.398121360183158
a0QPm00000UUG2tMAH,School222,Course60,Fall 2025,Fall,Low,Admissions Drop,0,4.01288656014257
a0QPm00000UUIcYMAX,School43,Course15,Fall 2025,Fall,Low,Archived,25,25.324332109624017
a0QPm00000UUJn7MAH,School330,Course71,Fall 2025,Fall,Low,Archived,20,19.13992800766842
a0QPm00000UV5i6MAD,School652,Course38,Fall 2025,Fall,Low,Admissions Drop,0,3.4235900654648193
a0QPm00000UPC9ZMAX,School424,Course52,Fall 2025,Fall,Low,Archived,26,22.470245061275453
a0QPm00000UR5olMAD,School628,Course38,Fall 2025,Fall,Low,Archived,16,17.204253263693985
a0QPm00000URHhpMAH,School628,Course75,Fall 2025,Fall,Low,Archived,27,26.44338134589084
a0QPm00000URHjRMAX,School628,Course74,Fall 2025,Fall,Low,Archived,26,25.593238759615087
a0QPm00000URLNGMA5,School46,Course75,Fall 2025,Fall,Low,Archived,13,13.388822855158098
a0QPm00000UV4NrMAL,School411,Course53,Fall 2025,Fall,High,Dropped,17,22.03187591510632
a0QPm00000UVHZaMAP,School162,Course39,Fall 2025,Fall,High,Admissions Drop,0,5.122188225038543
a0QPm00000UWfd5MAD,School387,Course52,Fall 2025,Fall,Low,Archived,20,20.774547644218984
a0QPm00000UX4gJMAT,School486,Course39,Fall 2025,Fall,Low,Admissions Drop,0,3.0605603876346215
a0QPm00000UXG9bMAH,School131,Course51,Fall 2025,Fall,Low,Archived,24,25.601931218831506
a0QPm00000UYGigMAH,School65,Course9,Fall 2025,Fall,Low,Archived,15,14.954551401654395
a0QPm00000UYoE1MAL,School132,Course51,Fall 2025,Fall,Low,Archived,21,21.460960827063253
a0QPm00000UYoVlMAL,School133,Course51,Fall 2025,Fall,Low,Archived,25,18.360142404246506
a0QPm00000UYptFMAT,School522,Course15,Fall 2025,Fall,Low,Archived,16,15.927532370607874
a0QPm00000UYpy5MAD,School522,Course71,Fall 2025,Fall,Low,Archived,16,15.865237277792353
a0QPm00000UYrLaMAL,School416,Course34,Fall 2025,Fall,Low,Archived,15,17.28844356595245
a0QPm00000UYs7xMAD,School342,Course60,Fall 2025,Fall,Low,Archived,20,20.442859490038288
a0QPm00000UYtFKMA1,School486,Course44,Fall 2025,Fall,Low,Archived,25,24.23923872710711
a0QPm00000UYuEcMAL,School590,Course60,Fall 2025,Fall,Low,Admissions Drop,0,2.1745866336039694
a0QPm00000UYuktMAD,School486,Course60,Fall 2025,Fall,Low,Archived,20,20.030056294561653
a0QPm00000UYvPCMA1,School590,Course54,Fall 2025,Fall,Low,Archived,10,14.825036515381553
a0QPm00000UYw9yMAD,School319,Course60,Fall 2025,Fall,Low,Archived,8,7.62273257806306
a0QPm00000UYWH9MAP,School590,Course42,Fall 2025,Fall,Low,Archived,11,11.445288905639668
a0QPm00000UYxdtMAD,School490,Course50,Fall 2025,Fall,Low,Dropped,13,14.099921170145798
a0QPm00000UYxKXMA1,School490,Course60,Fall 2025,Fall,Low,Archived,25,24.222892702077765
a0QPm00000UYYduMAH,School490,Course44,Fall 2025,Fall,Low,Archived,24,23.35614897024712
a0QPm00000UYzuDMAT,School387,Course38,Fall 2025,Fall,Low,Archived,25,25.001795339806094
a0QPm00000UYzz3MAD,School387,Course60,Fall 2025,Fall,Low,Admissions Drop,0,3.826812713791547
a0QPm00000UZ3D3MAL,School486,Course43,Fall 2025,Fall,Low,Archived,21,20.8753068449664
a0QPm00000UZKCHMA5,School442,Course38,Fall 2025,Fall,Medium,Archived,9,10.55891915086302
a0QPm00000UZRbyMAH,School354,Course13,Fall 2025,Fall,Low,Archived,32,25.776394391958856
a0QPm00000UZVSfMAP,School170,Course54,Fall 2025,Fall,Low,Admissions Drop,0,15.830203812006143
a0QPm00000TpRWwMAN,School562,Course52,Fall 2025,Fall,Low,Archived,15,9.606838823035263
a0QPm00000TpRYaMAN,School562,Course15,Fall 2025,Fall,Low,Archived,15,15.911828344447624
a0QPm00000Uf6UqMAJ,School31,Course60,Fall 2025,Fall,Low,Admissions Drop,0,3.3481522661513363
a0QPm00000UfbvBMAR,School606,Course15,Fall 2025,Fall,Medium,Admissions Drop,0,4.418267861809328
a0QPm00000UfcBJMAZ,School606,Course60,Fall 2025,Fall,Medium,Admissions Drop,0,4.430204996693336
a0QPm00000UgMvkMAF,School128,Course9,Fall 2025,Fall,Medium,Archived,13,14.185057024256627
a0QPm00000UgNwcMAF,School436,Course34,Fall 2025,Fall,Medium,Archived,21,21.744470612109552
a0QPm00000UgT18MAF,School128,Course13,Fall 2025,Fall,Medium,Admissions Drop,0,3.135482055696044
a0QPm00000UNa9cMAD,School60,Course52,Fall 2025,Fall,Low,Archived,20,18.916424127290128
a0QPm00000UNquJMAT,School60,Course75,Fall 2025,Fall,Low,Archived,16,17.719013207987572
a0QPm00000UO8xdMAD,School60,Course74,Fall 2025,Fall,Low,Archived,24,24.482759868275974
a0QPm00000UOnUdMAL,School421,Course52,Fall 2025,Fall,Low,Archived,15,14.937481356073166
a0QPm00000UP9OdMAL,School598,Course52,Fall 2025,Fall,Low,Archived,8,12.28059812480352
a0QPm00000UR4B8MAL,School223,Course52,Fall 2025,Fall,Low,Archived,18,19.69305112144295
a0QPm00000URIE5MAP,School223,Course38,Fall 2025,Fall,Low,Archived,25,25.612274205155426
a0QPm00000URIHJMA5,School223,Course75,Fall 2025,Fall,Low,Archived,20,21.315599182349338
a0QPm00000URlb6MAD,School241,Course71,Fall 2025,Fall,High,Admissions Drop,0,3.314520590139937
a0QPm00000UTFX7MAP,School155,Course44,Fall 2025,Fall,Low,Archived,27,26.151349427926913
a0QPm00000UTikOMAT,School155,Course42,Fall 2025,Fall,Low,Archived,15,18.241057958455993
a0QPm00000UTqRmMAL,School155,Course38,Fall 2025,Fall,Low,Admissions Drop,0,3.3557280004498535
a0QPm00000UUF3ZMAX,School155,Course71,Fall 2025,Fall,Low,Admissions Drop,0,3.256205498302874
a0QPm00000UUqETMA1,School83,Course60,Fall 2025,Fall,Medium,Archived,14,14.748106978580964
a0QPm00000UUxW3MAL,School83,Course75,Fall 2025,Fall,Medium,Admissions Drop,0,2.8628329836581656
a0QPm00000UVIKLMA5,School3,Course75,Fall 2025,Fall,Low,Archived,22,22.47744860360561
a0QPm00000UVIU1MAP,School3,Course15,Fall 2025,Fall,Low,Archived,23,23.352945440829505
a0QPm00000UVMZFMA5,School83,Course13,Fall 2025,Fall,Medium,Admissions Drop,0,2.8769106620406606
a0QPm00000UZ2dZMAT,School88,Course34,Fall 2025,Fall,Low,Archived,25,23.317921766556502
a0QPm00000UgUlCMAV,School257,Course34,Fall 2025,Fall,High,Admissions Drop,0,3.993337599209193
a0QPm00000UjKxRMAV,School422,Course44,Fall 2025,Fall,Low,Admissions Drop,0,3.651152081699821
a0QPm00000UfqZGMAZ,School465,Course60,Fall 2025,Fall,Low,Admissions Drop,0,3.19787685752614
a0QPm00000UgVanMAF,School216,Course15,Fall 2025,Fall,Low,Archived,12,13.754283848647493
a0QPm00000UgVsXMAV,School216,Course34,Fall 2025,Fall,Low,Archived,27,22.16369443673511
a0QPm00000UgWVGMA3,School59,Course51,Fall 2025,Fall,Low,Dropped,14,15.400420582177041
a0QPm00000UgZ4vMAF,School59,Course53,Fall 2025,Fall,Low,Archived,34,22.13077295082773
a0QPm00000UgZRVMA3,School59,Course71,Fall 2025,Fall,Low,Dropped,12,15.614579896739887
a0QPm00000UkHxXMAV,School207,Course39,Fall 2025,Fall,Low,Archived,19,18.894400654015023
a0QPm00000UkJT1MAN,School611,Course7,Fall 2025,Fall,Low,Archived,23,22.601673990813683
a0QPm00000UP5CvMAL,School259,Course39,Fall 2025,Fall,Low,Archived,16,16.206523207904148
a0QPm00000UPLb6MAH,School430,Course75,Fall 2025,Fall,Low,Admissions Drop,0,2.4601516763198292
a0QPm00000UTuTmMAL,School531,Course13,Fall 2025,Fall,Low,Archived,15,16.669868038812467
a0QPm00000UYfDzMAL,School380,Course13,Fall 2025,Fall,Medium,Admissions Drop,0,10.819065814449552
a0QPm00000UYy6xMAD,School537,Course43,Fall 2025,Fall,Low,Archived,25,24.13820455398805
a0QPm00000UYyYLMA1,School382,Course15,Fall 2025,Fall,Low,Admissions Drop,0,3.549022216265943
a0QPm00000UZ0S5MAL,School89,Course75,Fall 2025,Fall,Low,Archived,17,16.814103746733963
a0QPm00000UZ2AXMA1,School537,Course75,Fall 2025,Fall,Low,Archived,20,19.867556949287348
a0QPm00000UghP3MAJ,School405,Course39,Fall 2025,Fall,Low,Archived,16,16.50016900009762
a0QPm00000UgLbSMAV,School405,Course75,Fall 2025,Fall,Low,Archived,16,16.508464747725746
a0QPm00000UgMnhMAF,School405,Course1,Fall 2025,Fall,Low,Archived,16,16.56067420510348
a0QPm00000UhA9KMAV,School167,Course52,Fall 2025,Fall,Low,Archived,15,16.369895037461202
a0QPm00000UhOfJMAV,School167,Course34,Fall 2025,Fall,Low,Archived,25,24.739387441491054
a0QPm00000Unda1MAB,School28,Course2,Fall 2025,Fall,Low,Archived,22,21.88572516449607
a0QPm00000UnkYHMAZ,School28,Course43,Fall 2025,Fall,Low,Archived,16,16.767152948948826
a0QPm00000UnLbWMAV,School28,Course7,Fall 2025,Fall,Low,Admissions Drop,0,3.2295507136621
a0QPm00000UnZpnMAF,School28,Course50,Fall 2025,Fall,Low,Archived,25,24.410660135991165
a0QPm00000UOlVxMAL,School26,Course75,Fall 2025,Fall,Low,Archived,16,15.672117723654633
a0QPm00000UTGo7MAH,School556,Course71,Fall 2025,Fall,Low,Archived,25,25.02173657813075
a0QPm00000UTmOBMA1,School514,Course71,Fall 2025,Fall,Low,Archived,20,22.158820082435078
a0QPm00000UTNL1MAP,School514,Course52,Fall 2025,Fall,Low,Admissions Drop,0,18.59508668503674
a0QPm00000UTOc2MAH,School426,Course34,Fall 2025,Fall,Low,Archived,10,10.247829160939677
a0QPm00000UUFzeMAH,School514,Course15,Fall 2025,Fall,Low,Archived,13,15.876207469780471
a0QPm00000Ux4MTMAZ,School525,Course38,Fall 2025,Fall,Medium,Archived,3,5.516814975367399
a0QPm00000Uxh4UMAR,School144,Course72,Fall 2025,Fall,High,Admissions Drop,0,5.200224527542261
a0QPm00000UYsUXMA1,School417,Course44,Fall 2025,Fall,Low,Admissions Drop,0,3.571565870522572
a0QPm00000UZUd3MAH,School304,Course38,Fall 2025,Fall,Low,Archived,25,25.336889161836304
a0QPm00000UZUhtMAH,School304,Course60,Fall 2025,Fall,Low,Archived,34,32.925488133953024
a0QPm00000UZUy1MAH,School304,Course15,Fall 2025,Fall,Low,Archived,26,26.145649446567532
a0QPm00000TjrPGMAZ,School177,Course71,Fall 2025,Fall,High,Admissions Drop,0,2.513645369896996
a0QPm00000TjuIIMAZ,School177,Course35,Fall 2025,Fall,High,Archived,2,5.484811994876698
a0QPm00000TjuQLMAZ,School177,Course51,Fall 2025,Fall,High,Archived,10,9.349383505856517
a0QPm00000UgMAwMAN,School428,Course51,Fall 2025,Fall,High,Admissions Drop,0,6.949273041153184
a0QPm00000UNYXaMAP,School15,Course71,Fall 2025,Fall,Low,Archived,17,17.411177984520812
a0QPm00000UO5uvMAD,School15,Course54,Fall 2025,Fall,Low,Admissions Drop,0,3.0642538839920346
a0QPm00000UO62zMAD,School15,Course15,Fall 2025,Fall,Low,Archived,16,16.627485383273655
a0QPm00000UO66DMAT,School15,Course53,Fall 2025,Fall,Low,Archived,8,13.634520760845998
a0QPm00000V1F3CMAV,School4,Course53,Fall 2025,Fall,Low,Archived,25,24.81910646171946
a0QPm00000V1FJLMA3,School277,Course25,Fall 2025,Fall,Low,Archived,27,25.812595929539167
a0QPm00000V1IQsMAN,School235,Course51,Fall 2025,Fall,Low,Archived,17,13.01822940688506
a0QPm00000V1JzfMAF,School235,Course25,Fall 2025,Fall,Low,Archived,20,19.318538456100224
a0QPm00000V1QcwMAF,School4,Course39,Fall 2025,Fall,Low,Archived,25,24.813309264138383
a0QPm00000V1RYzMAN,School4,Course60,Fall 2025,Fall,Low,Archived,23,23.171075901686365
a0QPm00000V1TAzMAN,School386,Course1,Fall 2025,Fall,Low,Archived,16,15.92009893727862
a0QPm00000V2lKMMAZ,School546,Course75,Fall 2025,Fall,Low,Archived,21,20.918039890631672
a0QPm00000V39GDMAZ,School37,Course51,Fall 2025,Fall,Low,Archived,21,18.505373259878674
a0QPm00000Tk8EoMAJ,School507,Course25,Fall 2025,Fall,Low,Archived,20,20.585186050194817
a0QPm00000UPBjlMAH,School420,Course54,Fall 2025,Fall,Low,Archived,21,19.347635321355497
a0QPm00000UR5juMAD,School375,Course51,Fall 2025,Fall,Low,Archived,25,24.562336700796603
a0QPm00000UZGn0MAH,School77,Course38,Fall 2025,Fall,Medium,Admissions Drop,0,4.652554695136026
a0QPm00000V1FJKMA3,School309,Course39,Fall 2025,Fall,Low,Archived,15,15.240299101604705
a0QPm00000V1gbHMAR,School9,Course71,Fall 2025,Fall,Medium,Archived,21,22.355287337368985
a0QPm00000V1MHaMAN,School336,Course13,Fall 2025,Fall,Low,Archived,12,13.73897244427107
a0QPm00000V1n9kMAB,School9,Course25,Fall 2025,Fall,Medium,Archived,20,22.590022188087737
a0QPm00000V1snlMAB,School9,Course54,Fall 2025,Fall,Medium,Archived,13,15.622252483404363
a0QPm00000V2hAJMAZ,School166,Course13,Fall 2025,Fall,Low,Archived,31,25.9891720744567
a0QPm00000V4Qq7MAF,School355,Course50,Fall 2025,Fall,Low,Archived,27,25.701378583371863
a0QPm00000TplfKMAR,School373,Course44,Fall 2025,Fall,Medium,Archived,14,16.43616562721255
a0QPm00000UQz3PMAT,School365,Course74,Fall 2025,Fall,Medium,Archived,19,20.50578181744648
a0QPm00000UQzLAMA1,School365,Course15,Fall 2025,Fall,Medium,Archived,23,17.155495076570023
a0QPm00000UR5n8MAD,School365,Course44,Fall 2025,Fall,Medium,Archived,21,22.222602338062178
a0QPm00000V1Ad4MAF,School303,Course31,Fall 2025,Fall,Low,Admissions Drop,0,3.12398226733397
a0QPm00000V72srMAB,School188,Course31,Fall 2025,Fall,High,Admissions Drop,0,3.9819850856475707
a0QPm00000VCqPCMA1,School527,Course51,Fall 2025,Fall,Medium,Archived,26,28.505288075799974
a0QPm00000Tr3n5MAB,School588,Course44,Fall 2025,Fall,Low,Archived,10,9.820343205661716
a0QPm00000UNludMAD,School632,Course51,Fall 2025,Fall,Low,Archived,8,19.1821905160233
a0QPm00000URHWXMA5,School520,Course25,Fall 2025,Fall,Low,Archived,17,16.710806327439787
a0QPm00000V26YyMAJ,School577,Course38,Fall 2025,Fall,Low,Admissions Drop,0,3.2564745746237627
a0QPm00000V2G21MAF,School577,Course43,Fall 2025,Fall,Low,Archived,22,22.265170272928767
a0QPm00000V2pW7MAJ,School351,Course13,Fall 2025,Fall,Low,Archived,6,21.389575191703933
a0QPm00000V31ddMAB,School351,Course71,Fall 2025,Fall,Low,Archived,16,16.01298909107222
a0QPm00000V31lhMAB,School351,Course71,Fall 2025,Fall,Low,Archived,13,16.01298909107222
a0QPm00000V321pMAB,School351,Course43,Fall 2025,Fall,Low,Archived,11,13.125527245894421
a0QPm00000V36wfMAB,School343,Course71,Fall 2025,Fall,Low,Archived,17,17.895563305020318
a0QPm00000VEraVMAT,School141,Course1,Fall 2025,Fall,Low,Archived,17,17.668402883079974
a0QPm00000VF3bdMAD,School141,Course38,Fall 2025,Fall,Low,Archived,16,16.836942284132224
a0QPm00000VORDNMA5,School530,Course51,Fall 2025,Fall,Low,Archived,19,22.90425602021796
a0QPm00000VQXGDMA5,School260,Course60,Fall 2025,Fall,Low,Archived,30,29.100975689955554
a0QPm00000TrUC9MAN,School418,Course25,Fall 2025,Fall,Low,Archived,21,16.882432408875882
a0QPm00000UgUekMAF,School614,Course15,Fall 2025,Fall,Medium,Archived,25,27.671015698808457
a0QPm00000UnI91MAF,School569,Course38,Fall 2025,Fall,Low,Archived,22,22.049859161864834
a0QPm00000UnQHqMAN,School569,Course60,Fall 2025,Fall,Low,Archived,27,26.25450735773081
a0QPm00000UnZZeMAN,School569,Course39,Fall 2025,Fall,Low,Archived,24,24.08979609690075
a0QPm00000UPY6rMAH,School299,Course51,Fall 2025,Fall,Low,Archived,18,11.19713366938439
a0QPm00000UPZHSMA5,School316,Course13,Fall 2025,Fall,Low,Archived,21,22.557258600916047
a0QPm00000UPZVxMAP,School316,Course71,Fall 2025,Fall,Low,Archived,23,22.79239087090014
a0QPm00000UTpxAMAT,School157,Course74,Fall 2025,Fall,Low,Archived,10,10.494103909963965
a0QPm00000UTUFyMAP,School512,Course51,Fall 2025,Fall,Low,Archived,31,32.68687500077378
a0QPm00000UTzLPMA1,School157,Course51,Fall 2025,Fall,Low,Archived,13,15.04524380431509
a0QPm00000UZJT7MAP,School285,Course51,Fall 2025,Fall,Low,Archived,25,17.674799765689894
a0QPm00000V72hZMAR,School75,Course51,Fall 2025,Fall,High,Archived,10,9.665247674687492
a0QPm00000V72PpMAJ,School75,Course71,Fall 2025,Fall,High,Admissions Drop,0,3.167904616353044
a0QPm00000VVf0FMAT,School556,Course51,Fall 2025,Fall,Low,Admissions Drop,0,19.50605438077508
a0QPm00000VVGuiMAH,School265,Course74,Fall 2025,Fall,Low,Archived,7,7.009764387400929
a0QPm00000VVrasMAD,School556,Course13,Fall 2025,Fall,Low,Archived,21,21.684649429916817
a0QPm00000VW26UMAT,School556,Course51,Fall 2025,Fall,Low,Archived,22,19.50605438077508
a0QPm00000VWSvOMAX,School164,Course71,Fall 2025,Fall,Medium,Archived,17,17.427960971535352
a0QPm00000Tjn3wMAB,School34,Course43,Fall 2025,Fall,Low,Archived,22,23.662784610553217
a0QPm00000TsCbQMAV,School134,Course15,Fall 2025,Fall,Low,Admissions Drop,0,3.8329598068254747
a0QPm00000UOMivMAH,School329,Course51,Fall 2025,Fall,Low,Archived,22,21.894504274192276
a0QPm00000UPimDMAT,School329,Course13,Fall 2025,Fall,Low,Archived,20,21.873531318771033
a0QPm00000UQV2AMAX,School100,Course51,Fall 2025,Fall,Low,Admissions Drop,0,15.173766985490454
a0QPm00000UYrztMAD,School105,Course44,Fall 2025,Fall,Medium,Archived,18,18.588573272280136
a0QPm00000UYS3qMAH,School231,Course7,Fall 2025,Fall,Low,Archived,13,12.870909293140961
a0QPm00000V1KE9MAN,School334,Course31,Fall 2025,Fall,High,Admissions Drop,0,1.7594318894246288
a0QPm00000V1StFMAV,School452,Course44,Fall 2025,Fall,Low,Archived,25,22.323277629980886
a0QPm00000V2hdOMAR,School352,Course13,Fall 2025,Fall,Low,Archived,25,20.499636530726512
a0QPm00000V32t3MAB,School352,Course71,Fall 2025,Fall,Low,Archived,22,22.48314336844015
a0QPm00000V36lOMAR,School264,Course74,Fall 2025,Fall,Low,Archived,11,10.963970650887404
a0QPm00000Vd3nOMAR,School639,Course74,Fall 2025,Fall,Low,Archived,26,25.00861166615744
a0QPm00000VOZnoMAH,School371,Course7,Fall 2025,Fall,High,Admissions Drop,0,4.6696170463559055
a0QPm00000VPPz4MAH,School523,Course1,Fall 2025,Fall,Low,Archived,22,22.890805198040944
a0QPm00000TobznMAB,School64,Course51,Fall 2025,Fall,High,Admissions Drop,0,5.165534606470408
a0QPm00000Tpa2zMAB,School450,Course44,Fall 2025,Fall,Low,Admissions Drop,0,2.4164978146142038
a0QPm00000TppW2MAJ,School450,Course7,Fall 2025,Fall,Low,Archived,18,17.66249607156876
a0QPm00000UgRCHMA3,School543,Course43,Fall 2025,Fall,High,Admissions Drop,0,5.171193107053953
a0QPm00000UgXW9MAN,School627,Course51,Fall 2025,Fall,Medium,Archived,17,19.459249473167457
a0QPm00000V2t6cMAB,School44,Course35,Fall 2025,Fall,Medium,Archived,26,19.871736224656786
a0QPm00000V2xDSMAZ,School247,Course7,Fall 2025,Fall,Low,Dropped,3,4.357126402093109
a0QPm00000V2yhPMAR,School229,Course71,Fall 2025,Fall,Low,Archived,25,24.29389555815855
a0QPm00000VbFSrMAN,School401,Course44,Fall 2025,Fall,Medium,Archived,18,18.595681223131
a0QPm00000Vgu0kMAB,School137,Course72,Fall 2025,Fall,Low,Archived,25,25.11320172347237
a0QPm00000Vgu3zMAB,School540,Course9,Fall 2025,Fall,Low,Archived,25,26.085306257589803
a0QPm00000VU3HyMAL,School623,Course34,Fall 2025,Fall,Medium,Archived,25,25.723636800718193
a0QPm00000VVicQMAT,School87,Course51,Fall 2025,Fall,Low,Archived,22,21.363558769801283
a0QPm00000URMnxMAH,School81,Course11,Fall 2025,Fall,Low,Archived,19,18.981891484082094
a0QPm00000V04MmMAJ,School122,Course34,Fall 2025,Fall,Low,Admissions Drop,0,3.0870714693401213
a0QPm00000V2z41MAB,School645,Course71,Fall 2025,Fall,Low,Dropped,16,16.1902913725116
a0QPm00000ViA6fMAF,School74,Course43,Fall 2025,Fall,Low,Archived,27,24.032553279523995
a0QPm00000VimWxMAJ,School69,Course31,Fall 2025,Fall,Low,Admissions Drop,0,2.7857109360179937
a0QPm00000Vjy9RMAR,School276,Course25,Fall 2025,Fall,Low,Archived,25,22.680431633837646
a0QPm00000VmXz7MAF,School1,Course74,Fall 2025,Fall,Low,Archived,22,21.3469930845453
a0QPm00000URGk9MAH,School239,Course71,Fall 2025,Fall,Low,Archived,17,16.88894292248187
a0QPm00000UxjUTMAZ,School526,Course51,Fall 2025,Fall,Low,Archived,17,18.010549917880574
a0QPm00000UxQExMAN,School526,Course7,Fall 2025,Fall,Low,Archived,18,18.860396982243024
a0QPm00000TptplMAB,School403,Course1,Fall 2025,Fall,Low,Archived,22,23.683415360050127
a0QPm00000UQ6DOMA1,School591,Course76,Fall 2025,Fall,Medium,Admissions Drop,0,2.9981706385446643
a0QPm00000UTHIkMAP,School71,Course35,Fall 2025,Fall,Low,Archived,16,11.437830958539344
a0QPm00000UTLKjMAP,School71,Course71,Fall 2025,Fall,Low,Archived,16,16.588146196561407
a0QPm00000UTRoMMAX,School565,Course25,Fall 2025,Fall,Low,Archived,20,20.113453754600346
a0QPm00000VNDSXMA5,School432,Course31,Fall 2025,Fall,Low,Admissions Drop,0,3.517263279018932
a0QPm00000VWnwbMAD,School58,Course25,Fall 2025,Fall,Medium,Archived,15,21.446674068483777
a0QPm00000VxjDoMAJ,School127,Course72,Fall 2025,Fall,Low,Archived,25,24.481615033683617
a0QPm00000Vy3u1MAB,School127,Course34,Fall 2025,Fall,Low,Archived,25,24.39091726943002
a0QPm00000UPCG5MAP,School394,Course51,Fall 2025,Fall,Low,Admissions Drop,0,4.479346877252235
a0QPm00000W4GdHMAV,School443,Course35,Fall 2025,Fall,Low,Archived,12,17.809014026090075
a0QPm00000W4KSLMA3,School443,Course51,Fall 2025,Fall,Low,Archived,22,20.400575483146998
a0QPm00000W9HNRMA3,School400,Course44,Fall 2025,Fall,Medium,Archived,6,8.474151470061397
a0QPm00000W9QthMAF,School605,Course51,Fall 2025,Fall,High,Dropped,22,27.08396418856153
a0QPm00000TleNuMAJ,School29,Course51,Fall 2025,Fall,High,Admissions Drop,0,5.165534606470408
a0QPm00000V8I7aMAF,School317,Course39,Fall 2025,Fall,Low,Archived,15,15.534624778218664
a0QPm00000VhLnJMAV,School552,Course34,Fall 2025,Fall,Medium,Archived,15,14.697673887221908
a0QPm00000VwT7tMAF,School552,Course31,Fall 2025,Fall,Medium,Admissions Drop,0,2.948608773136449
a0QPm00000WAGCLMA5,School221,Course53,Fall 2025,Fall,Low,Archived,22,22.89838590394603
a0QPm00000WAGPFMA5,School221,Course34,Fall 2025,Fall,Low,Archived,25,25.417890326803125
a0QPm00000UO00oMAD,School393,Course51,Fall 2025,Fall,High,Admissions Drop,0,3.216805397461849
a0QPm00000UZ30AMAT,School376,Course74,Fall 2025,Fall,Medium,Archived,18,19.494228084058804
a0QPm00000V4ngEMAR,School13,Course43,Fall 2025,Fall,Low,Archived,19,18.935559855808975
a0QPm00000V4tKDMAZ,School13,Course71,Fall 2025,Fall,Low,Archived,25,24.36098478317483
a0QPm00000VyWcfMAF,School254,Course72,Fall 2025,Fall,Medium,Admissions Drop,0,3.3337287362930503
a0QPm00000WCekcMAD,School194,Course55,Fall 2025,Fall,Low,Archived,11,12.563842293302537
a0QPm00000TpBf4MAF,School104,Course71,Fall 2025,Fall,High,Archived,6,7.888595399902835
a0QPm00000TpEEkMAN,School104,Course25,Fall 2025,Fall,High,Dropped,2,4.527882550855178
a0QPm00000Uk7TWMAZ,School80,Course25,Fall 2025,Fall,Low,Archived,12,11.55210514954797
a0QPm00000URHwOMAX,School149,Course54,Fall 2025,Fall,Medium,Archived,17,17.04703266709395
a0QPm00000UUE4JMAX,School179,Course2,Fall 2025,Fall,Medium,Admissions Drop,0,2.2239666238321902
a0QPm00000WNapxMAD,School32,Course1,Fall 2025,Fall,Low,Archived,5,6.703678750282485
a0QPm00000UkLxsMAF,School619,Course71,Fall 2025,Fall,Low,Admissions Drop,0,5.180605540402121
a0QPm00000UkRIWMA3,School619,Course51,Fall 2025,Fall,Low,Archived,25,24.706159087301906
a0QPm00000VaMt3MAF,School113,Course25,Fall 2025,Fall,Low,Archived,19,18.985658674376058
a0QPm00000WoB97MAF,School146,Course25,Fall 2025,Fall,Low,Archived,22,22.005009038458923
a0QPm00000WojFeMAJ,School58,Course38,Fall 2025,Fall,Medium,Admissions Drop,0,3.4752211700904247
a0QPm00000Ug8skMAB,School176,Course35,Fall 2025,Fall,Low,Archived,13,16.06461903493022
a0QPm00000V5ax3MAB,School91,Course34,Fall 2025,Fall,Medium,Archived,16,16.030561712031258
a0QPm00000WH2RBMA1,School591,Course44,Fall 2025,Fall,Medium,Archived,6,7.812394740689294
a0QPm00000WteKAMAZ,School5,Course13,Fall 2025,Fall,Medium,Archived,22,22.793113282389236
a0QPm00000URI2nMAH,School178,Course43,Fall 2025,Fall,Low,Archived,15,14.678852961710763
a0QPm00000WVscrMAD,School615,Course38,Fall 2025,Fall,Medium,Admissions Drop,0,2.448340540773081
a0QPm00000WVv68MAD,School615,Course34,Fall 2025,Fall,Medium,Archived,7,8.282560637341193
a0QPm00000WZYsQMAX,School318,Course72,Fall 2025,Fall,Medium,Archived,25,26.033212313216424
a0QPm00000UkMPHMA3,School226,Course51,Fall 2025,Fall,Low,Archived,28,28.149258878805533
a0QPm00000Wh5ziMAB,School179,Course1,Fall 2025,Fall,Medium,Admissions Drop,0,2.1928208956515016
a0QPm00000VaLDlMAN,School608,Course43,Fall 2025,Fall,High,Archived,16,17.330716003482376
a0QPm00000VCFB8MAP,School369,Course43,Fall 2025,Fall,Low,Archived,26,26.614944592431907
a0QPm00000VCGK5MAP,School369,Course34,Fall 2025,Fall,Low,Archived,25,25.707290554603933
a0QPm00000VzVrRMAV,School608,Course2,Fall 2025,Fall,High,Admissions Drop,0,3.837558949650572
a0QPm00000XRid3MAD,School275,Course11,Fall 2025,Fall,Low,Admissions Drop,0,2.010856910500953
a0QPm00000UVKafMAH,School95,Course44,Fall 2025,Fall,Low,Archived,16,16.202810042186524
a0QPm00000UVKnZMAX,School95,Course35,Fall 2025,Fall,Low,Archived,15,15.398154623358849
a0QPm00000XE47BMAT,School33,Course13,Fall 2025,Fall,High,Admissions Drop,0,2.762228528057632
a0QPm00000XVWrrMAH,School383,Course54,Fall 2025,Fall,Low,Archived,23,23.436768431003024
a0QPm00000XW53BMAT,School383,Course1,Fall 2025,Fall,Low,Archived,16,17.564983281059433
a0QPm00000VVaIIMA1,School61,Course50,Fall 2025,Fall,Low,Archived,19,19.034901412908223
a0QPm00000VYB8vMAH,School224,Course1,Fall 2025,Fall,Low,Archived,7,7.323430384342167
a0QPm00000Xc6xRMAR,School347,Course25,Fall 2025,Fall,Low,Archived,25,25.044141228124825
a0QPm00000UObhvMAD,School407,Course71,Fall 2025,Fall,Low,Archived,20,20.169736580611033
a0QPm00000UndN7MAJ,School236,Course34,Fall 2025,Fall,Low,Archived,16,15.836577733766084
a0QPm00000YQaAmMAL,School487,Course13,Fall 2025,Fall,Low,Archived,23,26.182056804565814
a0QPm00000WtSinMAF,School648,Course74,Fall 2025,Fall,Low,Archived,25,25.60749742604161
a0QPm00000Y3KcvMAF,School366,Course2,Fall 2025,Fall,High,Admissions Drop,0,5.213839158225094
a0QPm00000YSj6hMAD,School344,Course43,Fall 2025,Fall,Medium,Archived,7,8.560430742609796
a0QPm00000YVpcAMAT,School633,Course1,Fall 2025,Fall,Low,Admissions Drop,0,3.6214081383087864
a0QPm00000YVPt5MAH,School633,Course7,Fall 2025,Fall,Low,Archived,21,21.373850260350917
a0QPm00000YXPDlMAP,School44,Course25,Fall 2025,Fall,Medium,Archived,26,27.414054933257447
a0QPm00000UPS1RMAX,School123,Course53,Fall 2025,Fall,Low,Archived,15,22.44657578799027
a0QPm00000VU5TTMA1,School414,Course43,Fall 2025,Fall,High,Admissions Drop,0,9.818353859013888
a0QPm00000Ybe9NMAR,School20,Course9,Fall 2025,Fall,Low,Archived,24,27.817615556138705
a0QPm00000YbPOsMAN,School20,Course9,Fall 2025,Fall,Low,Archived,34,27.817615556138705
a0QPm00000YbRDmMAN,School20,Course13,Fall 2025,Fall,Low,Archived,11,14.653071352421412
a0QPm00000YUD4HMAX,School20,Course13,Fall 2025,Fall,Low,Archived,16,14.653071352421412
a0QPm00000YXbzhMAD,School346,Course35,Fall 2025,Fall,Medium,Archived,16,17.348853665352195
a0QPm00000YXU70MAH,School346,Course9,Fall 2025,Fall,Medium,Archived,17,18.198631468030797
a0QPm00000UYINtMAP,School181,Course35,Fall 2025,Fall,High,Admissions Drop,0,2.7999634539836453
a0QPm00000W18pAMAR,School106,Course34,Fall 2025,Fall,Medium,Admissions Drop,0,3.07766239465071
a0QPm00000Y4ufyMAB,School515,Course13,Fall 2025,Fall,Medium,Admissions Drop,0,13.302555920861368
a0QPm00000YcgYxMAJ,School353,Course55,Fall 2025,Fall,Low,Archived,25,25.324637080404212
a0QPm00000YnP09MAF,School606,Course25,Fall 2025,Fall,Medium,Archived,24,18.19700969922072
a0QPm00000YhHoPMAV,School557,Course1,Fall 2025,Fall,Medium,Archived,20,21.64637681096808
a0QPm00000YzauHMAR,School57,Course13,Fall 2025,Fall,Low,Archived,24,27.08958756982656
a0QPm00000Z5f87MAB,School283,Course43,Fall 2025,Fall,Medium,Archived,20,22.47363142728017
a0QPm00000UncfZMAR,School195,Course34,Fall 2025,Fall,Low,Archived,15,16.189796266166777
a0QPm00000ZCln0MAD,School209,Course53,Fall 2025,Fall,Low,Archived,25,25.051190700529006
a0QPm00000ZDLYjMAP,School209,Course35,Fall 2025,Fall,Low,Archived,25,25.11571176608832
a0QPm00000W6762MAB,School301,Course74,Fall 2025,Fall,Low,Archived,15,14.84701354009253
a0QPm00000ZLoiQMAT,School138,Course9,Fall 2025,Fall,High,Admissions Drop,0,5.196296596794856
a0QPm00000ZMGzdMAH,School138,Course72,Fall 2025,Fall,High,Admissions Drop,0,5.200224527542261
a0QPm00000VPJVSMA5,School491,Course34,Fall 2025,Fall,Medium,Admissions Drop,0,4.741198719211683
a0QPm00000W4JcjMAF,School554,Course34,Fall 2025,Fall,Medium,Archived,18,18.077277955194926
a0QPm00000WpojXMAR,School596,Course43,Fall 2025,Fall,Low,Archived,17,17.597856209177326
a0QPm00000WpqADMAZ,School596,Course74,Fall 2025,Fall,Low,Archived,25,24.320893735078442
a0QPm00000ZK7kLMAT,School310,Course13,Fall 2025,Fall,Medium,Archived,16,15.35960980362426
a0QPm00000ZK8enMAD,School310,Course54,Fall 2025,Fall,Medium,Admissions Drop,0,3.503785157246729
a0QPm00000ZkBXNMA3,School491,Course50,Fall 2025,Fall,Medium,Archived,27,16.253316873301387
a0QPm00000ZkC21MAF,School98,Course42,Fall 2025,Fall,Low,Archived,21,21.509375980448883
a0QPm00000ZlkkoMAB,School119,Course72,Fall 2025,Fall,Low,Archived,12,11.891663534208535
a0QPm00000ZnblTMAR,School523,Course72,Fall 2025,Fall,Low,Archived,25,25.446299377726852
a0QPm00000WBoOsMAL,School21,Course13,Fall 2025,Fall,Medium,Admissions Drop,0,11.513449133389484
a0QPm00000YdSqTMAV,School538,Course43,Fall 2025,Fall,Low,Archived,25,25.724843772297525
a0QPm00000YdT09MAF,School538,Course51,Fall 2025,Fall,Low,Archived,26,26.565172965776664
a0QPm00000YhzkdMAB,School251,Course43,Fall 2025,Fall,Medium,Admissions Drop,0,3.1614029681275384
a0QPm00000YUOHUMA5,School345,Course25,Fall 2025,Fall,Low,Archived,11,14.944738385313903
a0QPm00000ZeOgzMAF,School52,Course9,Fall 2025,Fall,Medium,Admissions Drop,0,3.6341300219709574
a0QPm00000ZrR7kMAF,School596,Course11,Fall 2025,Fall,Low,Archived,25,24.380789205017496
a0QPm00000ZskbEMAR,School184,Course54,Fall 2025,Fall,Low,Archived,32,32.107183586992264
a0QPm00000Zy2sRMAR,School49,Course35,Fall 2025,Fall,Medium,Archived,5,8.373405782243633
a0QPm00000a68W1MAI,School170,Course42,Fall 2025,Fall,Low,Archived,21,16.539396723567236
a0QPm00000Yh8A2MAJ,School637,Course35,Fall 2025,Fall,High,Admissions Drop,0,1.9195847430528858
a0QPm00000Zsy6HMAR,School279,Course35,Fall 2025,Fall,Medium,Archived,17,16.74765640956421
a0QPm00000aQMD4MAO,School254,Course43,Fall 2025,Fall,Medium,Archived,15,15.994512726745
a0QPm00000UYqfeMAD,School262,Course44,Fall 2025,Fall,High,Admissions Drop,0,3.651456565761497
a0QPm00000aauJtMAI,School345,Course43,Fall 2025,Fall,Low,Archived,17,18.378946318403152
a0QPm00000aWLHWMA4,School271,Course35,Fall 2025,Fall,Low,Archived,14,14.70885502337769
a0QPm00000V38IYMAZ,School93,Course1,Fall 2025,Fall,Low,Archived,16,16.53912534256537
a0QPm00000Z5sreMAB,School572,Course43,Fall 2025,Fall,High,Admissions Drop,0,5.171193107053953
a0QPm00000Z5x4vMAB,School572,Course54,Fall 2025,Fall,High,Admissions Drop,0,5.13256472154921
a0QPm00000aWbNuMAK,School208,Course55,Fall 2025,Fall,High,Admissions Drop,0,4.259455080891475
a0QPm00000b7CITMA2,School490,Course56,Fall 2025,Fall,Low,Dropped,5,7.240974228905568
a0QPm00000VVA4TMAX,School208,Course51,Fall 2025,Fall,High,Admissions Drop,0,16.904830738464437
a0QPm00000VyTmrMAF,School214,Course71,Fall 2025,Fall,Low,Archived,15,14.686212820167762
a0QPm00000aUkLyMAK,School303,Course9,Fall 2025,Fall,Low,Archived,23,22.573706461489778
a0QPm00000avj6wMAA,School451,Course11,Fall 2025,Fall,Medium,Archived,15,15.569825448176204
a0QPm00000avZAoMAM,School451,Course53,Fall 2025,Fall,Medium,Archived,10,11.281647850089755
a0QPm00000aw2CoMAI,School451,Course54,Fall 2025,Fall,Medium,Archived,14,14.670177925270082
a0QPm00000ahPEYMA2,School496,Course53,Fall 2025,Fall,Low,Archived,23,22.959235872511353
a0QPm00000bE0u7MAC,School275,Course9,Fall 2025,Fall,Low,Archived,17,16.402719755968786
a0QPm00000bFY8vMAG,School446,Course9,Fall 2025,Fall,Low,Archived,9,9.594843828677066
a0QPm00000UTP6bMAH,School293,Course11,Fall 2025,Fall,Low,Admissions Drop,0,9.021533267913377
a0QPm00000Z8db8MAB,School232,Course50,Fall 2025,Fall,Medium,Archived,25,25.395020797368932
a0QPm00000bibszMAA,School174,Course51,Fall 2025,Fall,Low,Archived,12,11.833898682267856
a0QPm00000bbtuhMAA,School322,Course11,Fall 2025,Fall,Low,Archived,18,17.696800718710847
a0QPm00000bbxjpMAA,School322,Course35,Fall 2025,Fall,Low,Archived,16,16.434101115403106
a0QPm00000bcAM1MAM,School322,Course54,Fall 2025,Fall,Low,Archived,15,15.105177807679352
a0QPm00000brfnjMAA,School56,Course50,Fall 2025,Fall,Medium,Admissions Drop,0,4.495449437760815
a0QPm00000brwa1MAA,School56,Course42,Fall 2025,Fall,Medium,Archived,22,23.043135547665784
a0QPm00000brwlJMAQ,School56,Course51,Fall 2025,Fall,Medium,Archived,22,13.766037631388613
a0QPm00000Yna5EMAR,School70,Course25,Fall 2025,Fall,Medium,Archived,21,21.77809222041057
a0QPm00000bN0elMAC,School505,Course11,Fall 2025,Fall,Low,Archived,12,11.898322428059885
a0QPm00000bz1ebMAA,School534,Course66,Fall 2025,Fall,Low,Archived,33,32.573308609935935
a0QPm00000c9oB0MAI,School192,Course66,Fall 2025,Fall,Low,Archived,21,21.78053741238806
a0QPm00000bhluPMAQ,School73,Course66,Fall 2025,Fall,High,Archived,13,15.127671643861435
a0QPm00000aw8WkMAI,School287,Course11,Fall 2025,Fall,High,Dropped,9,11.209177143556802
a0QPm00000Z5x4xMAB,School53,Course50,Fall 2025,Fall,High,Archived,7,7.594517927760576
a0QPm00000Z62UPMAZ,School53,Course9,Fall 2025,Fall,High,Archived,5,5.898028088897926
a0QPm00000cU1C7MAK,School630,Course51,Fall 2025,Fall,Low,Archived,13,11.40702872253736
a0QPm00000cUP9bMAG,School259,Course56,Fall 2025,Fall,Low,Archived,17,17.040088335721666
a0QPm00000cmb94MAA,School581,Course50,Fall 2025,Fall,High,Admissions Drop,0,5.200811047532135
a0QPm00000cvch0MAA,School131,Course51,Fall 2025,Fall,Low,Archived,26,25.601931218831506
a0QPm00000df98wMAA,School460,Course34,Fall 2025,Fall,Low,Archived,10,10.438401413539026
a0QPm00000dfNYTMA2,School460,Course72,Fall 2025,Fall,Low,Archived,7,7.991136095604572
a0QPm00000dFAF8MAO,School350,Course53,Fall 2025,Fall,High,Admissions Drop,0,5.12798542261962
a0QPm00000dFKJLMA4,School350,Course55,Fall 2025,Fall,High,Admissions Drop,0,5.209974359837709
a0QPm00000bxyE9MAI,School218,Course42,Fall 2025,Fall,High,Archived,17,19.16754739927888
a0QPm00000d9otZMAQ,School498,Course43,Fall 2025,Fall,Low,Archived,10,9.821652062070497
a0QPm00000dsGaoMAE,School133,Course51,Fall 2025,Fall,Low,Archived,14,18.360142404246506
a0QPm00000dsICnMAM,School133,Course51,Fall 2025,Fall,Low,Archived,10,18.360142404246506
a0QPm00000eAkP9MAK,School137,Course13,Fall 2025,Fall,Low,Archived,21,21.673588070728535
a0QPm00000eDlOgMAK,School536,Course25,Fall 2025,Fall,Low,Archived,21,19.73940735197779
a0QPm00000eL5FPMA0,School536,Course66,Fall 2025,Fall,Low,Archived,23,22.546953784140154
a0QPm00000denoLMAQ,School409,Course66,Fall 2025,Fall,High,Archived,6,7.2702694942095984
a0QPm00000eLnQ6MAK,School286,Course11,Fall 2025,Fall,High,Archived,10,8.371987846565828
a0QPm00000eLqhJMAS,School286,Course35,Fall 2025,Fall,High,Archived,9,9.506253376435694
a0QPm00000gLGKxMAO,School360,Course50,Fall 2025,Fall,Medium,Admissions Drop,0,3.913259347143849
a0QPm00000XbnA1MAJ,School12,Course74,Fall 2025,Fall,Low,Archived,15,14.544443888513308
a0QPm00000bxUJLMA2,School150,Course56,Fall 2025,Fall,Medium,Archived,16,16.65705577907162
a0QPm00000hcazNMAQ,School636,Course72,Fall 2025,Fall,Low,Archived,19,19.91797101252461
a0QPm00000hOJ8oMAG,School612,Course66,Fall 2025,Fall,Low,Archived,24,23.123717246597234
a0QPm00000hOUVeMAO,School612,Course35,Fall 2025,Fall,Low,Archived,15,15.59381108604315
a0QPm00000ghDY5MAM,School517,Course35,Fall 2025,Fall,High,Admissions Drop,0,5.192506488178937
a0QPm00000hjeBrMAI,School107,Course56,Fall 2025,Fall,Medium,Archived,24,25.74685035773737
a0QPm00000hkH9yMAE,School107,Course43,Fall 2025,Fall,Medium,Admissions Drop,0,5.504573148493525
a0QPm00000hklcgMAA,School107,Course71,Fall 2025,Fall,Medium,Archived,25,27.426758110081717
a0QPm00000h3oynMAA,School622,Course15,Fall 2025,Fall,Medium,Admissions Drop,0,3.9078110303548304
a0QPm00000hmcBuMAI,School622,Course55,Fall 2025,Fall,Medium,Archived,15,16.647607685304916
a0QPm00000hnCgnMAE,School622,Course53,Fall 2025,Fall,Medium,Archived,20,20.795557218400244
a0QPm00000iRvSMMA0,School378,Course35,Fall 2025,Fall,Low,Archived,14,15.667900897999303
a0QPm00000iRydPMAS,School365,Course15,Fall 2025,Fall,Medium,Dropped,7,17.155495076570023
a0QPm00000iMaujMAC,School437,Course72,Fall 2025,Fall,High,Dropped,14,16.76666842894134
a0QPm00000iMZDtMAO,School437,Course51,Fall 2025,Fall,High,Archived,20,21.807904672245584
a0QPm00000V6m6YMAR,School120,Course25,Fall 2025,Fall,High,Admissions Drop,0,1.8250617504468147
a0QPm00000iyLTHMA2,School461,Course7,Fall 2025,Fall,High,Dropped,14,17.82885311250134
a0QPm00000lHEoIMAW,School360,Course72,Fall 2025,Fall,Medium,Dropped,12,14.064525155906185
a0QPm00000lIHAbMAO,School360,Course2,Fall 2025,Fall,Medium,Archived,12,14.078139786589018
a0QPm00000lK2iYMAS,School21,Course55,Fall 2025,Fall,Medium,Archived,19,19.19275108874218
a0QPm000009eo4BMAQ,School127,Course75,Fall 2024,Fall,Low,Archived,20,20.181936008494606
a0QPm000009er21MAA,School127,Course25,Fall 2024,Fall,Low,Archived,23,19.326400291980693
a0QPm000009erI9MAI,School127,Course39,Fall 2024,Fall,Low,Archived,17,17.635677178678424
a0QPm000009kwVFMAY,School417,Course39,Fall 2024,Fall,Low,Archived,25,24.69227223418429
a0QPm000009kxfpMAA,School66,Course53,Fall 2024,Fall,Low,Archived,21,21.797305159135686
a0QPm000009kyC5MAI,School299,Course25,Fall 2024,Fall,Low,Archived,27,26.380313506257735
a0QPm000009l8TBMAY,School429,Course36,Fall 2024,Fall,Medium,Archived,26,25.84761500108021
a0QPm000009l8ZdMAI,School429,Course25,Fall 2024,Fall,Medium,Archived,23,13.574680158165304
a0QPm000009lOGEMA2,School423,Course25,Fall 2024,Fall,Low,Archived,16,16.492692571251087
a0QPm000009ntm9MAA,School553,Course54,Fall 2024,Fall,Low,Archived,25,22.37896170626712
a0QPm000009okLqMAI,School223,Course51,Fall 2024,Fall,Low,Archived,23,23.465619051309783
a0QPm000009on0MMAQ,School549,Course35,Fall 2024,Fall,Low,Archived,11,13.706243482860872
a0QPm000009p3wLMAQ,School549,Course54,Fall 2024,Fall,Low,Archived,11,13.082309920189356
a0QPm000009p3ztMAA,School363,Course54,Fall 2024,Fall,Medium,Archived,16,17.028793791700114
a0QPm000009reerMAA,School515,Course52,Fall 2024,Fall,Medium,Admissions Drop,0,3.840544011492656
a0QPm000009rjGLMAY,School579,Course75,Fall 2024,Fall,Low,Archived,18,18.9090643130285
a0QPm000009rld9MAA,School590,Course51,Fall 2024,Fall,Low,Archived,18,15.281000247334092
a0QPm000009rmJ7MAI,School202,Course51,Fall 2024,Fall,Low,Archived,16,17.200819176790898
a0QPm000009rpDhMAI,School590,Course53,Fall 2024,Fall,Low,Archived,13,12.000498236243017
a0QPm000009rsI3MAI,School155,Course42,Fall 2024,Fall,Low,Archived,16,18.241057958455993
a0QPm000009rtIwMAI,School202,Course35,Fall 2024,Fall,Low,Archived,15,15.155121208045855
a0QPm000009rUKZMA2,School515,Course36,Fall 2024,Fall,Medium,Admissions Drop,0,3.7676819408284388
a0QPm000009ruq5MAA,School556,Course63,Fall 2024,Fall,Low,Archived,27,22.794142577774192
a0QPm000009rv2zMAA,School556,Course51,Fall 2024,Fall,Low,Archived,31,19.50605438077508
a0QPm000009rv7pMAA,School556,Course25,Fall 2024,Fall,Low,Archived,26,25.890962199396515
a0QPm000009rvhJMAQ,School202,Course53,Fall 2024,Fall,Low,Archived,25,23.76197400662905
a0QPm000009rZ8xMAE,School515,Course13,Fall 2024,Fall,Medium,Archived,27,13.302555920861368
a0QPm000009s6b9MAA,School583,Course63,Fall 2024,Fall,Low,Archived,16,18.37743737135872
a0QPm000009scBBMAY,School18,Course51,Fall 2024,Fall,Low,Archived,19,15.427957737961833
a0QPm000009sdiLMAQ,School382,Course63,Fall 2024,Fall,Low,Archived,30,26.779761893984837
a0QPm000009seuXMAQ,School255,Course54,Fall 2024,Fall,Medium,Admissions Drop,0,4.093480016894647
a0QPm000009sgZlMAI,School249,Course63,Fall 2024,Fall,Medium,Archived,32,31.409111671537342
a0QPm000009sU5ZMAU,School314,Course51,Fall 2024,Fall,Low,Archived,15,17.46881705129027
a0QPm000009sYyoMAE,School255,Course52,Fall 2024,Fall,Medium,Archived,23,23.61854355867282
a0QPm000009sZziMAE,School255,Course9,Fall 2024,Fall,Medium,Archived,23,23.614928855582026
a0QPm000009xjSBMAY,School614,Course52,Fall 2024,Fall,Medium,Archived,29,29.825903118022936
a0QPm000009xlvNMAQ,School614,Course15,Fall 2024,Fall,Medium,Archived,28,27.671015698808457
a0QPm000009xm3RMAQ,School614,Course36,Fall 2024,Fall,Medium,Archived,26,27.21507796517067
a0QPm000009xmD7MAI,School348,Course36,Fall 2024,Fall,High,Archived,24,34.37846663214201
a0QPm000009xmTFMAY,School348,Course51,Fall 2024,Fall,High,Admissions Drop,0,14.395243249907459
a0QPm000009xoJmMAI,School404,Course63,Fall 2024,Fall,Medium,Archived,18,17.263752889005954
a0QPm000009xojZMAQ,School17,Course39,Fall 2024,Fall,Low,Archived,19,18.8818582682836
a0QPm000009xp2vMAA,School395,Course63,Fall 2024,Fall,Low,Archived,35,29.34565113784848
a0QPm000009yRPyMAM,School271,Course39,Fall 2024,Fall,Low,Archived,16,16.330512148362665
a0QPm000009yTMwMAM,School271,Course42,Fall 2024,Fall,Low,Admissions Drop,0,2.8092887063792373
a0QPm000009yTQ9MAM,School554,Course15,Fall 2024,Fall,Medium,Archived,13,13.897805837420725
a0QPm000009yyNWMAY,School203,Course42,Fall 2024,Fall,Medium,Archived,11,12.518961657191502
a0QPm000009yzpqMAA,School542,Course52,Fall 2024,Fall,Low,Archived,30,29.81004226522993
a0QPm000009ksbJMAQ,School558,Course42,Fall 2024,Fall,Low,Archived,25,23.674999214890413
a0QPm000009ktXNMAY,School426,Course54,Fall 2024,Fall,Low,Archived,11,11.116854813262908
a0QPm000009kvsXMAQ,School465,Course40,Fall 2024,Fall,Low,Archived,25,24.363546566136254
a0QPm000009kXJyMAM,School424,Course39,Fall 2024,Fall,Low,Archived,20,20.277552751271635
a0QPm000009l9KQMAY,School652,Course36,Fall 2024,Fall,Low,Archived,28,25.77209266218804
a0QPm000009lFJNMA2,School449,Course34,Fall 2024,Fall,Low,Archived,26,26.415077168861263
a0QPm000009lG0vMAE,School447,Course25,Fall 2024,Fall,Low,Archived,28,23.809066136576185
a0QPm000009nl8iMAA,School216,Course34,Fall 2024,Fall,Low,Archived,17,22.16369443673511
a0QPm000009npdhMAA,School216,Course36,Fall 2024,Fall,Low,Archived,13,22.604210749699224
a0QPm000009o4mQMAQ,School81,Course63,Fall 2024,Fall,Low,Archived,19,18.921738140512403
a0QPm000009p5JqMAI,School442,Course39,Fall 2024,Fall,Medium,Archived,22,21.48172687355711
a0QPm000009p7iDMAQ,School442,Course42,Fall 2024,Fall,Medium,Archived,25,24.034269618764682
a0QPm000009p8XqMAI,School4,Course13,Fall 2024,Fall,Low,Archived,18,18.490774984678875
a0QPm000009pJppMAE,School4,Course10,Fall 2024,Fall,Low,Archived,24,24.002932926645173
a0QPm000009pohdMAA,School510,Course42,Fall 2024,Fall,Low,Archived,11,14.248671472185363
a0QPm000009ppGDMAY,School510,Course36,Fall 2024,Fall,Low,Archived,10,17.622903589599474
a0QPm000009rfCjMAI,School28,Course40,Fall 2024,Fall,Low,Archived,25,24.39775669621393
a0QPm000009rfcXMAQ,School28,Course35,Fall 2024,Fall,Low,Archived,18,18.480441718199177
a0QPm000009rfsfMAA,School28,Course53,Fall 2024,Fall,Low,Archived,15,15.877957570451812
a0QPm000009rNxQMAU,School351,Course63,Fall 2024,Fall,Low,Archived,20,35.922073085355905
a0QPm000009ruQHMAY,School177,Course63,Fall 2024,Fall,High,Dropped,3,5.079981635895647
a0QPm000009ruYLMAY,School177,Course36,Fall 2024,Fall,High,Admissions Drop,0,2.542996576106069
a0QPm000009s3qGMAQ,School589,Course34,Fall 2024,Fall,Low,Archived,14,13.94325369811936
a0QPm000009sbLaMAI,School351,Course13,Fall 2024,Fall,Low,Archived,10,21.389575191703933
a0QPm000009xlk5MAA,School430,Course51,Fall 2024,Fall,Low,Archived,9,10.109091556687725
a0QPm000009xn7bMAA,School176,Course35,Fall 2024,Fall,Low,Archived,10,16.06461903493022
a0QPm000009xoLNMAY,School514,Course63,Fall 2024,Fall,Low,Archived,20,15.419291713744204
a0QPm000009xoObMAI,School514,Course43,Fall 2024,Fall,Low,Archived,19,19.69435208428862
a0QPm000009xoTRMAY,School514,Course40,Fall 2024,Fall,Low,Admissions Drop,0,3.637300397798569
a0QPm000009xppKMAQ,School387,Course36,Fall 2024,Fall,Low,Archived,13,14.779771715115984
a0QPm000009xqbhMAA,School387,Course15,Fall 2024,Fall,Low,Archived,14,15.658703295785116
a0QPm000009yJkAMAU,School167,Course25,Fall 2024,Fall,Low,Archived,25,24.75079662841783
a0QPm000009yKgGMAU,School167,Course10,Fall 2024,Fall,Low,Archived,24,23.941672565747723
a0QPm000009yNJ9MAM,School569,Course39,Fall 2024,Fall,Low,Archived,25,24.08979609690075
a0QPm000009yOQXMA2,School268,Course35,Fall 2024,Fall,Low,Archived,24,24.363681150125448
a0QPm000009ySx7MAE,School569,Course13,Fall 2024,Fall,Low,Archived,17,18.190255664472584
a0QPm000009z1ziMAA,School9,Course51,Fall 2024,Fall,Medium,Archived,27,26.44156546762478
a0QPm000009z2hFMAQ,School9,Course63,Fall 2024,Fall,Medium,Archived,27,37.611439014307905
a0QPm000009z2NtMAI,School9,Course15,Fall 2024,Fall,Medium,Archived,23,24.109557818309874
a0QPm000009zAlFMAU,School98,Course63,Fall 2024,Fall,Low,Archived,17,18.11472852296305
a0QPm000009zAV7MAM,School98,Course54,Fall 2024,Fall,Low,Archived,24,24.043135896128085
a0QPm00000A0OHXMA3,School155,Course46,Fall 2024,Fall,Low,Admissions Drop,0,3.571383750465918
a0QPm000009kibyMAA,School418,Course25,Fall 2024,Fall,Low,Archived,16,16.882432408875882
a0QPm000009kqPpMAI,School422,Course13,Fall 2024,Fall,Low,Archived,25,22.820260585225892
a0QPm000009ktigMAA,School425,Course34,Fall 2024,Fall,Low,Archived,29,27.982226711015215
a0QPm000009lCwbMAE,School123,Course53,Fall 2024,Fall,Low,Archived,28,22.44657578799027
a0QPm000009lLVGMA2,School530,Course63,Fall 2024,Fall,Low,Archived,11,15.673897221037695
a0QPm000009lLYTMA2,School530,Course75,Fall 2024,Fall,Low,Archived,24,22.869205386414226
a0QPm000009lMRJMA2,School564,Course43,Fall 2024,Fall,Medium,Archived,12,12.901575800068553
a0QPm000009ogriMAA,School261,Course75,Fall 2024,Fall,Medium,Archived,20,18.616429353509112
a0QPm000009rdioMAA,School6,Course39,Fall 2024,Fall,Low,Archived,21,20.756423027363745
a0QPm000009rgbpMAA,School6,Course34,Fall 2024,Fall,Low,Archived,24,23.28172464780192
a0QPm000009ru5JMAQ,School120,Course40,Fall 2024,Fall,High,Archived,9,9.505922654550432
a0QPm000009ruDNMAY,School229,Course63,Fall 2024,Fall,Low,Archived,25,18.738749961155435
a0QPm000009rWZKMA2,School6,Course15,Fall 2024,Fall,Low,Archived,29,25.024166388466504
a0QPm000009sbLZMAY,School154,Course53,Fall 2024,Fall,Low,Archived,13,13.453362594498934
a0QPm000009sbNBMAY,School154,Course25,Fall 2024,Fall,Low,Archived,14,15.138288510220123
a0QPm000009seL3MAI,School42,Course42,Fall 2024,Fall,High,Archived,10,12.210112743302927
a0QPm000009sfFVMAY,School496,Course63,Fall 2024,Fall,Low,Archived,24,22.111333962652008
a0QPm000009xgR5MAI,School443,Course35,Fall 2024,Fall,Low,Archived,25,17.809014026090075
a0QPm000009xlQlMAI,School443,Course51,Fall 2024,Fall,Low,Archived,27,20.400575483146998
a0QPm000009xnabMAA,School254,Course35,Fall 2024,Fall,Medium,Archived,20,14.535347643260291
a0QPm000009xnqjMAA,School319,Course63,Fall 2024,Fall,Low,Archived,12,15.106164011332014
a0QPm000009xnqkMAA,School555,Course40,Fall 2024,Fall,Low,Archived,16,16.777652623407224
a0QPm000009xp9NMAQ,School573,Course39,Fall 2024,Fall,Low,Archived,23,21.022983041471473
a0QPm000009xpPVMAY,School242,Course13,Fall 2024,Fall,Low,Admissions Drop,0,8.505993868264047
a0QPm000009xqOnMAI,School145,Course42,Fall 2024,Fall,Medium,Archived,25,24.85980194058452
a0QPm000009yMQIMA2,School596,Course63,Fall 2024,Fall,Low,Archived,9,10.784832756444862
a0QPm000009ySgzMAE,School596,Course36,Fall 2024,Fall,Low,Archived,18,18.39970002540749
a0QPm000009ysLLMAY,School71,Course63,Fall 2024,Fall,Low,Archived,20,23.80741477990482
a0QPm000009z0acMAA,School628,Course36,Fall 2024,Fall,Low,Archived,18,22.633001979163527
a0QPm000009z6o5MAA,School628,Course51,Fall 2024,Fall,Low,Archived,22,22.248493509381156
a0QPm000009z70zMAA,School628,Course39,Fall 2024,Fall,Low,Archived,14,15.437245575447822
a0QPm00000A4VyjMAF,School154,Course13,Fall 2024,Fall,Low,Archived,19,12.90594702688669
a0QPm000009gr2mMAA,School371,Course63,Fall 2024,Fall,High,Dropped,18,19.854072769537012
a0QPm000009h0E5MAI,School371,Course54,Fall 2024,Fall,High,Admissions Drop,0,4.632787791134946
a0QPm000009lOXxMAM,School304,Course75,Fall 2024,Fall,Low,Archived,20,21.040214139030216
a0QPm000009pMSjMAM,School265,Course25,Fall 2024,Fall,Low,Archived,10,9.542334339350827
a0QPm000009rbaXMAQ,School343,Course63,Fall 2024,Fall,Low,Archived,21,25.11483188836373
a0QPm000009rcgIMAQ,School134,Course53,Fall 2024,Fall,Low,Archived,20,20.720705994870897
a0QPm000009rhhdMAA,School460,Course43,Fall 2024,Fall,Low,Archived,13,13.038030839492368
a0QPm000009risBMAQ,School577,Course34,Fall 2024,Fall,Low,Archived,18,18.3965593058814
a0QPm000009ro37MAA,School460,Course13,Fall 2024,Fall,Low,Archived,25,21.47127632411442
a0QPm000009rwdNMAQ,School577,Course51,Fall 2024,Fall,Low,Archived,16,16.760591760937775
a0QPm000009rxHhMAI,School577,Course43,Fall 2024,Fall,Low,Archived,23,22.265170272928767
a0QPm000009s855MAA,School5,Course13,Fall 2024,Fall,Medium,Archived,25,22.793113282389236
a0QPm000009sg0IMAQ,School484,Course51,Fall 2024,Fall,Low,Archived,21,16.51902942351266
a0QPm000009sgtCMAQ,School394,Course54,Fall 2024,Fall,Low,Archived,29,28.980020120148875
a0QPm000009xiFyMAI,School588,Course51,Fall 2024,Fall,Low,Archived,14,11.526678987313566
a0QPm000009xipSMAQ,School486,Course9,Fall 2024,Fall,Low,Archived,16,16.67047186439388
a0QPm000009xjiHMAQ,School486,Course35,Fall 2024,Fall,Low,Archived,16,19.204644837966015
a0QPm000009xjiIMAQ,School486,Course34,Fall 2024,Fall,Low,Archived,12,13.199751254636954
a0QPm000009xjvBMAQ,School486,Course51,Fall 2024,Fall,Low,Archived,15,17.485697568132117
a0QPm000009xlx0MAA,School491,Course63,Fall 2024,Fall,Medium,Archived,30,27.881406800459345
a0QPm000009xmwHMAQ,School491,Course13,Fall 2024,Fall,Medium,Archived,30,29.30987673479002
a0QPm000009xnPJMAY,School83,Course40,Fall 2024,Fall,Medium,Archived,24,23.223961276250808
a0QPm000009ywGrMAI,School166,Course13,Fall 2024,Fall,Low,Archived,25,25.9891720744567
a0QPm000009z1GXMAY,School1,Course53,Fall 2024,Fall,Low,Archived,16,16.27272326233522
a0QPm000009z2xNMAQ,School84,Course35,Fall 2024,Fall,Low,Archived,7,10.906248774633859
a0QPm000009z32DMAQ,School84,Course52,Fall 2024,Fall,Low,Archived,13,12.817125897981612
a0QPm00000A4ZvvMAF,School266,Course63,Fall 2024,Fall,Low,Archived,24,25.629215364548593
a0QPm00000A510vMAB,School268,Course39,Fall 2024,Fall,Low,Archived,20,20.909412110734316
a0QPm00000A58jxMAB,School432,Course53,Fall 2024,Fall,Low,Archived,25,24.590651687124875
a0QPm00000A7ymTMAR,School421,Course52,Fall 2024,Fall,Low,Archived,15,14.937481356073166
a0QPm000009krSLMAY,School464,Course74,Fall 2024,Fall,Low,Archived,23,23.255860733732963
a0QPm000009ku3dMAA,School550,Course40,Fall 2024,Fall,Medium,Admissions Drop,0,3.862058181052883
a0QPm000009kuRpMAI,School643,Course75,Fall 2024,Fall,Low,Archived,27,25.320592307377694
a0QPm000009kvcPMAQ,School276,Course25,Fall 2024,Fall,Low,Archived,25,22.680431633837646
a0QPm000009l5iEMAQ,School54,Course46,Fall 2024,Fall,Medium,Admissions Drop,0,4.4380742499753465
a0QPm000009l6BGMAY,School3,Course63,Fall 2024,Fall,Low,Archived,28,27.125968155106662
a0QPm000009lA3aMAE,School369,Course10,Fall 2024,Fall,Low,Archived,30,29.985501843236705
a0QPm000009lB2sMAE,School200,Course75,Fall 2024,Fall,Low,Archived,27,26.69019011899586
a0QPm000009lNbtMAE,School58,Course25,Fall 2024,Fall,Medium,Archived,18,21.446674068483777
a0QPm000009lNf7MAE,School58,Course52,Fall 2024,Fall,Medium,Archived,7,9.399825803255524
a0QPm000009o0ioMAA,School235,Course53,Fall 2024,Fall,Low,Archived,25,23.555526398817825
a0QPm000009o9e1MAA,School235,Course51,Fall 2024,Fall,Low,Archived,8,13.01822940688506
a0QPm000009osEXMAY,School37,Course51,Fall 2024,Fall,Low,Archived,16,18.505373259878674
a0QPm000009ro6MMAQ,School194,Course40,Fall 2024,Fall,Low,Archived,15,15.925726317470467
a0QPm000009rUaiMAE,School386,Course53,Fall 2024,Fall,Low,Archived,13,14.596409388759811
a0QPm000009saniMAA,School552,Course40,Fall 2024,Fall,Medium,Archived,7,8.008153179186673
a0QPm000009sc1iMAA,School328,Course39,Fall 2024,Fall,Low,Archived,17,15.973475671469426
a0QPm000009scvxMAA,School328,Course75,Fall 2024,Fall,Low,Archived,18,16.404765266128894
a0QPm000009seXzMAI,School552,Course51,Fall 2024,Fall,Medium,Archived,6,7.139792483839496
a0QPm000009sUdUMAU,School645,Course63,Fall 2024,Fall,Low,Archived,17,15.161179938743842
a0QPm000009sXLBMA2,School60,Course36,Fall 2024,Fall,Low,Archived,21,23.848989246496796
a0QPm000009xj2NMAQ,School416,Course36,Fall 2024,Fall,Low,Archived,24,24.919855278449376
a0QPm000009xj5aMAA,School260,Course43,Fall 2024,Fall,Low,Archived,30,29.100238546297614
a0QPm000009xjFGMAY,School400,Course35,Fall 2024,Fall,Medium,Archived,9,11.476440674515802
a0QPm000009xo5FMAQ,School400,Course51,Fall 2024,Fall,Medium,Archived,21,20.332339580465447
a0QPm000009xqBtMAI,School260,Course51,Fall 2024,Fall,Low,Admissions Drop,0,7.521893847115624
a0QPm000009xqi9MAA,School342,Course40,Fall 2024,Fall,Low,Archived,27,26.380750705520082
a0QPm000009yIBQMA2,School70,Course52,Fall 2024,Fall,Medium,Archived,24,24.395030652268833
a0QPm000009ys6pMAA,School250,Course25,Fall 2024,Fall,High,Admissions Drop,0,2.195187237390252
a0QPm000009z8GPMAY,School236,Course35,Fall 2024,Fall,Low,Archived,20,15.073569764593675
a0QPm000009zAy9MAE,School407,Course63,Fall 2024,Fall,Low,Archived,16,19.352122070358952
a0QPm00000A8pFhMAJ,School639,Course63,Fall 2024,Fall,Low,Archived,20,19.932427628150695
a0QPm000009yyFSMAY,School355,Course25,Fall 2024,Fall,Low,Admissions Drop,0,11.23971268698954
a0QPm00000A5pQkMAJ,School388,Course43,Fall 2024,Fall,High,Admissions Drop,0,5.171193107053953
a0QPm00000AAoCJMA1,School75,Course43,Fall 2024,Fall,High,Archived,20,20.161153581648314
a0QPm000009yx6UMAQ,School316,Course13,Fall 2024,Fall,Low,Archived,23,22.557258600916047
a0QPm000009yywzMAA,School316,Course34,Fall 2024,Fall,Low,Archived,22,21.958231917113757
a0QPm000009rZ0rMAE,School352,Course63,Fall 2024,Fall,Low,Archived,19,25.049479634438804
a0QPm000009sebBMAQ,School453,Course34,Fall 2024,Fall,Low,Admissions Drop,0,2.105700661940106
a0QPm000009xe2jMAA,School531,Course13,Fall 2024,Fall,Low,Archived,17,16.669868038812467
a0QPm000009yTI6MAM,School221,Course63,Fall 2024,Fall,Low,Archived,12,14.436594747522534
a0QPm000009yUSgMAM,School221,Course40,Fall 2024,Fall,Low,Archived,13,15.344418842517157
a0QPm000009yUVtMAM,School221,Course43,Fall 2024,Fall,Low,Archived,24,24.63356897650573
a0QPm00000A5oEXMAZ,School5,Course34,Fall 2024,Fall,Medium,Archived,25,24.788448860379177
a0QPm00000A7TltMAF,School352,Course13,Fall 2024,Fall,Low,Archived,10,20.499636530726512
a0QPm00000A7yMgMAJ,School5,Course51,Fall 2024,Fall,Medium,Archived,23,22.094996697857194
a0QPm00000AI2QdMAL,School386,Course25,Fall 2024,Fall,Low,Archived,9,11.346407089115344
a0QPm000009rjhlMAA,School490,Course13,Fall 2024,Fall,Low,Archived,12,13.028486540787608
a0QPm00000AJYOPMA5,School509,Course25,Fall 2024,Fall,Low,Archived,28,28.860795223832643
a0QPm000009roUXMAY,School101,Course40,Fall 2024,Fall,Low,Archived,22,22.19075581046252
a0QPm00000AJwYnMAL,School130,Course52,Fall 2024,Fall,Low,Archived,19,18.321387460699967
a0QPm00000AM7gDMAT,School616,Course25,Fall 2024,Fall,Low,Archived,20,19.398163388992977
a0QPm000009jZR4MAM,School87,Course75,Fall 2024,Fall,Low,Archived,25,24.712458912248284
a0QPm00000AS2AoMAL,School74,Course43,Fall 2024,Fall,Low,Archived,21,24.032553279523995
a0QPm00000AJEZPMA5,School318,Course25,Fall 2024,Fall,Medium,Archived,25,25.953923735889603
a0QPm000009sSqCMAU,School336,Course25,Fall 2024,Fall,Low,Archived,23,23.021211378126868
a0QPm00000AskzNMAR,School106,Course40,Fall 2024,Fall,Medium,Archived,15,15.845858650057206
a0QPm00000At0b8MAB,School415,Course75,Fall 2024,Fall,Low,Archived,19,18.960703802756417
a0QPm00000AJVvCMAX,School509,Course74,Fall 2024,Fall,Low,Archived,22,23.790262189694694
a0QPm00000AU3NhMAL,School281,Course15,Fall 2024,Fall,Medium,Dropped,11,15.34303730577939
a0QPm000009yueuMAA,School504,Course35,Fall 2024,Fall,Medium,Archived,12,18.48007298732431
a0QPm00000AsuInMAJ,School541,Course13,Fall 2024,Fall,Low,Archived,23,23.525526420509383
a0QPm00000AskT8MAJ,School446,Course39,Fall 2024,Fall,Low,Archived,19,17.980612397547592
a0QPm00000AyXL7MAN,School330,Course39,Fall 2024,Fall,Low,Archived,25,27.2013013032901
a0QPm000009z61hMAA,School157,Course11,Spring 2025,Spring,Low,Archived,13,12.396701327149824
a0QPm00000AvKxBMAV,School142,Course13,Fall 2024,Fall,High,Archived,19,19.71293096270469
a0QPm000009ywyPMAQ,School376,Course40,Fall 2024,Fall,Medium,Admissions Drop,0,4.3280281182318
a0QPm00000AvPiHMAV,School389,Course36,Fall 2024,Fall,Low,Archived,16,16.825420585581764
a0QPm00000AvVVxMAN,School303,Course40,Fall 2024,Fall,Low,Archived,16,16.643403614011035
a0QPm00000BSXynMAH,School619,Course63,Fall 2024,Fall,Low,Archived,21,22.974720299529093
a0QPm00000Bdh1yMAB,School122,Course34,Fall 2024,Fall,Low,Admissions Drop,0,3.0870714693401213
a0QPm00000Afy7JMAR,School157,Course51,Fall 2024,Fall,Low,Archived,15,15.04524380431509
a0QPm00000AfyFNMAZ,School157,Course36,Fall 2024,Fall,Low,Admissions Drop,0,7.110873282481061
a0QPm00000BdkJBMAZ,School321,Course53,Fall 2024,Fall,Low,Archived,29,21.83316697127597
a0QPm00000BbFZeMAN,School563,Course40,Fall 2024,Fall,Low,Archived,16,10.466178903913187
a0QPm00000BihUMMAZ,School86,Course75,Fall 2024,Fall,Low,Archived,21,21.950416453984992
a0QPm00000BrHVqMAN,School414,Course43,Fall 2024,Fall,High,Archived,14,9.818353859013888
a0QPm00000BthHKMAZ,School67,Course42,Fall 2024,Fall,Low,Archived,15,14.32500429494253
a0QPm00000C03F7MAJ,School46,Course65,Spring 2025,Spring,Low,Archived,9,9.294525220116098
a0QPm000009sE2PMAU,School141,Course43,Fall 2024,Fall,Low,Archived,16,16.810914866026835
a0QPm00000C2KdIMAV,School562,Course63,Fall 2024,Fall,Low,Archived,13,13.55144027677032
a0QPm00000C2MdRMAV,School562,Course35,Fall 2024,Fall,Low,Archived,17,14.759958945110922
a0QPm00000CDWsnMAH,School656,Course38,Fall 2024,Fall,Low,Archived,10,10.89236687032951
a0QPm00000CRpKTMA1,School12,Course75,Fall 2024,Fall,Low,Archived,11,11.164648004475643
a0QPm00000At0w7MAB,School36,Course36,Fall 2024,Fall,Low,Archived,21,18.664606282266778
a0QPm000009o4MdMAI,School648,Course43,Fall 2024,Fall,Low,Archived,25,25.652361452641966
a0QPm000009o5sAMAQ,School648,Course75,Fall 2024,Fall,Low,Admissions Drop,0,4.461959966687583
a0QPm00000CgDefMAF,School481,Course43,Fall 2024,Fall,Medium,Archived,12,10.36509067795375
a0QPm00000CgDWbMAN,School481,Course10,Fall 2024,Fall,Medium,Archived,27,26.143467441677902
a0QPm00000CiuqoMAB,School591,Course53,Fall 2024,Fall,Medium,Dropped,3,5.2512428681769325
a0QPm00000CixofMAB,School591,Course10,Fall 2024,Fall,Medium,Dropped,3,5.281057027165328
a0QPm00000CoHLKMA3,School15,Course39,Fall 2024,Fall,Low,Archived,18,18.28165588060968
a0QPm00000CoIqsMAF,School15,Course53,Fall 2024,Fall,Low,Archived,17,13.634520760845998
a0QPm00000Cqt6LMAR,School287,Course52,Fall 2024,Fall,High,Admissions Drop,0,3.6089746464856454
a0QPm00000D1bAyMAJ,School401,Course39,Fall 2024,Fall,Medium,Archived,13,14.336756764912199
a0QPm00000D8zekMAB,School438,Course52,Fall 2024,Fall,High,Admissions Drop,0,3.600785069544818
a0QPm00000D9EDxMAN,School438,Course15,Fall 2024,Fall,High,Archived,10,12.020743826113891
a0QPm00000DNVjZMAX,School133,Course52,Fall 2024,Fall,Low,Admissions Drop,0,2.997543065720899
a0QPm00000DSOW9MAP,School14,Course53,Fall 2024,Fall,Low,Archived,24,19.90637294021692
a0QPm00000CyE4RMAV,School21,Course13,Fall 2024,Fall,Medium,Archived,20,11.513449133389484
a0QPm00000DhBqLMAV,School188,Course39,Fall 2024,Fall,High,Admissions Drop,0,3.8998839446053317
a0QPm00000C0373MAB,School46,Course75,Fall 2024,Fall,Low,Archived,13,13.388822855158098
a0QPm00000D92HeMAJ,School511,Course74,Fall 2024,Fall,Medium,Archived,21,21.97597300946071
a0QPm00000ClHT7MAN,School105,Course43,Fall 2024,Fall,Medium,Archived,12,13.53266600201406
a0QPm00000DAEYTMA5,School522,Course74,Fall 2024,Fall,Low,Archived,16,15.893868335233591
a0QPm00000DDJqAMAX,School32,Course39,Fall 2024,Fall,Low,Archived,16,15.949038179966148
a0QPm00000DDJQLMA5,School175,Course10,Fall 2024,Fall,Low,Archived,14,15.981884263358811
a0QPm00000DRYfdMAH,School49,Course35,Fall 2024,Fall,Medium,Archived,12,8.373405782243633
a0QPm00000D55SbMAJ,School293,Course52,Fall 2024,Fall,Low,Archived,10,11.573183099594427
a0QPm00000DlCxVMAV,School279,Course10,Fall 2024,Fall,Medium,Archived,16,15.866961808930611
a0QPm000009siJpMAI,School499,Course74,Fall 2024,Fall,High,Archived,10,11.668579409375386
a0QPm00000EQWvRMAX,School242,Course35,Fall 2024,Fall,Low,Archived,7,9.32942742495128
a0QPm00000EQxh7MAD,School93,Course54,Fall 2024,Fall,Low,Archived,21,20.718935104383593
a0QPm00000DgzkLMAR,School132,Course63,Fall 2024,Fall,Low,Archived,22,22.26748512147849
a0QPm00000EngcLMAR,School116,Course74,Fall 2024,Fall,Medium,Archived,18,20.422951764898578
a0QPm000009ywiHMAQ,School95,Course74,Fall 2024,Fall,Low,Archived,21,20.407903380009618
a0QPm000009ywS9MAI,School95,Course53,Fall 2024,Fall,Low,Archived,21,20.40955972217564
a0QPm00000EEbKbMAL,School399,Course74,Fall 2024,Fall,Low,Archived,19,18.49843284985796
a0QPm00000EI6eoMAD,School131,Course63,Fall 2024,Fall,Low,Archived,22,22.178517042933326
a0QPm00000EuFQwMAN,School224,Course74,Fall 2024,Fall,Low,Archived,14,13.188979893190147
a0QPm00000EQqe1MAD,School199,Course53,Fall 2024,Fall,Low,Archived,7,8.952497893452183
a0QPm00000EvI6bMAF,School199,Course38,Fall 2024,Fall,Low,Archived,17,17.48160993661874
a0QPm00000FfUW9MAN,School214,Course74,Fall 2024,Fall,Low,Archived,13,13.022868489483633
a0QPm000009z6UkMAI,School451,Course43,Fall 2024,Fall,Medium,Archived,15,9.209886299367378
a0QPm00000DhA6JMAV,School575,Course74,Fall 2024,Fall,Medium,Archived,10,11.559054340229013
a0QPm00000DSZMjMAP,School391,Course74,Fall 2024,Fall,Medium,Archived,9,10.308017114377574
a0QPm00000HEHSDMA5,School630,Course51,Fall 2024,Fall,Low,Archived,13,11.40702872253736
a0QPm00000DsKK1MAN,School51,Course10,Fall 2024,Fall,High,Admissions Drop,0,5.157799581608016
a0QPm00000DszGjMAJ,School358,Course35,Fall 2024,Fall,High,Archived,17,9.208525671942073
a0QPm00000HLNvuMAH,School137,Course15,Fall 2024,Fall,Low,Archived,25,25.072970311757988
a0QPm00000HuNjJMAV,School609,Course74,Fall 2024,Fall,High,Archived,9,10.32519278062522
a0QPm00000HuIRtMAN,School610,Course74,Fall 2024,Fall,High,Archived,10,12.13675387276595
a0QPm00000HqGZxMAN,School147,Course74,Fall 2024,Fall,Low,Archived,23,23.91189157117011
a0QPm00000Hym9eMAB,School42,Course51,Fall 2024,Fall,High,Archived,5,7.16295329733917
a0QPm00000Hzwq5MAB,School91,Course15,Fall 2024,Fall,Medium,Admissions Drop,0,2.545224959567534
a0QPm00000HzwwXMAR,School91,Course35,Fall 2024,Fall,Medium,Admissions Drop,0,2.5777383319185887
a0QPm00000DhqjqMAB,School33,Course9,Fall 2024,Fall,High,Admissions Drop,0,2.8139634738033226
a0QPm00000BxFWDMA3,School327,Course35,Fall 2024,Fall,Medium,Admissions Drop,0,5.799998041911301
a0QDo000001GWAbMAO,School504,Course35,Fall 2023,Fall,Medium,Archived,27,18.48007298732431
a0QDo000000AqmGMAS,School324,Course13,Fall 2023,Fall,Low,Archived,25,24.240628601523014
a0QDo000000B9UOMA0,School152,Course42,Fall 2023,Fall,High,Admissions Drop,0,5.1367678880580625
a0QDo000000BxqKMAS,School200,Course63,Fall 2023,Fall,Low,Archived,18,19.071888106587995
a0QDo000001zXGUMA2,School529,Course63,Fall 2023,Fall,Low,Archived,9,10.23653250507632
a0QDo000000AiQAMA0,School3,Course63,Fall 2023,Fall,Low,Archived,27,27.125968155106662
a0QDo000001zkR2MAI,School389,Course24,Fall 2023,Fall,Low,Archived,16,16.867449122353353
a0QDo0000020XOcMAM,School242,Course24,Fall 2023,Fall,Low,Archived,23,21.78431719018995
a0QDo0000020XOXMA2,School242,Course35,Fall 2023,Fall,Low,Archived,13,9.32942742495128
a0QDo0000020eyQMAQ,School241,Course35,Fall 2023,Fall,High,Admissions Drop,0,7.075275729578144
a0QDo0000020kfUMAQ,School36,Course36,Fall 2023,Fall,Low,Archived,15,18.664606282266778
a0QDo00000215w7MAA,School321,Course53,Fall 2023,Fall,Low,Archived,16,21.83316697127597
a0QDo0000020yBHMAY,School535,Course35,Fall 2023,Fall,Low,Archived,8,7.872758509862646
a0QDo0000021HWqMAM,School149,Course53,Fall 2023,Fall,Medium,Admissions Drop,0,2.6606625690987338
a0QDo0000021MyEMAU,School329,Course35,Fall 2023,Fall,Low,Archived,18,18.53752537965007
a0QDo000002157EMAQ,School461,Course36,Fall 2023,Fall,High,Archived,21,14.825551435733209
a0QPm00000V38nBMAR,School265,Course51,Spring 2026,Spring,Low,Active,11,10.753473580747261
a0QPm00000URGfLMAX,School100,Course51,Spring 2026,Spring,Low,Active,28,15.637652772599942
a0QPm00000sBflXMAS,School503,Course8,Spring 2026,Spring,Low,Active,17,17.545663034186035
a0QPm00000sC1pHMAS,School464,Course79,Spring 2026,Spring,Low,Active,21,21.68940256464947
a0QPm00000sCWA3MAO,School423,Course79,Spring 2026,Spring,Low,Active,19,18.69829360661992
a0QPm00000sEQJhMAO,School145,Course8,Spring 2026,Spring,Medium,Active,21,20.63620819722041
a0QPm00000tdHcWMAU,School46,Course40,Spring 2026,Spring,Low,Active,12,11.845814967032128
a0QPm00000ukeqGMAQ,School341,Course79,Spring 2026,Spring,Medium,Active,18,19.431817086566607
a0QPm00000uzuBWMAY,School341,Course60,Spring 2026,Spring,Medium,Active,19,12.156499997259361
a0QPm00000v6ZLeMAM,School500,Course13,Spring 2026,Spring,High,Active,12,13.567061396414193
a0QPm00000veE57MAE,School341,Course59,Spring 2026,Spring,Medium,Active,23,23.6166955211362
a0QPm00000veMYsMAM,School282,Course11,Spring 2026,Spring,Medium,Active,19,10.259347380092423
a0QPm00000vgpeoMAA,School477,Course35,Spring 2026,Spring,Low,Active,15,15.022877203807464
a0QPm00000vhFhKMAU,School490,Course25,Spring 2026,Spring,Low,Active,8,14.369589150595544
a0QPm00000vmaH0MAI,School66,Course21,Spring 2026,Spring,Low,Active,15,15.514751933887727
a0QPm00000voz97MAA,School416,Course48,Spring 2026,Spring,Low,Active,11,12.47735864856385
a0QPm00000vXt05MAC,School407,Course19,Spring 2026,Spring,Low,Active,25,24.191400124884993
a0QPm00000vyB31MAE,School382,Course51,Spring 2026,Spring,Low,Active,6,14.378045074672405
a0QPm00000vZ7NaMAK,School328,Course53,Spring 2026,Spring,Low,Active,14,14.142018459904122
a0QPm00000y7o8qMAA,School498,Course82,Spring 2026,Spring,Low,Active,8,8.211548076906215
a0QPm00000KC356MAD,School590,Course33,Spring 2025,Spring,Low,Archived,15,15.205036564531845
a0QPm00000Kg847MAB,School394,Course59,Spring 2025,Spring,Low,Archived,29,28.73430216228277
a0QPm00000KhJGnMAN,School132,Course13,Spring 2025,Spring,Low,Archived,18,19.06873752291087
a0QPm00000KnaDKMAZ,School60,Course4,Spring 2025,Spring,Low,Archived,20,11.98897942188546
a0QPm00000KnpAkMAJ,School199,Course47,Spring 2025,Spring,Low,Archived,9,10.251968156453646
a0QPm00000KRsyUMAT,School490,Course25,Spring 2025,Spring,Low,Archived,20,14.369589150595544
a0QPm00000KyGG8MAN,School556,Course45,Spring 2025,Spring,Low,Archived,12,10.031794861761103
a0QPm00000L7xwvMAB,School275,Course80,Spring 2025,Spring,Low,Archived,12,13.65708049257464
a0QPm00000LhfzuMAB,School336,Course33,Spring 2025,Spring,Low,Archived,12,10.516647371468384
a0QPm00000LMrxfMAD,School400,Course4,Spring 2025,Spring,Medium,Archived,16,15.770272068371508
a0QPm00000LoaXFMAZ,School242,Course23,Spring 2025,Spring,Low,Archived,23,22.51082137835643
a0QPm00000LoZphMAF,School242,Course13,Spring 2025,Spring,Low,Archived,13,8.79469500466934
a0QPm00000LpCmFMAV,School58,Course40,Spring 2025,Spring,Medium,Archived,23,23.605923035283993
a0QPm00000LsYevMAF,School514,Course35,Spring 2025,Spring,Low,Archived,13,14.870854609194556
a0QPm00000M6ztmMAB,School352,Course50,Spring 2025,Spring,Low,Dropped,15,22.24831260044044
a0QPm00000M760nMAB,School352,Course50,Spring 2025,Spring,Low,Dropped,27,22.24831260044044
a0QPm00000M7sOoMAJ,School66,Course59,Spring 2025,Spring,Low,Archived,17,10.027294563151955
a0QPm00000M8afyMAB,School93,Course44,Spring 2025,Spring,Low,Archived,21,20.91476459082639
a0QPm00000Mb7qhMAB,School351,Course50,Spring 2025,Spring,Low,Dropped,7,9.653173140696438
a0QPm00000MbnBZMAZ,School555,Course33,Spring 2025,Spring,Low,Archived,24,23.50573626037522
a0QPm00000McVqvMAF,School149,Course42,Spring 2025,Spring,Medium,Archived,27,27.76665976172297
a0QPm00000MFgYYMA1,School133,Course82,Spring 2025,Spring,Low,Archived,24,16.388742941870145
a0QPm00000MFk7VMAT,School133,Course13,Spring 2025,Spring,Low,Archived,13,17.900354108289175
a0QPm00000MFYsmMAH,School133,Course13,Spring 2025,Spring,Low,Archived,11,17.900354108289175
a0QPm00000MJo1GMAT,School383,Course51,Spring 2025,Spring,Low,Archived,25,24.536269481325707
a0QPm00000MQv7dMAD,School60,Course33,Spring 2025,Spring,Low,Archived,40,17.57091598015506
a0QPm00000MTiQoMAL,School131,Course13,Spring 2025,Spring,Low,Archived,24,22.61030434945614
a0QPm00000MTl0TMAT,School131,Course13,Spring 2025,Spring,Low,Archived,20,22.61030434945614
a0QPm00000MTl8XMAT,School131,Course13,Spring 2025,Spring,Low,Archived,26,22.61030434945614
a0QPm00000MTWPeMAP,School131,Course80,Spring 2025,Spring,Low,Archived,25,22.020742856244535
a0QPm00000MUE7KMAX,School255,Course82,Spring 2025,Spring,Medium,Archived,23,23.07447636867426
a0QPm00000MUqm5MAD,School293,Course59,Spring 2025,Spring,Low,Archived,10,5.922792272372141
a0QPm00000MVBx0MAH,School249,Course62,Spring 2025,Spring,Medium,Archived,20,27.33024234791418
a0QPm00000N6hUrMAJ,School419,Course40,Spring 2025,Spring,Low,Archived,21,21.02618343878855
a0QPm00000NEaKyMAL,School98,Course51,Spring 2025,Spring,Low,Archived,21,15.16434686488832
a0QPm00000NEkYuMAL,School328,Course82,Spring 2025,Spring,Low,Archived,13,15.64318993838664
a0QPm00000NHj3cMAD,School133,Course82,Spring 2025,Spring,Low,Archived,7,16.388742941870145
a0QPm00000NI4nuMAD,School399,Course51,Spring 2025,Spring,Low,Archived,23,22.09880914717358
a0QPm00000Nq6tiMAB,School407,Course65,Spring 2025,Spring,Low,Archived,20,20.08143313293365
a0QPm00000NqE01MAF,School407,Course82,Spring 2025,Spring,Low,Archived,16,20.126029600904396
a0QPm00000NVjq4MAD,School451,Course45,Spring 2025,Spring,Medium,Archived,18,15.154484912337395
a0QPm00000OFAKcMAP,School329,Course31,Spring 2025,Spring,Low,Archived,22,19.062273986632402
a0QPm00000OXwXGMA1,School4,Course48,Spring 2025,Spring,Low,Archived,12,13.320988214638275
a0QPm00000Q6TunMAF,School133,Course13,Spring 2025,Spring,Low,Archived,22,17.900354108289175
a0QPm00000Qbn4PMAR,School109,Course31,Spring 2025,Spring,Medium,Archived,17,15.353460103519822
a0QPm00000RWy4kMAD,School576,Course35,Spring 2025,Spring,Medium,Archived,18,19.18893339651305
a0QPm000004e4DuMAI,School567,Course82,Spring 2024,Spring,Low,Archived,9,10.063722222412766
a0QPm000004rBnpMAE,School481,Course23,Spring 2024,Spring,Medium,Archived,15,17.75900083952505
a0QPm000004VWKiMAO,School285,Course45,Spring 2024,Spring,Low,Archived,14,15.004873335111917
a0QPm000005nhQkMAI,School216,Course4,Spring 2024,Spring,Low,Archived,12,13.129086097445521
a0QPm000005nieXMAQ,School460,Course13,Spring 2024,Spring,Low,Archived,21,21.26286257507988
a0QPm000005nnHdMAI,School628,Course42,Spring 2024,Spring,Low,Archived,23,22.81130700907801
a0QPm000005o3B8MAI,School387,Course23,Spring 2024,Spring,Low,Archived,20,20.28357863316456
a0QPm000005oLHhMAM,School127,Course64,Spring 2024,Spring,Low,Archived,17,16.80742346391337
a0QPm000005qd42MAA,School58,Course45,Spring 2024,Spring,Medium,Archived,18,19.32058675071832
a0QPm000005qeXxMAI,School235,Course48,Spring 2024,Spring,Low,Archived,8,16.48598272501117
a0QPm000005qrerMAA,School100,Course48,Spring 2024,Spring,Low,Archived,13,14.827409035532945
a0QPm000005qwpsMAA,School354,Course31,Spring 2024,Spring,Low,Dropped,12,14.992152609021067
a0QPm000005r5JeMAI,School555,Course13,Spring 2024,Spring,Low,Archived,16,17.485181853353907
a0QPm000005tbaLMAQ,School376,Course64,Spring 2024,Spring,Medium,Archived,16,19.181225534583476
a0QPm000005tvPNMAY,School354,Course13,Spring 2024,Spring,Low,Archived,27,24.520285426699868
a0QPm000005tvVpMAI,School354,Course45,Spring 2024,Spring,Low,Archived,30,20.701288945871273
a0QPm000005uQPxMAM,School304,Course45,Spring 2024,Spring,Low,Archived,21,16.580777557061392
a0QPm0000068xlpMAA,School514,Course11,Spring 2024,Spring,Low,Archived,24,22.548960892477652
a0QPm000006EnewMAC,School91,Course13,Spring 2024,Spring,Medium,Archived,7,10.098574943812698
a0QPm000006Fgt8MAC,School351,Course25,Spring 2024,Spring,Low,Archived,25,26.85561807923171
a0QPm000006XMmKMAW,School569,Course47,Spring 2024,Spring,Low,Archived,23,16.63180390450808
a0QPm000007DwzpMAC,School155,Course25,Spring 2024,Spring,Low,Archived,8,14.68941013408592
a0QPm000007fMBpMAM,School95,Course45,Spring 2024,Spring,Low,Archived,9,20.417388417654706
a0QPm000007HKRLMA4,School308,Course64,Spring 2024,Spring,High,Archived,1,0.09602465206116206
a0QPm00000bwzFXMAY,School100,Course53,Fall 2025,Fall,Low,Archived,17,17.67418088382772
a0QPm00000cQ9xpMAC,School425,Course54,Fall 2025,Fall,Low,Archived,21,21.23736311677429
a0QPm00000gfoVKMAY,School249,Course56,Fall 2025,Fall,Medium,Archived,29,30.54681842944508
a0QPm00000gfPwlMAE,School249,Course56,Fall 2025,Fall,Medium,Archived,31,30.54681842944508
a0QPm00000iTVv7MAG,School122,Course42,Fall 2025,Fall,Low,Archived,19,19.188078781300515
a0QPm00000iy6cHMAQ,School33,Course66,Fall 2025,Fall,High,Archived,26,24.721870324807114
a0QPm00000j61Z0MAI,School481,Course35,Fall 2025,Fall,Medium,Archived,16,20.89075126035705
a0QPm00000jaTzJMAU,School464,Course54,Fall 2025,Fall,Low,Archived,21,19.032157904515152
a0QPm00000jIl0AMAS,School341,Course42,Fall 2025,Fall,Medium,Archived,16,17.902354431426936
a0QPm00000jIS0lMAG,School341,Course72,Fall 2025,Fall,Medium,Archived,27,27.27167570560066
a0QPm00000jIVLDMA4,School341,Course35,Fall 2025,Fall,Medium,Archived,19,20.496056113735865
a0QPm00000jPni2MAC,School249,Course71,Fall 2025,Fall,Medium,Archived,31,31.8037323347581
a0QPm00000kAnwEMAS,School500,Course66,Fall 2025,Fall,High,Admissions Drop,0,2.8436185836568355
a0QPm00000ktIWUMA2,School126,Course11,Fall 2025,Fall,Medium,Archived,18,18.633648690753805
a0QPm00000kYzHtMAK,School262,Course51,Fall 2025,Fall,High,Admissions Drop,0,3.6658169592879766
a0QPm00000lhcmvMAA,School500,Course1,Fall 2025,Fall,High,Archived,12,13.06964094028459
a0QPm00000VCRkBMAX,School465,Course25,Fall 2025,Fall,Low,Archived,16,19.432145667736364
a0QPm00000VEVGfMAP,School509,Course71,Fall 2025,Fall,Low,Archived,25,26.29959421444151
a0QPm00000VhvcHMAR,School577,Course53,Fall 2025,Fall,Low,Archived,17,17.569030271149675
a0QPm00000Vk0uSMAR,School417,Course25,Fall 2025,Fall,Low,Archived,17,21.307069183110453
a0QPm00000VktZCMAZ,School422,Course13,Fall 2025,Fall,Low,Archived,20,22.820260585225892
a0QPm00000VnRJlMAN,School423,Course75,Fall 2025,Fall,Low,Archived,18,18.194215981827682
a0QPm00000Vwi21MAB,School268,Course34,Fall 2025,Fall,Low,Archived,25,25.126689119297858
a0QPm00000W58x1MAB,School354,Course13,Fall 2025,Fall,Low,Archived,35,25.776394391958856
a0QPm00000WB2TuMAL,School656,Course35,Fall 2025,Fall,Low,Archived,10,10.88765283334911
a0QPm00000WmNMTMA3,School327,Course43,Fall 2025,Fall,Medium,Archived,16,15.930536989538524
a0QPm00000WMUxuMAH,School199,Course51,Fall 2025,Fall,Low,Archived,21,11.951004006522364
a0QPm00000XIzN0MAL,School590,Course53,Fall 2025,Fall,Low,Archived,11,12.000498236243017
a0QPm00000XJm18MAD,School590,Course25,Fall 2025,Fall,Low,Archived,12,12.275444661859733
a0QPm00000ZLTMEMA5,School504,Course35,Fall 2025,Fall,Medium,Archived,12,18.48007298732431
a0QPm000004uh6PMAQ,School281,Course64,Spring 2024,Spring,Medium,Archived,12,15.954527981056007
a0QPm00000V1KPSMA3,School419,Course34,Fall 2025,Fall,Low,Archived,21,21.773912871489184
a0QPm00000WM136MAD,School154,Course34,Fall 2025,Fall,Low,Archived,14,14.703885476262004
a0QPm00000WM3PqMAL,School154,Course44,Fall 2025,Fall,Low,Archived,13,14.745532925917267
a0QPm00000hXE55MAG,School320,Course50,Fall 2025,Fall,Low,Archived,25,25.763414600492023
a0QPm00000Vj2jmMAB,School249,Course71,Fall 2025,Fall,Medium,Archived,32,31.8037323347581
a0QPm00000DkHeHMAV,School474,Course54,Fall 2024,Fall,Low,Archived,18,18.94150566311456
a0QPm00000DohGnMAJ,School157,Course35,Fall 2024,Fall,Low,Archived,14,13.944232093940041
a0QPm00000GzAajMAF,School491,Course35,Fall 2024,Fall,Medium,Archived,22,21.60293437634519
a0QPm00000H0BphMAF,School188,Course40,Fall 2024,Fall,High,Archived,15,16.65541873826195
a0QPm00000H8fNaMAJ,School540,Course9,Fall 2024,Fall,Low,Archived,25,26.085306257589803
a0QPm00000H8wQ3MAJ,School514,Course51,Fall 2024,Fall,Low,Archived,20,21.803662818861785
a0QPm00000HjIDVMA3,School399,Course63,Fall 2024,Fall,Low,Archived,14,14.268236505913901
a0QPm00000IHbVRMA1,School259,Course51,Fall 2024,Fall,Low,Archived,22,21.325795753712114
a0QPm00000IX7MvMAL,School131,Course63,Fall 2024,Fall,Low,Archived,20,22.178517042933326
a0QDo000000A7qsMAC,School598,Course52,Fall 2023,Fall,Low,Archived,15,12.28059812480352
a0QDo000000AEaLMAW,School569,Course75,Fall 2023,Fall,Low,Archived,24,23.252104150466195
a0QDo000000AhnlMAC,School235,Course42,Fall 2023,Fall,Low,Archived,11,11.720481147378688
a0QDo000000AHnlMAG,School569,Course63,Fall 2023,Fall,Low,Archived,24,20.28673445540309
a0QDo000000Ai0QMAS,School95,Course24,Fall 2023,Fall,Low,Archived,10,11.14478743085951
a0QDo000000AiNoMAK,School369,Course63,Fall 2023,Fall,Low,Archived,23,24.031859610012862
a0QDo000000Aj7NMAS,School95,Course43,Fall 2023,Fall,Low,Archived,13,13.684865854108496
a0QDo000000AjMSMA0,School514,Course52,Fall 2023,Fall,Low,Archived,27,18.59508668503674
a0QDo000000AjNkMAK,School514,Course36,Fall 2023,Fall,Low,Archived,14,15.420269736142679
a0QDo000000AKEmMAO,School538,Course75,Fall 2023,Fall,Low,Archived,25,27.799103873066954
a0QDo000000AkEoMAK,School230,Course17,Fall 2023,Fall,Low,Archived,6,7.17044457147405
a0QDo000000Am0tMAC,School58,Course25,Fall 2023,Fall,Medium,Archived,31,21.446674068483777
a0QDo000000Amb3MAC,School166,Course13,Fall 2023,Fall,Low,Archived,20,25.9891720744567
a0QDo000000An16MAC,School490,Course51,Fall 2023,Fall,Low,Archived,19,13.359654984031833
a0QDo000000AnPXMA0,School481,Course24,Fall 2023,Fall,Medium,Archived,18,18.540856379498752
a0QDo000000ApVSMA0,School542,Course24,Fall 2023,Fall,Low,Archived,13,15.397417932271672
a0QDo000000AR31MAG,School304,Course36,Fall 2023,Fall,Low,Archived,20,21.03677939558498
a0QDo000000Ar3uMAC,School255,Course24,Fall 2023,Fall,Medium,Archived,16,18.511783860404083
a0QDo000000AR8pMAG,School614,Course24,Fall 2023,Fall,Medium,Archived,27,28.10309419600494
a0QDo000000Ath6MAC,School497,Course36,Fall 2023,Fall,Low,Archived,28,28.099739649045773
a0QDo000000Az5TMAS,School573,Course24,Fall 2023,Fall,Low,Archived,29,28.683761828990107
a0QDo000000B0H5MAK,School495,Course24,Fall 2023,Fall,Medium,Archived,15,16.34894813076162
a0QDo000000B1CmMAK,School60,Course52,Fall 2023,Fall,Low,Archived,14,18.916424127290128
a0QDo000000B44CMAS,School83,Course43,Fall 2023,Fall,Medium,Archived,16,16.439345223048388
a0QDo000000B5FSMA0,School43,Course53,Fall 2023,Fall,Low,Archived,22,23.600349028290385
a0QDo000000Bwv7MAC,School216,Course36,Fall 2023,Fall,Low,Archived,32,22.604210749699224
a0QDo000000c1g3MAA,School229,Course63,Fall 2023,Fall,Low,Archived,18,18.738749961155435
a0QDo000000c1p8MAA,School176,Course35,Fall 2023,Fall,Low,Archived,15,16.06461903493022
a0QDo000000c1pEMAQ,School314,Course51,Fall 2023,Fall,Low,Archived,21,17.46881705129027
a0QDo000000c1phMAA,School651,Course9,Fall 2023,Fall,High,Archived,11,11.22705191786538
a0QDo000000c1pmMAA,School249,Course63,Fall 2023,Fall,Medium,Archived,30,31.409111671537342
a0QDo000000c1pXMAQ,School60,Course36,Fall 2023,Fall,Low,Archived,22,23.848989246496796
a0QDo000000c1raMAA,School117,Course63,Fall 2023,Fall,High,Archived,12,13.811571613967187
a0QDo000000c1rEMAQ,School145,Course35,Fall 2023,Fall,Medium,Archived,24,24.069552846642715
a0QDo000000c1rGMAQ,School589,Course63,Fall 2023,Fall,Low,Archived,16,12.267822753528288
a0QDo000000c1rlMAA,School583,Course63,Fall 2023,Fall,Low,Archived,25,18.37743737135872
a0QDo000000c1rnMAA,School75,Course63,Fall 2023,Fall,High,Archived,10,13.009735051290779
a0QDo000000c1roMAA,School313,Course35,Fall 2023,Fall,Low,Archived,21,14.825917214579926
a0QDo000000c1rsMAA,School496,Course63,Fall 2023,Fall,Low,Archived,29,22.111333962652008
a0QDo000000c1rZMAQ,School179,Course51,Fall 2023,Fall,Medium,Archived,12,14.019489788955083
a0QDo000000c1stMAA,School317,Course9,Fall 2023,Fall,Low,Archived,23,22.376634702476455
a0QDo000000c1utMAA,School579,Course9,Fall 2023,Fall,Low,Archived,25,24.896790795595475
a0QDo000000c1zKMAQ,School93,Course36,Fall 2023,Fall,Low,Archived,26,24.94335808236924
a0QDo000000c1zLMAQ,School386,Course53,Fall 2023,Fall,Low,Archived,16,14.596409388759811
a0QDo000000c1ztMAA,School120,Course63,Fall 2023,Fall,High,Archived,14,12.828037029869227
a0QDo000000c1zuMAA,School160,Course51,Fall 2023,Fall,Medium,Archived,20,19.213722044956093
a0QDo000000c200MAA,School381,Course54,Fall 2023,Fall,Medium,Archived,25,24.458364148792715
a0QDo000000c209MAA,School342,Course25,Fall 2023,Fall,Low,Archived,25,23.49382006777168
a0QDo000000c20IMAQ,School153,Course63,Fall 2023,Fall,Low,Archived,20,19.90010123706881
a0QDo000000c20jMAA,School1,Course54,Fall 2023,Fall,Low,Archived,20,19.661253337515543
a0QDo000000c211MAA,School615,Course63,Fall 2023,Fall,Medium,Archived,28,26.064846656191854
a0QDo000000c214MAA,School221,Course25,Fall 2023,Fall,Low,Archived,25,23.31433027857319
a0QDo000000c21EMAQ,School221,Course35,Fall 2023,Fall,Low,Archived,25,19.748153732067145
a0QDo000000c228MAA,School549,Course35,Fall 2023,Fall,Low,Archived,16,13.706243482860872
a0QDo000000c22eMAA,School167,Course51,Fall 2023,Fall,Low,Archived,30,24.795395284672797
a0QDo000000c22EMAQ,School491,Course63,Fall 2023,Fall,Medium,Archived,26,27.881406800459345
a0QDo000000c22gMAA,School460,Course35,Fall 2023,Fall,Low,Archived,17,16.725290894888982
a0QDo000000c22jMAA,School154,Course13,Fall 2023,Fall,Low,Archived,14,12.90594702688669
a0QDo000000c22kMAA,School154,Course51,Fall 2023,Fall,Low,Archived,17,17.156858452621353
a0QDo000000c22KMAQ,School443,Course51,Fall 2023,Fall,Low,Archived,25,20.400575483146998
a0QDo000000c22NMAQ,School491,Course35,Fall 2023,Fall,Medium,Archived,26,21.60293437634519
a0QDo000000c22oMAA,School285,Course51,Fall 2023,Fall,Low,Archived,8,17.674799765689894
a0QDo000000c22pMAA,School374,Course9,Fall 2023,Fall,Low,Archived,23,17.170198847143553
a0QDo000000c22UMAQ,School374,Course63,Fall 2023,Fall,Low,Archived,21,17.099973457171654
a0QDo000000c22XMAQ,School127,Course25,Fall 2023,Fall,Low,Archived,21,19.326400291980693
a0QDo000000c233MAA,School486,Course53,Fall 2023,Fall,Low,Archived,23,21.67808685459475
a0QDo000000c23CMAQ,School319,Course63,Fall 2023,Fall,Low,Archived,13,15.106164011332014
a0QDo000000c23kMAA,School573,Course42,Fall 2023,Fall,Low,Archived,24,25.05600425128874
a0QDo000000c23MMAQ,School240,Course63,Fall 2023,Fall,Low,Archived,19,20.775506819115257
a0QDo000000c24cMAA,School588,Course51,Fall 2023,Fall,Low,Archived,9,11.526678987313566
a0QDo000000c24dMAA,School279,Course63,Fall 2023,Fall,Medium,Archived,15,14.820048201270337
a0QDo000000c24fMAA,School628,Course35,Fall 2023,Fall,Low,Archived,25,21.429477697027004
a0QDo000000c24GMAQ,School404,Course63,Fall 2023,Fall,Medium,Archived,17,17.263752889005954
a0QDo000000c24OMAQ,School556,Course53,Fall 2023,Fall,Low,Archived,17,18.284122425236536
a0QDo000000c24PMAQ,School279,Course51,Fall 2023,Fall,Medium,Archived,11,12.490746057542271
a0QDo000000c24qMAA,School155,Course35,Fall 2023,Fall,Low,Archived,14,15.19484168034703
a0QDo000000c24tMAA,School260,Course35,Fall 2023,Fall,Low,Archived,21,23.19963806898381
a0QDo000000c24TMAQ,School395,Course63,Fall 2023,Fall,Low,Archived,29,29.34565113784848
a0QDo000000c24uMAA,School202,Course54,Fall 2023,Fall,Low,Archived,24,18.05613637063552
a0QDo000000c24xMAA,School645,Course63,Fall 2023,Fall,Low,Archived,15,15.161179938743842
a0QDo000000c257MAA,School9,Course63,Fall 2023,Fall,Medium,Archived,29,37.611439014307905
a0QDo000000c25qMAA,School71,Course63,Fall 2023,Fall,Low,Archived,11,23.80741477990482
a0QDo000000c25rMAA,School71,Course35,Fall 2023,Fall,Low,Archived,10,11.437830958539344
a0QDo000000c25wMAA,School83,Course35,Fall 2023,Fall,Medium,Archived,13,13.922695521985327
a0QDo000000c27mMAA,School202,Course51,Fall 2023,Fall,Low,Archived,11,17.200819176790898
a0QDo000000c27XMAQ,School127,Course35,Fall 2023,Fall,Low,Archived,22,24.47389699432029
a0QDo000000c28aMAA,School556,Course63,Fall 2023,Fall,Low,Archived,19,22.794142577774192
a0QDo000000c28AMAQ,School443,Course35,Fall 2023,Fall,Low,Archived,24,17.809014026090075
a0QDo000000c28fMAA,School591,Course51,Fall 2023,Fall,Medium,Archived,11,10.364718216403825
a0QDo000000c28hMAA,School549,Course51,Fall 2023,Fall,Low,Archived,12,11.987296213026974
a0QDo000000c28kMAA,School555,Course51,Fall 2023,Fall,Low,Archived,20,20.139230398373467
a0QDo000000c28LMAQ,School405,Course51,Fall 2023,Fall,Low,Archived,14,8.929626134965327
a0QDo000000c28mMAA,School348,Course51,Fall 2023,Fall,High,Archived,31,14.395243249907459
a0QDo000000c28nMAA,School230,Course51,Fall 2023,Fall,Low,Archived,27,24.86276040551773
a0QDo000000c29AMAQ,School590,Course24,Fall 2023,Fall,Low,Archived,11,11.477598783574626
a0QDo000000c29fMAA,School6,Course63,Fall 2023,Fall,Low,Archived,16,15.34598476714698
a0QDo000000c29FMAQ,School260,Course51,Fall 2023,Fall,Low,Archived,9,7.521893847115624
a0QDo000000c29gMAA,School6,Course51,Fall 2023,Fall,Low,Archived,19,22.491744796920976
a0QDo000000c29IMAQ,School9,Course51,Fall 2023,Fall,Medium,Archived,26,26.44156546762478
a0QDo000000c29tMAA,School84,Course51,Fall 2023,Fall,Low,Archived,21,19.1276569100365
a0QDo000000c2AbMAI,School562,Course63,Fall 2023,Fall,Low,Archived,11,13.55144027677032
a0QDo000000c2AcMAI,School157,Course51,Fall 2023,Fall,Low,Archived,18,15.04524380431509
a0QDo000000c2AHMAY,School84,Course35,Fall 2023,Fall,Low,Archived,20,10.906248774633859
a0QDo000000c2AlMAI,School481,Course35,Fall 2023,Fall,Medium,Archived,31,20.89075126035705
a0QDo000000c2AmMAI,School481,Course63,Fall 2023,Fall,Medium,Archived,26,25.688745219861506
a0QDo000000c2ATMAY,School309,Course52,Fall 2023,Fall,Low,Archived,15,15.318022176451816
a0QDo000000c2CXMAY,School590,Course53,Fall 2023,Fall,Low,Archived,11,12.000498236243017
a0QDo000000c2fcMAA,School375,Course51,Fall 2023,Fall,Low,Archived,21,24.562336700796603
a0QDo000000c2fFMAQ,School422,Course9,Fall 2023,Fall,Low,Archived,20,20.616028346804427
a0QDo000000c2fGMAQ,School31,Course25,Fall 2023,Fall,Low,Archived,25,23.036870827117518
a0QDo000000c2fHMAQ,School420,Course54,Fall 2023,Fall,Low,Archived,16,19.347635321355497
a0QDo000000c2fjMAA,School518,Course25,Fall 2023,Fall,Low,Archived,20,21.190954854682133
a0QDo000000c2fqMAA,School514,Course63,Fall 2023,Fall,Low,Archived,8,15.419291713744204
a0QDo000000c2HoMAI,School66,Course25,Fall 2023,Fall,Low,Archived,19,22.21324953376285
a0QDo000000c2HPMAY,School556,Course35,Fall 2023,Fall,Low,Archived,24,24.270557349234643
a0QDo000000c2N9MAI,School423,Course52,Fall 2023,Fall,Low,Archived,15,15.72568022685861
a0QDo000000c2NbMAI,School177,Course35,Fall 2023,Fall,High,Archived,4,5.484811994876698
a0QDo000000c2ndMAA,School426,Course54,Fall 2023,Fall,Low,Archived,11,11.116854813262908
a0QDo000000c2NdMAI,School464,Course25,Fall 2023,Fall,Low,Archived,16,17.328553745056023
a0QDo000000c2NLMAY,School630,Course51,Fall 2023,Fall,Low,Archived,8,11.40702872253736
a0QDo000000c2nnMAA,School416,Course25,Fall 2023,Fall,Low,Archived,20,13.069914282565804
a0QDo000000c2NRMAY,School438,Course63,Fall 2023,Fall,High,Dropped,14,15.370772693359704
a0QDo000000c2NTMAY,School177,Course51,Fall 2023,Fall,High,Archived,10,9.349383505856517
a0QDo000000c2NuMAI,School277,Course25,Fall 2023,Fall,Low,Archived,25,25.812595929539167
a0QDo000000c2NWMAY,School582,Course25,Fall 2023,Fall,Low,Archived,25,18.49326677421087
a0QDo000000c2oCMAQ,School344,Course51,Fall 2023,Fall,Medium,Archived,13,8.13177839499491
a0QDo000000c2OxMAI,School88,Course51,Fall 2023,Fall,Low,Archived,21,20.83596652755019
a0QDo000000c2P2MAI,School465,Course52,Fall 2023,Fall,Low,Archived,20,20.145611787953584
a0QDo000000c2peMAA,School351,Course35,Fall 2023,Fall,Low,Archived,6,8.916902156705987
a0QDo000000c2PHMAY,School424,Course52,Fall 2023,Fall,Low,Archived,19,22.470245061275453
a0QDo000000c2PWMAY,School550,Course43,Fall 2023,Fall,Medium,Archived,20,20.765097561605614
a0QDo000000c2q8MAA,School343,Course63,Fall 2023,Fall,Low,Archived,30,25.11483188836373
a0QDo000000c2QaMAI,School345,Course51,Fall 2023,Fall,Low,Archived,13,9.490417030161423
a0QDo000000c2QFMAY,School417,Course42,Fall 2023,Fall,Low,Archived,19,19.630925732827706
a0QDo000000c2QGMAY,School299,Course54,Fall 2023,Fall,Low,Archived,18,17.932065336964666
a0QDo000000c2QHMAY,School91,Course54,Fall 2023,Fall,Medium,Archived,7,8.43971042372765
a0QDo000000c2qIMAQ,School352,Course63,Fall 2023,Fall,Low,Archived,25,25.049479634438804
a0QDo000000c2QjMAI,School418,Course25,Fall 2023,Fall,Low,Archived,16,16.882432408875882
a0QDo000000c2QoMAI,School91,Course51,Fall 2023,Fall,Medium,Archived,12,12.70261877896227
a0QDo000000c2QPMAY,School553,Course54,Fall 2023,Fall,Low,Archived,20,22.37896170626712
a0QDo000000c2R3MAI,School167,Course54,Fall 2023,Fall,Low,Archived,24,23.916437705688917
a0QDo000000c2YiMAI,School276,Course35,Fall 2023,Fall,Low,Archived,18,18.691261240300257
a0QDo000000c2YOMAY,School425,Course25,Fall 2023,Fall,Low,Archived,24,20.097750753356944
a0QDo000000c2yvMAA,School542,Course42,Fall 2023,Fall,Low,Archived,25,27.843426541761303
a0QDo000000c2z0MAA,School542,Course35,Fall 2023,Fall,Low,Archived,26,23.457729748053087
a0QDo000000c3fAMAQ,School351,Course63,Fall 2023,Fall,Low,Archived,38,35.922073085355905
a0QDo000000c3feMAA,School558,Course25,Fall 2023,Fall,Low,Archived,25,24.505154971110475
a0QDo000000c3oMMAQ,School400,Course63,Fall 2023,Fall,Medium,Archived,15,15.2169500164419
a0QDo000000c4rdMAA,School490,Course13,Fall 2023,Fall,Low,Archived,8,13.028486540787608
a0QDo000000c4riMAA,School618,Course13,Fall 2023,Fall,Low,Archived,25,25.067766928958548
a0QDo000000c4roMAA,School491,Course13,Fall 2023,Fall,Medium,Archived,24,29.30987673479002
a0QDo000000c4rpMAA,School351,Course13,Fall 2023,Fall,Low,Archived,21,21.389575191703933
a0QDo000000c4sCMAQ,School343,Course13,Fall 2023,Fall,Low,Archived,25,24.71032848555859
a0QDo000000c5jDMAQ,School495,Course63,Fall 2023,Fall,Medium,Archived,29,28.149769288469138
a0QDo000000c5jmMAA,School5,Course51,Fall 2023,Fall,Medium,Archived,21,22.094996697857194
a0QDo000000c5jwMAA,School520,Course63,Fall 2023,Fall,Low,Archived,21,15.658456966468947
a0QDo000000c5jxMAA,School520,Course13,Fall 2023,Fall,Low,Archived,20,17.58041972233619
a0QDo000000c5jXMAQ,School575,Course35,Fall 2023,Fall,Medium,Archived,20,20.50810253561253
a0QDo000000c5kbMAA,School293,Course35,Fall 2023,Fall,Low,Archived,18,18.333679840389184
a0QDo000000c5kGMAQ,School13,Course63,Fall 2023,Fall,Low,Archived,14,15.0834933322959
a0QDo000000c5kMMAQ,School310,Course51,Fall 2023,Fall,Medium,Archived,31,29.76237355811113
a0QDo000000c5kQMAQ,School531,Course25,Fall 2023,Fall,Low,Archived,21,14.249277204801137
a0QDo000000c5kuMAA,School43,Course63,Fall 2023,Fall,Low,Dropped,20,21.906459424368357
a0QDo000000c5lxMAA,School407,Course63,Fall 2023,Fall,Low,Archived,21,19.352122070358952
a0QDo000000c5m3MAA,School538,Course63,Fall 2023,Fall,Low,Archived,24,30.332654189411297
a0QDo000000c5mHMAQ,School538,Course35,Fall 2023,Fall,Low,Archived,31,26.930539925110267
a0QDo000000c5mJMAQ,School632,Course51,Fall 2023,Fall,Low,Archived,26,19.1821905160233
a0QDo000000c5mNMAQ,School252,Course13,Fall 2023,Fall,Low,Archived,23,23.94694204746956
a0QDo000000c5mRMAQ,School643,Course13,Fall 2023,Fall,Low,Archived,17,17.72078073919603
a0QDo000000c5UDMAY,School151,Course63,Fall 2023,Fall,Low,Archived,15,14.77249549828511
a0QDo000000c6jxMAA,School438,Course25,Fall 2023,Fall,High,Archived,14,15.365637436752188
a0QDo000000c6k3MAA,School311,Course25,Fall 2023,Fall,High,Admissions Drop,0,3.5057270265062837
a0QDo000000c6TVMAY,School202,Course35,Fall 2023,Fall,Low,Archived,17,15.155121208045855
a0QDo000001FcKkMAK,School208,Course51,Fall 2023,Fall,High,Archived,17,16.904830738464437
a0QDo000001FcL9MAK,School236,Course25,Fall 2023,Fall,Low,Archived,24,22.615888473194335
a0QDo000001FcLFMA0,School567,Course51,Fall 2023,Fall,Low,Archived,17,16.887426767400314
a0QDo000001FgHQMA0,School291,Course51,Fall 2023,Fall,Low,Archived,9,8.97211306746788
a0QDo000001FhEfMAK,School578,Course51,Fall 2023,Fall,High,Archived,9,6.004606597804237
a0QDo000001FlgTMAS,School194,Course51,Fall 2023,Fall,Low,Archived,10,11.673414845872552
a0QDo000001FlgWMAS,School175,Course24,Fall 2023,Fall,Low,Archived,26,26.145014776496026
a0QDo000001FlhAMAS,School134,Course63,Fall 2023,Fall,Low,Archived,26,25.794717943450344
a0QDo000001FlhBMAS,School442,Course25,Fall 2023,Fall,Medium,Archived,14,16.404548434357906
a0QDo000001FmlpMAC,School254,Course35,Fall 2023,Fall,Medium,Archived,12,14.535347643260291
a0QDo000001FmMvMAK,School474,Course36,Fall 2023,Fall,Low,Archived,15,16.398027088598734
a0QDo000001FmN6MAK,School484,Course51,Fall 2023,Fall,Low,Archived,13,16.51902942351266
a0QDo000001FmNBMA0,School484,Course63,Fall 2023,Fall,Low,Archived,10,10.557652165426427
a0QDo000001FmNPMA0,School42,Course36,Fall 2023,Fall,High,Archived,17,18.122307942905085
a0QDo000001FmNWMA0,School42,Course51,Fall 2023,Fall,High,Dropped,3,7.16295329733917
a0QDo000001FnTLMA0,School271,Course51,Fall 2023,Fall,Low,Archived,17,17.219846223857214
a0QDo000001FsylMAC,School355,Course63,Fall 2023,Fall,Low,Archived,14,14.628798719847794
a0QDo000001FtlKMAS,School285,Course35,Fall 2023,Fall,Low,Archived,6,14.529317794663363
a0QDo000001FWkAMAW,School223,Course51,Fall 2023,Fall,Low,Archived,22,23.465619051309783
a0QDo000001FWkQMAW,School387,Course13,Fall 2023,Fall,Low,Archived,21,13.316805672334018
a0QDo000001FWkSMAW,School18,Course51,Fall 2023,Fall,Low,Archived,12,15.427957737961833
a0QDo000001FWkUMAW,School387,Course35,Fall 2023,Fall,Low,Archived,17,15.97321256615707
a0QDo000001G07pMAC,School405,Course24,Fall 2023,Fall,Low,Archived,21,20.77699701136552
a0QDo000001G7UIMA0,School405,Course63,Fall 2023,Fall,Low,Archived,18,18.196027370007407
a0QDo000001GaafMAC,School9,Course25,Fall 2023,Fall,Medium,Archived,24,22.590022188087737
a0QDo000001GaliMAC,School536,Course42,Fall 2023,Fall,Low,Archived,23,22.575198270029354
a0QDo000001GauVMAS,School154,Course25,Fall 2023,Fall,Low,Archived,15,15.138288510220123
a0QDo000001Gb20MAC,School630,Course25,Fall 2023,Fall,Low,Archived,11,11.0804341682615
a0QDo000001Gbd6MAC,School28,Course35,Fall 2023,Fall,Low,Archived,17,18.480441718199177
a0QDo000001GbdLMAS,School28,Course25,Fall 2023,Fall,Low,Archived,22,21.792821956486417
a0QDo000001GcnMMAS,School462,Course52,Fall 2023,Fall,High,Dropped,17,22.103801792372348
a0QDo000001Ge9iMAC,School101,Course24,Fall 2023,Fall,Low,Archived,21,21.32593827463796
a0QDo000001GEnAMAW,School154,Course35,Fall 2023,Fall,Low,Archived,15,19.86279136552838
a0QDo000001GeOdMAK,School157,Course25,Fall 2023,Fall,Low,Archived,12,15.564636944101913
a0QDo000001GFK0MAO,School509,Course63,Fall 2023,Fall,Low,Archived,25,26.32796739825211
a0QDo000001GFS6MAO,School530,Course63,Fall 2023,Fall,Low,Archived,22,15.673897221037695
a0QDo000001GFSGMA4,School611,Course54,Fall 2023,Fall,Low,Archived,22,22.987838582624065
a0QDo000001GFStMAO,School394,Course25,Fall 2023,Fall,Low,Archived,31,30.660366736940475
a0QDo000001GFTwMAO,School510,Course36,Fall 2023,Fall,Low,Archived,24,17.622903589599474
a0QDo000001Gg5NMAS,School575,Course75,Fall 2023,Fall,Medium,Archived,29,27.636975419633078
a0QDo000001GhTpMAK,School447,Course13,Fall 2023,Fall,Low,Archived,20,20.166745163138277
a0QDo000001GHz5MAG,School429,Course42,Fall 2023,Fall,Medium,Archived,20,19.512425954446705
a0QDo000001GIkwMAG,School652,Course54,Fall 2023,Fall,Low,Archived,22,21.970663531233736
a0QDo000001GILwMAO,School639,Course52,Fall 2023,Fall,Low,Archived,13,14.084353862774602
a0QDo000001GIN5MAO,School332,Course54,Fall 2023,Fall,Low,Archived,15,14.414136823403863
a0QDo000001GJ6vMAG,School586,Course54,Fall 2023,Fall,Low,Archived,14,20.86088861410819
a0QDo000001GJ7uMAG,School5,Course13,Fall 2023,Fall,Medium,Archived,21,22.793113282389236
a0QDo000001GP4uMAG,School459,Course51,Fall 2023,Fall,Medium,Archived,21,20.687124897135085
a0QDo000001GPcgMAG,School614,Course63,Fall 2023,Fall,Medium,Archived,30,30.598050719022932
a0QDo000001GPWlMAO,School41,Course42,Fall 2023,Fall,Medium,Dropped,19,21.652146434960063
a0QDo000001GPWqMAO,School316,Course42,Fall 2023,Fall,Low,Archived,21,21.13948534782047
a0QDo000001GPXYMA4,School316,Course63,Fall 2023,Fall,Low,Archived,21,21.128788666585372
a0QDo000001GSMZMA4,School101,Course35,Fall 2023,Fall,Low,Archived,24,23.464336231980585
a0QDo000001GVjYMAW,School510,Course63,Fall 2023,Fall,Low,Archived,8,10.290032218657734
a0QDo000001GW8eMAG,School328,Course75,Fall 2023,Fall,Low,Archived,15,16.404765266128894
a0QDo000001GW8jMAG,School328,Course24,Fall 2023,Fall,Low,Archived,15,15.17437751836122
a0QDo000001GWACMA4,School105,Course75,Fall 2023,Fall,Medium,Archived,16,16.87590764387751
a0QDo000001GWAzMAO,School224,Course63,Fall 2023,Fall,Low,Archived,11,9.38177739627743
a0QDo000001GWBiMAO,School358,Course51,Fall 2023,Fall,High,Archived,13,7.489578402108174
a0QDo000001GWBnMAO,School358,Course35,Fall 2023,Fall,High,Archived,3,9.208525671942073
a0QDo000001GYNAMA4,School442,Course63,Fall 2023,Fall,Medium,Archived,9,16.19818676744975
a0QDo000001GZogMAG,School14,Course63,Fall 2023,Fall,Low,Archived,30,30.338306951193363
a0QDo000001GZolMAG,School14,Course51,Fall 2023,Fall,Low,Archived,22,21.353901614172177
a0QDo000004CbUlMAK,School127,Course24,Fall 2023,Fall,Low,Archived,14,15.144603637444854
a0QDo000004CthXMAS,School127,Course17,Fall 2023,Fall,Low,Archived,13,14.368498525132244
a0QDo000004CXFfMAO,School514,Course52,Fall 2023,Fall,Low,Archived,26,18.59508668503674
a0QPm00000LXquzMAD,School58,Course44,Spring 2025,Spring,Medium,Archived,25,25.26116502859839
a0QPm00000XpjphMAB,School101,Course54,Fall 2025,Fall,Low,Archived,23,22.981400618319515
a0QPm00000rDpPaMAK,School128,Course51,Spring 2026,Spring,Medium,Active,20,21.142254646550178
a0QPm000009z7c6MAA,School451,Course34,Fall 2024,Fall,Medium,Archived,15,15.493127661072219
a0QPm00000YVFC5MAP,School464,Course1,Fall 2025,Fall,Low,Dropped,13,14.852348142696933
a0QPm00000Gr1G5MAJ,School481,Course43,Fall 2024,Fall,Medium,Archived,13,10.36509067795375
a0QPm00000zQB9bMAG,School401,Course82,Spring 2026,Spring,Medium,Admissions Drop,6,11.49967127960852
a0QPm00000ZJnYkMAL,School310,Course23,Spring 2026,Spring,Medium,Admissions Drop,0,13.797801017806895
a0QPm00000YeskWMAR,School496,Course45,Spring 2026,Spring,Low,Admissions Drop,0,13.77332828962114
a0QPm00000rpD4tMAE,School257,Course53,Spring 2026,Spring,High,Admissions Drop,0,3.6156846694653995
a0QPm00000rpD4lMAE,School60,Course53,Spring 2026,Spring,Low,Admissions Drop,0,3.3559043020982546
a0QPm00000y5V5cMAE,School575,Course16,Spring 2026,Spring,Medium,Admissions Drop,0,2.626608305072967
a0QPm00000iLaf7MAC,School107,Course21,Spring 2026,Spring,Medium,Admissions Drop,0,4.1516840562245365
a0QPm00000s87IDMAY,School590,Course29,Spring 2026,Spring,Low,Admissions Drop,0,5.056847653319783
a0QPm00000Uf6maMAB,School442,Course80,Spring 2026,Spring,Medium,Admissions Drop,0,2.618439565011347
a0QPm00000UkQSsMAN,School362,Course31,Spring 2026,Spring,High,Admissions Drop,0,5.309842913113505
a0QPm00000ulKB7MAM,School341,Course9,Spring 2026,Spring,Medium,Admissions Drop,0,4.143983249746827
a0QPm00000ulKUUMA2,School341,Course3,Spring 2026,Spring,Medium,Admissions Drop,0,4.156912987295348
a0QPm00000v038LMAQ,School416,Course65,Spring 2026,Spring,Low,Admissions Drop,0,3.1447963934351564
a0QPm00000VaU7NMAV,School382,Course16,Spring 2026,Spring,Low,Admissions Drop,0,3.277582020812753
a0QPm00000VDIEzMAP,School527,Course42,Spring 2026,Spring,Medium,Admissions Drop,0,4.054180362248083
a0QPm00000vgd0xMAA,School66,Course59,Spring 2026,Spring,Low,Admissions Drop,0,10.027294563151955
a0QPm00000AU0PrMAL,School331,Course77,Spring 2025,Spring,High,Admissions Drop,0,3.6512239728023186
a0QPm000009yoZUMAY,School376,Course42,Spring 2025,Spring,Medium,Admissions Drop,0,3.6299442414064753
a0QPm000009yx4rMAA,School376,Course25,Spring 2025,Spring,Medium,Admissions Drop,0,10.382013856065328
a0QPm00000V2tUpMAJ,School229,Course70,Spring 2026,Spring,Low,Admissions Drop,0,2.131606045480143
a0QPm00000hnDeTMAU,School622,Course56,Fall 2025,Fall,Medium,Admissions Drop,0,3.8575835733203254
a0QPm000004ue0UMAQ,School281,Course35,Spring 2024,Spring,Medium,Admissions Drop,0,5.816907350396875
a0QPm00000UTURFMA5,School464,Course44,Fall 2025,Fall,Low,Admissions Drop,0,3.8229889027815602
a0QPm00000VPLQnMAP,School371,Course21,Spring 2026,Spring,High,Admissions Drop,0,5.292937727193687
a0QPm00000WhgnxMAB,School556,Course31,Spring 2026,Spring,Low,Admissions Drop,0,3.3356728818377652
a0QPm00000WvpMjMAJ,School170,Course42,Spring 2026,Spring,Low,Admissions Drop,0,15.73478638080497
a0QPm00000XJfpFMAT,School374,Course13,Spring 2026,Spring,Low,Admissions Drop,0,12.221366984657806
a0QPm00000Yhg0TMAR,School606,Course51,Spring 2026,Spring,Medium,Admissions Drop,0,4.558029478690718
a0QPm00000ZqkSPMAZ,School596,Course59,Spring 2026,Spring,Low,Admissions Drop,0,2.712066057239243
a0QPm00000M8Up4MAF,School320,Course13,Spring 2025,Spring,Low,Admissions Drop,0,3.0863645431368996
a0QPm000009lCYPMA2,School158,Course77,Spring 2025,Spring,High,Admissions Drop,0,5.518429822208128
a0QPm000009ridfMAA,School117,Course62,Spring 2025,Spring,High,Admissions Drop,0,2.4989688257427543
a0QPm000009sbJxMAI,School154,Course50,Spring 2025,Spring,Low,Admissions Drop,0,2.615748788432779
a0QPm000009sbOnMAI,School154,Course65,Spring 2025,Spring,Low,Admissions Drop,0,2.5895186839275666
a0QPm000009sH3ZMAU,School154,Course21,Spring 2025,Spring,Low,Admissions Drop,0,2.6147670049714677
a0QPm000009xdfHMAQ,School220,Course40,Spring 2025,Spring,High,Admissions Drop,0,3.267185367532771
a0QPm000009xhv0MAA,School278,Course73,Spring 2025,Spring,High,Admissions Drop,0,5.353845968930722
a0QPm000009xkjBMAQ,School220,Course9,Spring 2025,Spring,High,Admissions Drop,0,3.2755743565727267
a0QPm000009xkXtMAI,School220,Course35,Spring 2025,Spring,High,Admissions Drop,0,3.2717842479568082
a0QPm000009xqgXMAQ,School609,Course40,Spring 2025,Spring,High,Admissions Drop,0,2.6777695539520976
a0QPm000009yoG8MAI,School479,Course62,Spring 2025,Spring,Medium,Admissions Drop,0,6.241127845342887
a0QPm000009yScAMAU,School47,Course62,Spring 2025,Spring,High,Admissions Drop,0,5.303094443637333
a0QPm00000A5zd2MAB,School533,Course25,Spring 2025,Spring,High,Admissions Drop,0,5.226489497248165
a0QPm00000A7g4nMAB,School395,Course16,Spring 2025,Spring,Low,Admissions Drop,0,3.3036047121101086
a0QPm00000A7LBjMAN,School585,Course25,Spring 2025,Spring,High,Admissions Drop,0,5.226489497248165
a0QPm00000A7SQ3MAN,School585,Course79,Spring 2025,Spring,High,Admissions Drop,0,5.361905487519048
a0QPm00000AAwTkMAL,School101,Course27,Spring 2025,Spring,Low,Admissions Drop,0,3.424947059432883
a0QPm00000ABXivMAH,School354,Course45,Spring 2025,Spring,Low,Admissions Drop,0,20.701288945871273
a0QPm00000AC8fCMAT,School246,Course3,Spring 2025,Spring,High,Admissions Drop,0,5.3147798813761
a0QPm00000AC8nFMAT,School246,Course23,Spring 2025,Spring,High,Admissions Drop,0,5.289440517755586
a0QPm00000AJFOzMAP,School43,Course27,Spring 2025,Spring,Low,Admissions Drop,0,4.041290462213243
a0QPm00000AvVULMA3,School201,Course13,Spring 2025,Spring,High,Admissions Drop,0,5.250115198081889
a0QPm00000BSuAbMAL,School333,Course27,Spring 2025,Spring,High,Admissions Drop,0,4.194993028015471
a0QPm00000C1p6RMAR,School298,Course16,Spring 2025,Spring,High,Admissions Drop,0,5.337662661270908
a0QPm00000C9rm9MAB,School326,Course80,Spring 2025,Spring,High,Admissions Drop,0,5.295044475417294
a0QPm00000CjLqzMAF,School354,Course16,Spring 2025,Spring,Low,Admissions Drop,0,4.445126181394919
a0QPm00000L6dAhMAJ,School181,Course33,Spring 2025,Spring,High,Admissions Drop,0,2.765102184428176
a0QPm00000D9Ss1MAF,School629,Course16,Spring 2025,Spring,High,Admissions Drop,0,4.6367998909506305
a0QPm00000DktGXMAZ,School282,Course3,Spring 2025,Spring,Medium,Admissions Drop,0,2.24546607044765
a0QPm00000IrVmTMAV,School91,Course35,Spring 2025,Spring,Medium,Admissions Drop,0,2.955624381409655
a0QPm00000KSaTGMA1,School556,Course33,Spring 2025,Spring,Low,Admissions Drop,0,11.83446265601551
a0QPm00000LobGPMAZ,School242,Course82,Spring 2025,Spring,Low,Admissions Drop,0,9.010308713628291
a0QPm00000M8JLnMAN,School403,Course82,Spring 2025,Spring,Low,Admissions Drop,0,3.6370617623192896
a0QPm00000MAlU2MAL,School383,Course82,Spring 2025,Spring,Low,Admissions Drop,0,3.4402199342858655
a0QPm00000Mer5lMAB,School40,Course9,Spring 2025,Spring,High,Admissions Drop,0,5.301850143827579
a0QPm00000MerddMAB,School40,Course35,Spring 2025,Spring,High,Admissions Drop,0,5.298060035211661
a0QPm00000MUlQ7MAL,School293,Course59,Spring 2025,Spring,Low,Admissions Drop,0,5.922792272372141
a0QPm00000MUqZBMA1,School293,Course59,Spring 2025,Spring,Low,Admissions Drop,0,5.922792272372141
a0QPm00000MYUILMA5,School362,Course13,Spring 2025,Spring,High,Admissions Drop,0,5.250115198081889
a0QPm00000NcTWvMAN,School364,Course9,Spring 2025,Spring,High,Admissions Drop,0,5.301850143827579
a0QPm00000NVrjLMAT,School451,Course51,Spring 2025,Spring,Medium,Admissions Drop,0,13.49553433717979
a0QPm00000ORG7iMAH,School481,Course11,Spring 2025,Spring,Medium,Admissions Drop,0,3.379547620129217
a0QDo000000AiPQMA0,School545,Course25,Spring 2024,Spring,High,Admissions Drop,0,5.226489497248165
a0QDo000000BwwUMAS,School547,Course25,Spring 2024,Spring,High,Admissions Drop,0,5.102184841376586
a0QDo000000c208MAA,School102,Course51,Spring 2024,Spring,High,Admissions Drop,0,8.799753368487695
a0QDo000000c20DMAQ,School521,Course41,Spring 2024,Spring,High,Admissions Drop,0,5.254773276220746
a0QDo000000c23GMAQ,School92,Course62,Spring 2024,Spring,High,Admissions Drop,0,3.96720651919916
a0QDo000000c23TMAQ,School270,Course62,Spring 2024,Spring,High,Admissions Drop,0,5.303094443637333
a0QDo000000c27iMAA,School521,Course82,Spring 2024,Spring,High,Admissions Drop,0,5.3247309580303925
a0QDo000000c28PMAQ,School142,Course51,Spring 2024,Spring,High,Admissions Drop,0,5.402075174318229
a0QDo000000c28qMAA,School92,Course35,Spring 2024,Spring,High,Admissions Drop,0,3.962172110773488
a0QDo000000c29iMAA,School408,Course35,Spring 2024,Spring,High,Admissions Drop,0,4.418334965143613
a0QDo000000c29nMAA,School408,Course62,Spring 2024,Spring,High,Admissions Drop,0,5.128359118621522
a0QDo000000c2N6MAI,School312,Course13,Spring 2024,Spring,High,Admissions Drop,0,5.250115198081889
a0QDo000000c2njMAA,School626,Course35,Spring 2024,Spring,High,Admissions Drop,0,5.298060035211661
a0QDo000000c2o7MAA,School626,Course62,Spring 2024,Spring,High,Admissions Drop,0,5.303094443637333
a0QDo000000c5jOMAQ,School135,Course51,Spring 2024,Spring,High,Admissions Drop,0,1.918079653592272
a0QDo000000c5kaMAA,School206,Course35,Spring 2024,Spring,High,Admissions Drop,0,4.506089702382727
a0QDo000000c5koMAA,School205,Course51,Spring 2024,Spring,High,Admissions Drop,0,5.271088153503132
a0QDo000000CEt7MAG,School298,Course25,Spring 2024,Spring,High,Admissions Drop,0,5.226489497248165
a0QDo000001FcL0MAK,School363,Course62,Spring 2024,Spring,Medium,Admissions Drop,0,3.6348538295791526
a0QDo000001FcL4MAK,School363,Course51,Spring 2024,Spring,Medium,Admissions Drop,0,10.370749091946424
a0QDo000001FcLAMA0,School366,Course51,Spring 2024,Spring,High,Admissions Drop,0,5.271088153503132
a0QDo000001FcLBMA0,School574,Course9,Spring 2024,Spring,High,Admissions Drop,0,5.301850143827579
a0QDo000001FlgPMAS,School476,Course51,Spring 2024,Spring,High,Admissions Drop,0,5.271088153503132
a0QDo000001FnT7MAK,School513,Course35,Spring 2024,Spring,High,Admissions Drop,0,5.298060035211661
a0QDo000001FWkPMAW,School594,Course25,Spring 2024,Spring,High,Admissions Drop,0,5.226489497248165
a0QDo000001GPWpMAO,School494,Course13,Spring 2024,Spring,High,Admissions Drop,0,5.250115198081889
a0QDo000001GPWRMA4,School494,Course62,Spring 2024,Spring,High,Admissions Drop,0,5.303094443637333
a0QDo000001GPXjMAO,School234,Course51,Spring 2024,Spring,Medium,Admissions Drop,0,2.721323481881889
a0QDo000001GWAaMAO,School445,Course82,Spring 2024,Spring,High,Admissions Drop,0,3.042001391496427
a0QDo000001GWBuMAO,School539,Course31,Spring 2024,Spring,High,Admissions Drop,0,9.35874233062021
a0QDo000004CpAOMA0,School210,Course9,Spring 2024,Spring,High,Admissions Drop,0,5.301850143827579
a0QPm000004g1wfMAA,School444,Course25,Spring 2024,Spring,High,Admissions Drop,0,2.520342344049347
a0QPm000004YOjxMAG,School318,Course51,Spring 2024,Spring,Medium,Admissions Drop,0,13.4817964280144
a0QPm0000057QJ3MAM,School461,Course36,Spring 2024,Spring,High,Admissions Drop,0,12.422779302228562
a0QPm00000V2XnfMAF,School649,Course34,Fall 2025,Fall,Low,Admissions Drop,0,13.688386682651277
a0QPm00000V73KHMAZ,School120,Course72,Fall 2025,Fall,High,Admissions Drop,0,1.9043503277736344
a0QPm00000UkB2TMAV,School362,Course72,Fall 2025,Fall,High,Admissions Drop,0,5.200224527542261
a0QPm00000XYIsOMAX,School464,Course51,Fall 2025,Fall,Low,Admissions Drop,0,3.83734929630804
a0QPm00000YDT2GMAX,School562,Course11,Fall 2025,Fall,Low,Admissions Drop,0,3.2482443680721325
a0QPm00000HL6n0MAD,School179,Course10,Fall 2024,Fall,Medium,Admissions Drop,0,2.1679270472151124
a0QPm000009lCTZMA2,School158,Course25,Fall 2024,Fall,High,Admissions Drop,0,5.120935950215442
a0QPm000009roXlMAI,School117,Course52,Fall 2024,Fall,High,Admissions Drop,0,10.501460930779142
a0QPm000009xdF5MAI,School220,Course36,Fall 2024,Fall,High,Admissions Drop,0,4.426602730250619
a0QPm000009xfJiMAI,School278,Course54,Fall 2024,Fall,High,Admissions Drop,0,5.13256472154921
a0QPm000009xhqAMAQ,School278,Course51,Fall 2024,Fall,High,Admissions Drop,0,5.165534606470408
a0QPm000009xnZ1MAI,School609,Course25,Fall 2024,Fall,High,Admissions Drop,0,6.935848874136325
a0QPm000009yTunMAE,School47,Course52,Fall 2024,Fall,High,Admissions Drop,0,5.199911299885651
a0QPm000009z1oPMAQ,School479,Course63,Fall 2024,Fall,Medium,Admissions Drop,0,9.880856009295684
a0QPm00000A5zzZMAR,School533,Course42,Fall 2024,Fall,High,Admissions Drop,0,5.1367678880580625
a0QPm00000A7Wv3MAF,School585,Course35,Fall 2024,Fall,High,Admissions Drop,0,5.192506488178937
a0QPm00000A7X37MAF,School585,Course42,Fall 2024,Fall,High,Admissions Drop,0,5.1367678880580625
a0QPm00000AvU8UMAV,School201,Course36,Fall 2024,Fall,High,Admissions Drop,0,5.127049229221433
a0QPm00000C9rkXMAR,School326,Course75,Fall 2024,Fall,High,Admissions Drop,0,5.13048397266667
a0QPm00000CFuxSMAT,School160,Course63,Fall 2024,Fall,Medium,Admissions Drop,0,2.254504764054969
a0QPm00000D9D50MAF,School629,Course15,Fall 2024,Fall,High,Admissions Drop,0,3.5991329693233647
a0QPm00000D9T1hMAF,School629,Course10,Fall 2024,Fall,High,Admissions Drop,0,3.596939435103497
a0QPm00000Dsz8fMAB,School358,Course9,Fall 2024,Fall,High,Admissions Drop,0,2.6559111515721883
a0QDo000000AEDgMAO,School506,Course52,Fall 2023,Fall,High,Admissions Drop,0,5.199911299885651
a0QDo000000AEE5MAO,School539,Course51,Fall 2023,Fall,High,Admissions Drop,0,4.405415383895299
a0QDo000000AEEoMAO,School409,Course43,Fall 2023,Fall,High,Admissions Drop,0,2.257013034718585
a0QDo000000AgJOMA0,School290,Course36,Fall 2023,Fall,High,Admissions Drop,0,5.127049229221433
a0QDo000000AiPLMA0,School545,Course42,Fall 2023,Fall,High,Admissions Drop,0,5.1367678880580625
a0QDo000000Am6XMAS,School118,Course52,Fall 2023,Fall,High,Admissions Drop,0,5.199911299885651
a0QDo000000Am9lMAC,School289,Course51,Fall 2023,Fall,High,Admissions Drop,0,11.606250386957322
a0QDo000000AR5qMAG,School413,Course54,Fall 2023,Fall,Medium,Admissions Drop,0,3.3274434582966306
a0QDo000000Au8BMAS,School564,Course63,Fall 2023,Fall,Medium,Admissions Drop,0,2.704601571085349
a0QDo000000AyZDMA0,School268,Course63,Fall 2023,Fall,Low,Admissions Drop,0,13.722399692985913
a0QDo000000B4PvMAK,School300,Course63,Fall 2023,Fall,High,Admissions Drop,0,5.12607120682296
a0QDo000000BlOHMA0,School435,Course36,Fall 2023,Fall,High,Admissions Drop,0,14.306336385221778
a0QDo000000BpLDMA0,School499,Course52,Fall 2023,Fall,High,Admissions Drop,0,3.282284688180596
a0QDo000000BwrgMAC,School511,Course63,Fall 2023,Fall,Medium,Admissions Drop,0,4.209973560513709
a0QDo000000BwvlMAC,School377,Course63,Fall 2023,Fall,High,Admissions Drop,0,5.12607120682296
a0QDo000000BwwPMAS,School547,Course42,Fall 2023,Fall,High,Admissions Drop,0,5.872460608370724
a0QDo000000c1pSMAQ,School516,Course35,Fall 2023,Fall,High,Admissions Drop,0,2.4048359678121134
a0QDo000000c1zvMAA,School521,Course43,Fall 2023,Fall,High,Admissions Drop,0,5.171193107053953
a0QDo000000c22hMAA,School548,Course9,Fall 2023,Fall,Medium,Admissions Drop,0,2.9744596851704066
a0QDo000000c237MAA,School92,Course63,Fall 2023,Fall,High,Admissions Drop,0,7.556355114717409
a0QDo000000c23SMAQ,School270,Course63,Fall 2023,Fall,High,Admissions Drop,0,5.12607120682296
a0QDo000000c23VMAQ,School431,Course35,Fall 2023,Fall,High,Admissions Drop,0,5.192506488178937
a0QDo000000c23zMAA,School430,Course63,Fall 2023,Fall,Low,Admissions Drop,0,9.223640462977594
a0QDo000000c245MAA,School142,Course51,Fall 2023,Fall,High,Admissions Drop,0,3.6601377309349354
a0QDo000000c28OMAQ,School142,Course63,Fall 2023,Fall,High,Admissions Drop,0,3.6206743312874874
a0QDo000000c294MAA,School367,Course35,Fall 2023,Fall,High,Admissions Drop,0,5.192506488178937
a0QDo000000c295MAA,School92,Course35,Fall 2023,Fall,High,Admissions Drop,0,4.23883961982265
a0QDo000000c29dMAA,School408,Course35,Fall 2023,Fall,High,Admissions Drop,0,4.583066307768794
a0QDo000000c29eMAA,School408,Course63,Fall 2023,Fall,High,Admissions Drop,0,6.208606414538184
a0QDo000000c29JMAQ,School368,Course35,Fall 2023,Fall,High,Admissions Drop,0,3.153195810835557
a0QDo000000c29kMAA,School102,Course35,Fall 2023,Fall,High,Admissions Drop,0,4.8524397657496285
a0QDo000000c2ARMAY,School548,Course35,Fall 2023,Fall,Medium,Admissions Drop,0,12.699528058275357
a0QDo000000c5knMAA,School205,Course63,Fall 2023,Fall,High,Admissions Drop,0,5.12607120682296
a0QDo000000c5mMMAQ,School213,Course13,Fall 2023,Fall,High,Admissions Drop,0,5.144561651049165
a0QDo000000CEsYMAW,School298,Course13,Fall 2023,Fall,High,Admissions Drop,0,5.144561651049165
a0QDo000000CG4oMAG,School633,Course24,Fall 2023,Fall,Low,Admissions Drop,0,3.6077924742574012
a0QDo000001FcKgMAK,School363,Course51,Fall 2023,Fall,Medium,Admissions Drop,0,10.29386212411984
a0QDo000001FcKlMAK,School552,Course25,Fall 2023,Fall,Medium,Admissions Drop,0,4.9802245924278195
a0QDo000001FcKzMAK,School363,Course63,Fall 2023,Fall,Medium,Admissions Drop,0,3.48649717197092
a0QDo000001FcLEMA0,School366,Course35,Fall 2023,Fall,High,Admissions Drop,0,5.192506488178937
a0QDo000001FcLJMA0,School574,Course35,Fall 2023,Fall,High,Admissions Drop,0,5.192506488178937
a0QDo000001FcLVMA0,School609,Course43,Fall 2023,Fall,High,Admissions Drop,0,2.756167560661416
a0QDo000001FlgcMAC,School261,Course13,Fall 2023,Fall,Medium,Admissions Drop,0,3.825722385794636
a0QDo000001FlggMAC,School261,Course63,Fall 2023,Fall,Medium,Admissions Drop,0,2.9612442475057468
a0QDo000001FlhLMAS,School476,Course63,Fall 2023,Fall,High,Admissions Drop,0,5.12607120682296
a0QDo000001FnT6MAK,School513,Course51,Fall 2023,Fall,High,Admissions Drop,0,5.165534606470408
a0QDo000001FWkjMAG,School164,Course63,Fall 2023,Fall,Medium,Admissions Drop,0,8.150469520656431
a0QDo000001FWkLMAW,School594,Course51,Fall 2023,Fall,High,Admissions Drop,0,5.165534606470408
a0QDo000001GPWkMAO,School494,Course42,Fall 2023,Fall,High,Admissions Drop,0,5.1367678880580625
a0QDo000001GPWQMA4,School494,Course63,Fall 2023,Fall,High,Admissions Drop,0,5.12607120682296
a0QDo000001GPY7MAO,School234,Course35,Fall 2023,Fall,Medium,Admissions Drop,0,10.579130079190943
a0QDo000001GWAfMAO,School445,Course43,Fall 2023,Fall,High,Admissions Drop,0,1.9567997163203925
a0QDo000001GWBOMA4,School647,Course35,Fall 2023,Fall,High,Admissions Drop,0,4.067542056879929
a0QDo000004CpA4MAK,School210,Course13,Fall 2023,Fall,High,Admissions Drop,0,5.144561651049165
a0QDo000000c1wbMAA,School625,Course62,Spring 2024,Spring,Medium,Admissions Drop,0,3.1445267617922257
a0QPm000008osF7MAI,School382,Course51,Spring 2024,Spring,Low,Archived,12,14.378045074672405
a0QPm000008XzPtMAK,School176,Course51,Spring 2024,Spring,Low,Archived,5,4.436240384149289
a0QPm00000ARIfpMAH,School547,Course10,Fall 2024,Fall,High,Dropped,12,16.045344630672886
a0QPm000004utlwMAA,School95,Course42,Fall 2023,Fall,Low,Dropped,4,6.036551388548448
a0QPm000004uzBbMAI,School427,Course54,Fall 2023,Fall,High,Dropped,12,15.648844619525988
a0QPm00000V052fMAB,School380,Course13,Spring 2026,Spring,Medium,Admissions Drop,0,9.945177905272445
a0QPm00000VxFKYMA3,School573,Course70,Spring 2026,Spring,Low,Admissions Drop,0,2.9944753490649543
a0QPm00000VxykhMAB,School621,Course25,Spring 2026,Spring,Low,Active,16,16.503013044170167
a0QPm00000UUfFlMAL,School154,Course51,Spring 2026,Spring,Low,Active,19,16.821265197426236
a0QPm000009lEK5MAM,School69,Course4,Spring 2025,Spring,Low,Admissions Drop,0,2.844825822719216
a0QPm000009zbqHMAQ,School474,Course47,Spring 2025,Spring,Low,Admissions Drop,0,3.4121980099532285
a0QPm00000V30QbMAJ,School26,Course81,Spring 2026,Spring,Low,Active,8,8.023826885027784
a0QPm000009zY1DMAU,School474,Course46,Fall 2024,Fall,Low,Admissions Drop,0,3.9940387236124435
a0QPm00000VVHcEMAX,School75,Course51,Spring 2026,Spring,High,Admissions Drop,0,8.991428599553247
a0QPm00000VVJB0MAP,School75,Course26,Spring 2026,Spring,High,Admissions Drop,0,2.809263793381843
a0QPm00000VVTBxMAP,School75,Course73,Spring 2026,Spring,High,Admissions Drop,0,2.6446799401044374
a0QPm00000Vwh18MAB,School268,Course25,Spring 2026,Spring,Low,Active,15,15.97752737245779
a0QPm000009pLlBMAU,School259,Course13,Fall 2024,Fall,Low,Admissions Drop,0,9.038001234381957
a0QPm000009pLurMAE,School259,Course52,Fall 2024,Fall,Low,Admissions Drop,0,2.7484431777483094
a0QPm000009sqyvMAA,School324,Course52,Fall 2024,Fall,Low,Admissions Drop,0,3.146285898792403
a0QPm000009rxnxMAA,School182,Course11,Spring 2025,Spring,Medium,Admissions Drop,0,4.2411335760908475
a0QPm00000A5EsbMAF,School210,Course79,Spring 2025,Spring,High,Admissions Drop,0,5.361905487519048
a0QPm00000ozGFxMAM,School409,Course57,Spring 2026,Spring,High,Active,6,9.027436893251632
a0QPm00000mzWguMAE,School133,Course45,Spring 2026,Spring,Low,Active,26,21.80099533578257
a0QPm00000n05BZMAY,School133,Course13,Spring 2026,Spring,Low,Active,21,17.900354108289175
a0QPm00000n05hpMAA,School133,Course13,Spring 2026,Spring,Low,Active,18,17.900354108289175
a0QPm00000n06fVMAQ,School133,Course21,Spring 2026,Spring,Low,Active,16,16.3693947949433
a0QPm00000p77kBMAQ,School297,Course57,Spring 2026,Spring,Low,Active,24,23.963153321580393
a0QPm00000pcFlRMAU,School293,Course30,Spring 2026,Spring,Low,Active,14,14.880849641046503
a0QPm00000p7IcLMAU,School523,Course57,Spring 2026,Spring,Low,Active,19,18.992404327967375
a0QPm00000p7IqrMAE,School523,Course30,Spring 2026,Spring,Low,Active,17,17.310211710760072
a0QPm00000pvRPXMA2,School131,Course21,Spring 2026,Spring,Low,Active,24,24.146050427087502
a0QPm00000pvtgkMAA,School131,Course45,Spring 2026,Spring,Low,Active,24,23.65573710948798
a0QPm00000pw28vMAA,School131,Course45,Spring 2026,Spring,Low,Active,23,23.65573710948798
a0QPm00000qf49lMAA,School526,Course8,Spring 2026,Spring,Low,Active,15,15.378498396214138
a0QPm00000qnh5vMAA,School154,Course51,Spring 2026,Spring,Low,Active,18,16.821265197426236
a0QPm00000qo5UnMAI,School154,Course80,Spring 2026,Spring,Low,Active,17,16.986219468350843
a0QPm00000r3r4TMAQ,School216,Course42,Spring 2026,Spring,Low,Active,25,23.96251040653848
a0QPm00000pxJ1FMAU,School131,Course8,Spring 2026,Spring,Low,Admissions Drop,0,11.733303296224216
a0QPm00000pxJqrMAE,School131,Course8,Spring 2026,Spring,Low,Active,28,11.733303296224216
a0QPm00000sDIhcMAG,School132,Course13,Spring 2026,Spring,Low,Active,21,19.06873752291087
a0QPm00000sKAycMAG,School261,Course23,Spring 2026,Spring,Medium,Active,17,16.571231750355544
a0QPm00000sZGm1MAG,School525,Course9,Spring 2026,Spring,Medium,Active,5,6.62064431801259
a0QPm00000rpD4kMAE,School542,Course53,Spring 2026,Spring,Low,Active,20,20.038668893158537
a0QPm00000rpD4pMAE,School486,Course53,Spring 2026,Spring,Low,Active,22,21.694600269244763
a0QPm00000tleaGMAQ,School378,Course51,Spring 2026,Spring,Low,Active,18,18.4137688594207
a0QPm00000tltJ9MAI,School531,Course9,Spring 2026,Spring,Low,Active,18,17.469281221530853
a0QPm00000rpD4rMAE,School59,Course53,Spring 2026,Spring,Low,Admissions Drop,0,20.721093025535836
a0QPm00000ui50bMAA,School59,Course51,Spring 2026,Spring,Low,Admissions Drop,0,13.99074065688515
a0QPm00000vHqz4MAC,School133,Course29,Spring 2026,Spring,Low,Active,18,17.68541268913834
a0QPm00000vIAHqMAO,School133,Course29,Spring 2026,Spring,Low,Active,16,17.68541268913834
a0QPm00000qVG2XMAW,School560,Course29,Spring 2026,Spring,High,Active,25,15.039953843372253
a0QPm00000A5Ac6MAF,School210,Course35,Fall 2024,Fall,High,Admissions Drop,0,5.192506488178937
a0QPm00000w5xsTMAQ,School606,Course13,Spring 2026,Spring,Medium,Active,23,21.45681040452315
a0QPm00000w7hoPMAQ,School514,Course53,Spring 2026,Spring,Low,Active,15,17.203298676812846
a0QPm00000wDHOOMA4,School137,Course23,Spring 2026,Spring,Low,Active,30,29.554189145625216
a0QPm00000wdmszMAA,School137,Course53,Spring 2026,Spring,Low,Active,17,18.50044757470708
a0QPm00000xhAdIMAU,School286,Course23,Spring 2026,Spring,High,Admissions Drop,0,2.1717161143711157
a0QPm00000xhmVdMAI,School286,Course51,Spring 2026,Spring,High,Admissions Drop,0,2.153363750118661
a0QPm00000xpHrGMAU,School560,Course29,Spring 2026,Spring,High,Admissions Drop,0,15.039953843372253
a0QPm00000xvoKfMAI,School481,Course60,Spring 2026,Spring,Medium,Active,7,12.248124108106643
a0QPm00000xwKPNMA2,School481,Course60,Spring 2026,Spring,Medium,Active,14,12.248124108106643
a0QPm00000xyWuHMAU,School126,Course48,Spring 2026,Spring,Medium,Admissions Drop,0,3.0964790696395426
a0QPm00000qe8FUMAY,School649,Course19,Spring 2026,Spring,Low,Active,25,25.05936196994416
a0QPm00000yCAqfMAG,School225,Course19,Spring 2026,Spring,Low,Active,15,18.193878124177814
a0QPm00000yU8QbMAK,School125,Course60,Spring 2026,Spring,Medium,Active,19,18.503025576455634
a0QPm00000l3nh6MAA,School307,Course60,Spring 2026,Spring,Medium,Active,19,20.61812109466243
a0QPm00000a6977MAA,School170,Course48,Spring 2026,Spring,Low,Active,16,17.209276546317472
a0QPm00000a6CpmMAE,School449,Course40,Spring 2026,Spring,Low,Active,21,17.867287528497307
a0QPm00000acTkEMAU,School556,Course19,Spring 2026,Spring,Low,Active,28,26.873648414176984
a0QPm00000aXQVHMA4,School166,Course25,Spring 2026,Spring,Low,Active,20,16.90210268673863
a0QPm00000b91E9MAI,School208,Course9,Spring 2026,Spring,High,Admissions Drop,0,4.0049430328071365
a0QPm00000b9oTJMAY,School208,Course35,Spring 2026,Spring,High,Admissions Drop,0,4.001152924191219
a0QPm00000b9ZHPMA2,School540,Course79,Spring 2026,Spring,Low,Active,20,20.61273097449888
a0QPm00000bvuhhMAA,School481,Course19,Spring 2026,Spring,Medium,Active,15,15.937747945341673
a0QPm00000cpXvKMAU,School515,Course13,Spring 2026,Spring,Medium,Admissions Drop,0,13.583294118598287
a0QPm00000g2DFXMA2,School443,Course13,Spring 2026,Spring,Low,Active,21,20.538142946611753
a0QPm00000iZZ9dMAG,School612,Course79,Spring 2026,Spring,Low,Active,14,14.081113831141455
a0QPm00000nPsp3MAC,School400,Course30,Spring 2026,Spring,Medium,Admissions Drop,2,3.7707412864621723
a0QPm00000ns82nMAA,School260,Course30,Spring 2026,Spring,Low,Active,15,15.967099041572272
a0QPm00000nsB8jMAE,School28,Course57,Spring 2026,Spring,Low,Active,18,17.94876706829724
a0QPm00000nsIRxMAM,School579,Course57,Spring 2026,Spring,Low,Active,18,18.7331658611633
a0QPm00000nsLmPMAU,School596,Course57,Spring 2026,Spring,Low,Active,18,17.864250411455217
a0QPm00000nsOfUMAU,School442,Course30,Spring 2026,Spring,Medium,Active,20,19.49418305462868
a0QPm00000nzcVlMAI,School491,Course30,Spring 2026,Spring,Medium,Active,15,16.082489366632707
a0QPm00000oBq6XMAS,School420,Course30,Spring 2026,Spring,Low,Active,22,22.369728454394348
a0QPm00000oGGlZMAW,School268,Course57,Spring 2026,Spring,Low,Active,19,19.376239964323247
a0QPm00000oGHUjMAO,School268,Course23,Spring 2026,Spring,Low,Active,17,17.73245378109058
a0QPm00000oI1leMAC,School636,Course57,Spring 2026,Spring,Low,Active,20,19.825544035698083
a0QPm00000okiXVMAY,School527,Course45,Spring 2026,Spring,Medium,Active,25,25.199614619259766
a0QPm00000qfVmfMAE,School75,Course35,Spring 2026,Spring,High,Admissions Drop,0,11.330766845033114
a0QPm00000qN2pZMAS,School580,Course42,Spring 2026,Spring,Low,Active,15,16.187218615735357
a0QPm00000qqN7RMAU,School13,Course9,Spring 2026,Spring,Low,Active,19,18.99710112990852
a0QPm00000qZcAwMAK,School628,Course19,Spring 2026,Spring,Low,Active,24,23.57513627974748
a0QPm00000qZWjpMAG,School452,Course70,Spring 2026,Spring,Low,Admissions Drop,0,3.3621394897125025
a0QPm00000rCeCsMAK,School330,Course35,Spring 2026,Spring,Low,Active,22,21.778081878575033
a0QPm00000rDNMrMAO,School576,Course19,Spring 2026,Spring,Medium,Admissions Drop,0,3.823257879870651
a0QPm00000rdQVZMA2,School374,Course3,Spring 2026,Spring,Low,Active,21,23.565867588787814
a0QPm00000rpp0MMAQ,School77,Course51,Spring 2026,Spring,Medium,Admissions Drop,0,3.770869683275106
a0QPm00000sDaszMAC,School266,Course21,Spring 2026,Spring,Low,Dropped,22,24.11655158070381
a0QPm00000sDvUSMA0,School405,Course8,Spring 2026,Spring,Low,Active,15,15.400244464586507
a0QPm00000sEQehMAG,School529,Course8,Spring 2026,Spring,Low,Active,18,17.929250473956678
a0QPm00000sJM2XMAW,School452,Course11,Spring 2026,Spring,Low,Active,16,16.671290869932694
a0QPm00000sKlgQMAS,School304,Course23,Spring 2026,Spring,Low,Active,14,14.940179346156242
a0QPm00000sKXVSMA4,School374,Course79,Spring 2026,Spring,Low,Admissions Drop,0,3.3092885374263377
a0QPm00000sot3rMAA,School107,Course41,Spring 2026,Spring,Medium,Active,25,24.40477917884615
a0QPm00000souhSMAQ,School413,Course23,Spring 2026,Spring,Medium,Active,11,12.479629281126
a0QPm00000sWx2gMAC,School141,Course9,Spring 2026,Spring,Low,Active,22,21.167056217394375
a0QPm00000sxubnMAA,School123,Course11,Spring 2026,Spring,Low,Active,15,15.988674099148039
a0QPm00000t2KZHMA2,School391,Course35,Spring 2026,Spring,Medium,Active,15,15.804117919964966
a0QPm00000tFohZMAS,School365,Course35,Spring 2026,Spring,Medium,Active,25,25.466773144519227
a0QPm00000tFTd8MAG,School126,Course51,Spring 2026,Spring,Medium,Active,22,21.6724643820229
a0QPm00000tmhuDMAQ,School369,Course23,Spring 2026,Spring,Low,Active,23,23.306564965555108
a0QPm00000tNMeXMAW,School329,Course9,Spring 2026,Spring,Low,Active,30,28.92413764807779
a0QPm00000tPIVnMAO,School542,Course47,Spring 2026,Spring,Low,Active,18,18.374188784989133
a0QPm00000TtZpHMAV,School374,Course65,Spring 2026,Spring,Low,Active,10,10.841406786531092
a0QPm00000tXrXJMA0,School614,Course11,Spring 2026,Spring,Medium,Active,27,26.1080509885836
a0QPm00000ubLq2MAE,School200,Course11,Spring 2026,Spring,Low,Active,21,20.963338335204458
a0QPm00000ubnRJMAY,School580,Course51,Spring 2026,Spring,Low,Active,25,24.67586227477454
a0QPm00000UcafaMAB,School341,Course33,Spring 2026,Spring,Medium,Admissions Drop,0,4.190888852583659
a0QPm00000ucLRQMA2,School34,Course9,Spring 2026,Spring,Low,Active,21,21.299125648911033
a0QPm00000UeSHJMA3,School341,Course45,Spring 2026,Spring,Medium,Active,25,25.229888798021715
a0QPm00000UeVBzMAN,School341,Course4,Spring 2026,Spring,Medium,Admissions Drop,0,4.248870254731959
a0QPm00000UewopMAB,School341,Course65,Spring 2026,Spring,Medium,Admissions Drop,0,4.122267595978895
a0QPm00000Ufb8nMAB,School252,Course51,Spring 2026,Spring,Low,Active,25,25.062789140016914
a0QPm00000Ugfn3MAB,School436,Course45,Spring 2026,Spring,Medium,Active,23,22.733651780503525
a0QPm000009lA0LMAU,School468,Course25,Spring 2025,Spring,High,Admissions Drop,0,5.339291722379616
a0QPm00000UUSDiMAP,School330,Course65,Spring 2026,Spring,Low,Active,19,19.22219325123497
a0QPm00000UuxSQMAZ,School421,Course81,Spring 2026,Spring,Low,Active,15,14.823773302907929
a0QPm00000UxATaMAN,School525,Course45,Spring 2026,Spring,Medium,Active,21,20.09266061972332
a0QPm00000V2AJBMA3,School277,Course45,Spring 2026,Spring,Low,Active,27,26.668211341898747
a0QPm00000V3rVnMAJ,School6,Course3,Spring 2026,Spring,Low,Active,23,22.787735655858107
a0QPm00000V9AEQMA3,School507,Course33,Spring 2026,Spring,Low,Admissions Drop,0,2.1493683970165045
a0QPm00000Vac4vMAB,School297,Course25,Spring 2026,Spring,Low,Active,22,22.256416117840303
a0QPm00000VaI9RMAV,School614,Course41,Spring 2026,Spring,Medium,Active,22,21.84110769706555
a0QPm00000VaUaPMAV,School562,Course16,Spring 2026,Spring,Low,Active,15,15.971248250665319
a0QPm00000VDX2kMAH,School257,Course73,Spring 2026,Spring,High,Admissions Drop,0,3.735991668743778
a0QPm00000VDX4OMAX,School216,Course26,Spring 2026,Spring,Low,Admissions Drop,0,3.0889264420887264
a0QPm00000VEv2zMAD,School509,Course45,Spring 2026,Spring,Low,Admissions Drop,0,1.7929445172481673
a0QPm00000VEvSnMAL,School509,Course13,Spring 2026,Spring,Low,Admissions Drop,0,1.8049963747946856
a0QPm00000VFELlMAP,School28,Course26,Spring 2026,Spring,Low,Admissions Drop,0,2.998167084514173
a0QPm00000vgqRBMAY,School44,Course79,Spring 2026,Spring,Medium,Admissions Drop,0,2.4582430802454844
a0QPm00000VhQ3sMAF,School577,Course45,Spring 2026,Spring,Low,Active,25,22.78370093264767
a0QPm00000VjhGqMAJ,School417,Course47,Spring 2026,Spring,Low,Active,22,21.910934120484118
a0QPm00000VlXRiMAN,School531,Course26,Spring 2026,Spring,Low,Admissions Drop,0,2.458082406783085
a0QPm00000VmqgrMAB,School249,Course13,Spring 2026,Spring,Medium,Admissions Drop,0,15.433435385481161
a0QPm00000VmqQfMAJ,School613,Course79,Spring 2026,Spring,Low,Active,19,19.21625272092159
a0QPm00000VNfJyMAL,School141,Course32,Spring 2026,Spring,Low,Admissions Drop,0,2.494905985612772
a0QPm00000VnPV0MAN,School518,Course25,Spring 2026,Spring,Low,Active,24,20.608510500767462
a0QPm00000VnT2EMAV,School423,Course4,Spring 2026,Spring,Low,Admissions Drop,0,2.6693590807225815
a0QPm00000vPbV0MAK,School195,Course51,Spring 2026,Spring,Low,Active,16,16.910679558382512
a0QPm00000ARrbyMAD,School273,Course42,Fall 2024,Fall,High,Admissions Drop,0,6.483925249749924
a0QPm00000Vxn4TMAR,School7,Course35,Spring 2026,Spring,Low,Active,25,24.710047535660763
a0QPm00000W3SlJMAV,School14,Course73,Spring 2026,Spring,Low,Admissions Drop,0,3.0722906749676753
a0QPm00000W5CiuMAF,School413,Course26,Spring 2026,Spring,Medium,Admissions Drop,0,3.402753950889016
a0QPm00000W9TehMAF,School77,Course26,Spring 2026,Spring,Medium,Admissions Drop,0,4.018211351980103
a0QPm00000WAz9SMAT,School656,Course26,Spring 2026,Spring,Low,Admissions Drop,0,2.180367642628629
a0QPm00000wdoRlMAI,School147,Course23,Spring 2026,Spring,Low,Active,14,14.51146276840881
a0QPm00000WFkBNMA1,School646,Course26,Spring 2026,Spring,Medium,Admissions Drop,0,2.9393457481628524
a0QPm00000WGB1uMAH,School591,Course47,Spring 2026,Spring,Medium,Admissions Drop,0,2.907756996990729
a0QPm00000wK8jCMAS,School282,Course11,Spring 2026,Spring,Medium,Admissions Drop,0,10.259347380092423
a0QPm00000WmO41MAF,School327,Course40,Spring 2026,Spring,Medium,Active,7,8.367249342692688
a0QPm00000WMZMTMA5,School199,Course35,Spring 2026,Spring,Low,Active,25,23.82479704705994
a0QPm00000Wp1Z7MAJ,School512,Course25,Spring 2026,Spring,Low,Active,26,25.937899292685394
a0QPm00000Wp4iIMAR,School565,Course25,Spring 2026,Spring,Low,Active,18,19.609842493502565
a0QPm00000WvvNJMAZ,School170,Course32,Spring 2026,Spring,Low,Active,19,11.64495360583624
a0QPm00000X81ldMAB,School450,Course45,Spring 2026,Spring,Low,Active,20,20.56980399170498
a0QPm00000XBCyyMAH,School595,Course81,Spring 2026,Spring,High,Active,5,6.002924594181672
a0QPm00000XcmLaMAJ,School452,Course51,Spring 2026,Spring,Low,Active,21,20.88053939632387
a0QPm00000XIWzKMAX,School221,Course23,Spring 2026,Spring,Low,Admissions Drop,0,3.3260612809777177
a0QPm00000xjabfMAA,School381,Course23,Spring 2026,Spring,Medium,Admissions Drop,0,8.814129867747955
a0QPm00000xjbWAMAY,School391,Course23,Spring 2026,Spring,Medium,Admissions Drop,0,3.1056829915686306
a0QPm00000XL612MAD,School397,Course40,Spring 2026,Spring,Low,Active,15,15.03311002647293
a0QPm00000XostSMAR,School245,Course81,Spring 2026,Spring,Low,Active,24,23.978056727078954
a0QPm00000XQ0FvMAL,School121,Course59,Spring 2026,Spring,Medium,Admissions Drop,0,2.887220882131107
a0QPm00000XR6CpMAL,School275,Course82,Spring 2026,Spring,Low,Active,26,25.530594692065314
a0QPm00000Xs06TMAR,School394,Course80,Spring 2026,Spring,Low,Active,21,21.94459963342337
a0QPm00000XXOQMMA5,School238,Course3,Spring 2026,Spring,Low,Active,14,14.752676383430362
a0QPm00000Y1iQ3MAJ,School467,Course40,Spring 2026,Spring,Low,Active,15,15.014145614426555
a0QPm00000y42iDMAQ,School91,Course60,Spring 2026,Spring,Medium,Active,25,24.08474049550971
a0QPm00000y4n61MAA,School223,Course80,Spring 2026,Spring,Low,Active,24,23.330448473822134
a0QPm00000y4NZnMAM,School223,Course60,Spring 2026,Spring,Low,Admissions Drop,0,12.315047773334562
a0QPm00000y59jFMAQ,School167,Course35,Spring 2026,Spring,Low,Active,14,14.983030250587625
a0QPm00000yDFY9MAO,School569,Course42,Spring 2026,Spring,Low,Active,20,19.99704186624129
a0QPm00000YDtUXMA1,School562,Course80,Spring 2026,Spring,Low,Admissions Drop,0,3.238814653871442
a0QPm00000yE9s5MAC,School495,Course80,Spring 2026,Spring,Medium,Active,26,25.90022355490101
a0QPm00000yF0pxMAC,School320,Course35,Spring 2026,Spring,Low,Active,12,13.286161709018884
a0QPm00000Yjzv0MAB,School125,Course40,Spring 2026,Spring,Medium,Admissions Drop,0,2.4452367463076494
a0QPm00000YovypMAB,School387,Course25,Spring 2026,Spring,Low,Active,33,31.218467635472035
a0QPm00000YpOxcMAF,School405,Course45,Spring 2026,Spring,Low,Active,14,14.49186491789956
a0QPm00000YUr89MAD,School299,Course45,Spring 2026,Spring,Low,Active,18,21.714889390569567
a0QPm00000YX9c1MAD,School556,Course40,Spring 2026,Spring,Low,Active,7,9.241204981950672
a0QPm00000yylcbMAA,School330,Course82,Spring 2026,Spring,Low,Active,11,12.49888816670424
a0QPm00000ZracIMAR,School596,Course13,Spring 2026,Spring,Low,Active,25,23.79502815511301
a0QPm00000ZRJ8rMAH,School113,Course11,Spring 2026,Spring,Low,Active,23,23.113783181959555
a0QPm00000AU35xMAD,School331,Course13,Fall 2024,Fall,High,Admissions Drop,0,5.069017002027191
a0QPm00000AwTiEMAV,School325,Course40,Spring 2025,Spring,High,Admissions Drop,0,5.293461154787623
a0QPm00000Br1KbMAJ,School334,Course39,Fall 2024,Fall,High,Admissions Drop,0,1.6773307483823898
a0QPm000009rr7UMAQ,School241,Course51,Spring 2025,Spring,High,Admissions Drop,0,4.300130464804713
a0QPm000009rtScMAI,School241,Course35,Fall 2024,Fall,High,Admissions Drop,0,7.075275729578144
a0QPm000009rv6EMAQ,School241,Course75,Fall 2024,Fall,High,Admissions Drop,0,3.3473065397942463
a0QPm00000LtRDBMA3,School164,Course62,Spring 2025,Spring,Medium,Admissions Drop,0,8.839037027461838
a0QPm00000ORSC5MAP,School370,Course82,Spring 2025,Spring,High,Admissions Drop,0,3.243868003537294
a0QPm00000UfgjZMAR,School6,Course16,Spring 2026,Spring,Low,Admissions Drop,0,3.3529014723111814
a0QPm00000UOsqnMAD,School137,Course74,Fall 2025,Fall,Low,Admissions Drop,0,3.889613924816601
a0QPm00000UUGdyMAH,School154,Course13,Spring 2026,Spring,Low,Admissions Drop,0,12.570353771691572
a0QPm00000VaLwvMAF,School608,Course51,Fall 2025,Fall,High,Admissions Drop,0,3.7892543978958866
a0QPm00000UO294MAD,School30,Course79,Spring 2026,Spring,High,Admissions Drop,0,5.361905487519048
a0QPm00000YWqPkMAL,School346,Course40,Spring 2026,Spring,Medium,Admissions Drop,0,3.1256742987890487
a0QPm00000Z8QqoMAF,School570,Course51,Spring 2026,Spring,High,Admissions Drop,0,5.271088153503132
a0QPm00000Z8jGjMAJ,School570,Course42,Fall 2025,Fall,High,Admissions Drop,0,5.1367678880580625
a0QPm00000VN05WMAT,School481,Course43,Fall 2025,Fall,Medium,Admissions Drop,0,10.36509067795375
a0QPm00000hkENOMA2,School107,Course70,Spring 2026,Spring,Medium,Admissions Drop,0,4.364731067329116
a0QDo000000BxqUMAS,School200,Course25,Spring 2024,Spring,Low,Archived,21,20.898049735027246
a0QDo0000021oa5MAA,School577,Course33,Spring 2024,Spring,Low,Archived,19,19.510442562525974
a0QDo0000021oZvMAI,School577,Course13,Spring 2024,Spring,Low,Archived,20,22.372758943162843
a0QDo00000731mvMAA,School87,Course64,Spring 2024,Spring,Low,Archived,15,15.868427975958205
a0QPm000009lA6oMAE,School529,Course25,Spring 2025,Spring,Low,Archived,21,20.393247860233263
a0QPm000009pHssMAE,School363,Course32,Spring 2025,Spring,Medium,Archived,15,17.108991672369793
a0QPm000009rfr4MAA,School309,Course4,Spring 2025,Spring,Low,Archived,15,15.546347959783478
a0QPm000009rjMnMAI,School579,Course51,Spring 2025,Spring,Low,Archived,28,28.491861183524414
a0QPm000009lLv5MAE,School529,Course10,Fall 2024,Fall,Low,Archived,14,14.498199350174799
a0QPm000009rgC1MAI,School309,Course39,Fall 2024,Fall,Low,Archived,15,15.240299101604705
a0QPm000009rinJMAQ,School291,Course54,Fall 2024,Fall,Low,Archived,17,11.900100111766077
a0QPm000009sEiLMAU,School252,Course13,Fall 2024,Fall,Low,Archived,24,23.94694204746956
a0QPm000009kh1bMAA,School277,Course47,Spring 2025,Spring,Low,Archived,30,29.22914533315974
a0QPm000009kkMPMAY,School420,Course21,Spring 2025,Spring,Low,Archived,18,19.04012640546621
a0QPm000009lBCXMA2,School611,Course45,Spring 2025,Spring,Low,Archived,21,20.720368753598244
a0QPm000009pA09MAE,School495,Course23,Spring 2025,Spring,Medium,Archived,25,25.04863190317662
a0QPm000009pA6bMAE,School495,Course21,Spring 2025,Spring,Medium,Archived,17,18.296672644023108
a0QPm000009rhfxMAA,School374,Course50,Spring 2025,Spring,Low,Archived,31,29.479366160415356
a0QPm000009rhUfMAI,School374,Course65,Spring 2025,Spring,Low,Archived,8,10.841406786531092
a0QPm000009rtIvMAI,School155,Course25,Spring 2025,Spring,Low,Archived,17,14.68941013408592
a0QPm000009sZWgMAM,School88,Course73,Spring 2025,Spring,Low,Archived,21,12.400232995229944
a0QPm000009khxeMAA,School420,Course63,Fall 2024,Fall,Low,Archived,25,24.840061818036695
a0QPm000009knN7MAI,School277,Course34,Fall 2024,Fall,Low,Archived,29,28.33914982480044
a0QPm000009lB1FMAU,School611,Course75,Fall 2024,Fall,Low,Archived,21,20.870788598584816
a0QPm00000LKZYbMAP,School211,Course51,Spring 2025,Spring,High,Archived,19,22.585223516294892
a0QPm00000MQZlRMAX,School95,Course82,Spring 2025,Spring,Low,Archived,24,23.888006811400466
a0QPm000009p7GoMAI,School495,Course39,Fall 2024,Fall,Medium,Archived,30,28.991874000747405
a0QPm00000NEbk1MAD,School514,Course11,Spring 2025,Spring,Low,Archived,22,22.548960892477652
a0QPm00000LmJPFMA3,School393,Course45,Spring 2025,Spring,High,Archived,16,11.20389885227394
a0QPm000009p9wvMAA,School495,Course53,Fall 2024,Fall,Medium,Archived,26,25.613720422077748
a0QPm000009zTUXMA2,School309,Course47,Spring 2025,Spring,Low,Archived,15,15.400645060579077
a0QPm000009zxR2MAI,School561,Course65,Spring 2025,Spring,High,Admissions Drop,0,5.2801344900596465
a0QPm00000A00ezMAB,School542,Course11,Spring 2025,Spring,Low,Archived,14,15.020981856555462
a0QPm00000A00iDMAR,School542,Course32,Spring 2025,Spring,Low,Archived,19,18.7775775638372
a0QPm00000A09QYMAZ,School375,Course79,Spring 2025,Spring,Low,Archived,24,24.106381101164775
a0QPm00000A09TqMAJ,School542,Course48,Spring 2025,Spring,Low,Archived,20,18.419986645879643
a0QPm00000A0AssMAF,School375,Course4,Spring 2025,Spring,Low,Archived,18,19.07528659808233
a0QPm00000A0D9BMAV,School375,Course45,Spring 2025,Spring,Low,Archived,24,24.828526648243777
a0QPm00000A0UjVMAV,School155,Course13,Spring 2025,Spring,Low,Archived,22,13.021060446794273
a0QPm00000A2mFjMAJ,School430,Course11,Spring 2025,Spring,Low,Archived,14,15.4566593821685
a0QPm00000A2onmMAB,School374,Course51,Spring 2025,Spring,Low,Archived,20,20.772715855211118
a0QPm00000A2pjpMAB,School374,Course62,Spring 2025,Spring,Low,Archived,11,16.363286751516224
a0QPm00000A2wLXMAZ,School442,Course32,Spring 2025,Spring,Medium,Archived,19,18.63859045821008
a0QPm00000A3049MAB,School442,Course65,Spring 2025,Spring,Medium,Archived,23,22.06124654309543
a0QPm00000A4lU2MAJ,School222,Course32,Spring 2025,Spring,Low,Archived,24,16.842729787144414
a0QPm00000A4qOrMAJ,School222,Course32,Spring 2025,Spring,Low,Archived,21,16.842729787144414
a0QPm00000A4qwjMAB,School598,Course79,Spring 2025,Spring,Low,Archived,12,9.98012170627612
a0QPm00000A4rnyMAB,School254,Course65,Spring 2025,Spring,Medium,Archived,22,22.395644616268804
a0QPm00000A4zYbMAJ,School222,Course16,Spring 2025,Spring,Low,Archived,22,22.86087712542908
a0QPm00000A5cF2MAJ,School79,Course44,Spring 2025,Spring,Low,Archived,21,21.740962068033788
a0QPm00000A5CvdMAF,School632,Course11,Spring 2025,Spring,Low,Archived,13,10.552335747887966
a0QPm00000A5pybMAB,School405,Course73,Spring 2025,Spring,Low,Archived,15,15.453635240357595
a0QPm00000A7kOZMAZ,School1,Course47,Spring 2025,Spring,Low,Archived,15,15.1297857071691
a0QPm00000A82V9MAJ,School382,Course51,Spring 2025,Spring,Low,Archived,20,14.378045074672405
a0QPm00000A8bKnMAJ,School317,Course47,Spring 2025,Spring,Low,Archived,17,17.222113294883094
a0QPm00000A8f54MAB,School84,Course23,Spring 2025,Spring,Low,Archived,25,23.65138442363986
a0QPm00000A8lqPMAR,School83,Course11,Spring 2025,Spring,Medium,Admissions Drop,0,3.1340156620404125
a0QPm00000A8YBgMAN,School84,Course13,Spring 2025,Spring,Low,Archived,25,23.61205910396616
a0QPm00000AAhPKMA1,School240,Course51,Spring 2025,Spring,Low,Admissions Drop,0,2.89972886634538
a0QPm00000AAvAXMA1,School240,Course23,Spring 2025,Spring,Low,Admissions Drop,0,8.839995089036625
a0QPm00000AB3srMAD,School534,Course42,Spring 2025,Spring,Low,Archived,31,22.51268592193845
a0QPm00000ABE57MAH,School60,Course31,Spring 2025,Spring,Low,Archived,22,18.095994942645945
a0QPm00000ABiSzMAL,School354,Course13,Spring 2025,Spring,Low,Admissions Drop,0,24.520285426699868
a0QPm00000AC71ZMAT,School37,Course40,Spring 2025,Spring,Low,Archived,18,18.532804977233635
a0QPm00000ACAHDMA5,School80,Course45,Spring 2025,Spring,Low,Archived,19,14.84518881313335
a0QPm00000ACEr3MAH,School71,Course62,Spring 2025,Spring,Low,Archived,12,14.150475106994284
a0QPm00000ACFFFMA5,School487,Course45,Spring 2025,Spring,Low,Archived,26,25.860378506785246
a0QPm00000ACGhZMAX,School13,Course62,Spring 2025,Spring,Low,Archived,23,22.382296205969006
a0QPm00000AcofZMAR,School228,Course32,Spring 2025,Spring,Low,Archived,20,17.883565553553677
a0QPm00000AemcrMAB,School63,Course11,Spring 2025,Spring,Low,Dropped,10,11.354855886379493
a0QPm00000AhbmXMAR,School273,Course42,Spring 2025,Spring,High,Archived,10,8.02280775708972
a0QPm00000Ahw7qMAB,School615,Course51,Spring 2025,Spring,Medium,Archived,9,9.992764519650324
a0QPm00000AIbGJMA1,School538,Course41,Spring 2025,Spring,Low,Admissions Drop,0,9.163832942727044
a0QPm00000AIgeAMAT,School538,Course31,Spring 2025,Spring,Low,Archived,19,18.66576516331978
a0QPm00000AIjLtMAL,School538,Course35,Spring 2025,Spring,Low,Archived,25,25.19628711950269
a0QPm00000AIOMHMA5,School6,Course62,Spring 2025,Spring,Low,Archived,18,17.700124053743234
a0QPm00000AIWIDMA5,School71,Course42,Spring 2025,Spring,Low,Archived,13,13.878205174932065
a0QPm00000AJDNBMA5,School453,Course48,Spring 2025,Spring,Low,Archived,12,13.458188610117418
a0QPm00000AJFLlMAP,School43,Course23,Spring 2025,Spring,Low,Archived,12,13.964153486512915
a0QPm00000AJjbZMAT,School210,Course35,Spring 2025,Spring,High,Admissions Drop,0,5.298060035211661
a0QPm00000AJKbbMAH,School380,Course35,Spring 2025,Spring,Medium,Archived,9,12.10809197755893
a0QPm00000AJMzyMAH,School310,Course11,Spring 2025,Spring,Medium,Archived,20,20.991033997009495
a0QPm00000AJNT0MAP,School31,Course23,Spring 2025,Spring,Low,Archived,21,19.11643487335469
a0QPm00000AJOvJMAX,School310,Course23,Spring 2025,Spring,Medium,Archived,23,13.797801017806895
a0QPm00000AJQfOMAX,School310,Course13,Spring 2025,Spring,Medium,Archived,26,15.873444933289907
a0QPm00000AJwAbMAL,School75,Course62,Spring 2025,Spring,High,Admissions Drop,0,6.823866885124468
a0QPm00000AJwFRMA1,School75,Course51,Spring 2025,Spring,High,Archived,7,8.991428599553247
a0QPm00000ALcJ6MAL,School549,Course21,Spring 2025,Spring,Low,Archived,12,12.447254552128694
a0QPm00000ALkV7MAL,School490,Course13,Spring 2025,Spring,Low,Archived,11,12.532041924491363
a0QPm00000ALZppMAH,School490,Course51,Spring 2025,Spring,Low,Archived,10,12.863210367735588
a0QPm00000AMGwQMAX,School192,Course21,Spring 2025,Spring,Low,Archived,23,22.857152465274112
a0QPm00000AMIRzMAP,School192,Course41,Spring 2025,Spring,Low,Admissions Drop,0,3.3488259669495717
a0QPm00000AOI4WMAX,School569,Course45,Spring 2025,Spring,Low,Archived,28,25.068709936061982
a0QPm00000AOLQXMA5,School75,Course45,Spring 2025,Spring,High,Archived,18,17.756675804837396
a0QPm00000AQqoWMAT,School405,Course41,Spring 2025,Spring,Low,Archived,17,17.046537935772992
a0QPm00000AstueMAB,School285,Course62,Spring 2025,Spring,Low,Admissions Drop,0,3.226076721336301
a0QPm00000AtPfzMAF,School583,Course62,Spring 2025,Spring,Low,Admissions Drop,0,1.0933473013426076
a0QPm00000AxaBNMAZ,School596,Course21,Spring 2025,Spring,Low,Archived,13,13.698443439382464
a0QPm00000AyFZXMA3,School596,Course32,Spring 2025,Spring,Low,Archived,12,12.788502115641263
a0QPm00000AyRqoMAF,School614,Course62,Spring 2025,Spring,Medium,Archived,21,12.160570382761277
a0QPm00000B7LMLMA3,School316,Course62,Spring 2025,Spring,Low,Archived,21,21.00226213639399
a0QPm00000B8Pe1MAF,School60,Course73,Spring 2025,Spring,Low,Archived,19,11.51309439497213
a0QPm00000B8RUXMA3,School446,Course40,Spring 2025,Spring,Low,Archived,8,8.129356212453617
a0QPm00000BdIl8MAF,School596,Course42,Spring 2025,Spring,Low,Archived,17,17.019332839620432
a0QPm00000BdQxBMAV,School43,Course16,Spring 2025,Spring,Low,Archived,21,22.472252570655076
a0QPm00000BdRObMAN,School387,Course42,Spring 2025,Spring,Low,Archived,15,16.006521080186342
a0QPm00000BguNdMAJ,School192,Course42,Spring 2025,Spring,Low,Archived,22,21.10211570113598
a0QPm00000Bh15nMAB,School381,Course40,Spring 2025,Spring,Medium,Archived,19,18.970002833532195
a0QPm00000BMrtlMAD,School4,Course50,Spring 2025,Spring,Low,Archived,14,15.012496086829685
a0QPm00000BNnswMAD,School649,Course44,Spring 2025,Spring,Low,Archived,19,20.080000553847142
a0QPm00000BPmXlMAL,School170,Course42,Spring 2025,Spring,Low,Archived,22,15.73478638080497
a0QPm00000BQ6EjMAL,School449,Course40,Spring 2025,Spring,Low,Archived,14,17.867287528497307
a0QPm00000BqyzRMAR,School563,Course40,Spring 2025,Spring,Low,Admissions Drop,0,9.902845602802612
a0QPm00000BudDFMAZ,School413,Course80,Spring 2025,Spring,Medium,Archived,12,13.331220932850394
a0QPm00000CGXAoMAP,School100,Course73,Spring 2025,Spring,Low,Archived,24,14.028435199902166
a0QPm00000CJ3xmMAD,School374,Course23,Spring 2025,Spring,Low,Archived,8,15.926638978603133
a0QPm00000CPCS5MAP,School87,Course42,Spring 2025,Spring,Low,Archived,20,20.056859544243824
a0QPm00000CRq3dMAD,School12,Course80,Spring 2025,Spring,Low,Archived,15,14.928158627523064
a0QPm00000CZC5pMAH,School145,Course23,Spring 2025,Spring,Medium,Archived,18,18.08723043962831
a0QPm00000DD5AWMA1,School76,Course80,Spring 2025,Spring,Low,Archived,11,12.18644168679625
a0QPm00000DDI7iMAH,School536,Course32,Spring 2025,Spring,Low,Archived,17,18.765415268091214
a0QPm00000Do4P7MAJ,School474,Course42,Spring 2025,Spring,Low,Admissions Drop,0,3.393485195435705
a0QPm00000EI5kLMAT,School43,Course42,Spring 2025,Spring,Low,Admissions Drop,0,3.765182075095902
a0QPm00000GM68nMAD,School531,Course50,Spring 2025,Spring,Low,Archived,14,14.089844896017395
a0QPm00000HjIS1MAN,School399,Course62,Spring 2025,Spring,Low,Archived,11,11.978963108555575
a0QPm00000JGX0JMAX,School33,Course23,Spring 2025,Spring,High,Archived,5,7.901487977241246
a0QPm00000JNg3dMAD,School540,Course33,Spring 2025,Spring,Low,Archived,25,24.82951970395766
a0QPm00000K19QjMAJ,School214,Course62,Spring 2025,Spring,Low,Archived,15,15.034942136823444
a0QPm00000K1XuVMAV,School166,Course44,Spring 2025,Spring,Low,Archived,21,20.739285572749196
a0QPm00000KBavuMAD,School464,Course3,Spring 2025,Spring,Low,Archived,20,20.796289264443836
a0QPm00000KCfC0MAL,School252,Course45,Spring 2025,Spring,Low,Archived,23,23.337788938923786
a0QPm00000Kh2npMAB,School541,Course82,Spring 2025,Spring,Low,Admissions Drop,0,3.882641682911335
a0QPm00000KLsZlMAL,School556,Course33,Spring 2025,Spring,Low,Archived,20,11.83446265601551
a0QPm00000KLYBGMA5,School216,Course25,Spring 2025,Spring,Low,Archived,16,14.640813834006345
a0QPm00000KPugFMAT,School376,Course25,Spring 2025,Spring,Medium,Archived,16,10.382013856065328
a0QPm00000KRRGlMAP,School9,Course16,Spring 2025,Spring,Medium,Archived,22,22.316076435849165
a0QPm00000L9MEvMAN,School580,Course42,Spring 2025,Spring,Low,Archived,15,16.187218615735357
a0QPm00000LACqEMAX,School157,Course45,Spring 2025,Spring,Low,Archived,25,23.9048183891165
a0QPm00000LlV14MAF,School91,Course33,Spring 2025,Spring,Medium,Dropped,15,15.696135503802665
a0QPm00000LlYJtMAN,School91,Course9,Spring 2025,Spring,Medium,Dropped,16,16.495217595028514
a0QPm00000LpobNMAR,School281,Course82,Spring 2025,Spring,Medium,Dropped,11,15.149442907905131
a0QPm00000LpoZlMAJ,School281,Course79,Spring 2025,Spring,Medium,Dropped,11,15.186617437393787
a0QPm00000M8AjtMAF,School216,Course35,Spring 2025,Spring,Low,Archived,10,11.328433595719103
a0QPm00000M8EcDMAV,School208,Course51,Spring 2025,Spring,High,Archived,28,16.66399645342295
a0QPm00000MbhB0MAJ,School555,Course13,Spring 2025,Spring,Low,Archived,18,17.485181853353907
a0QPm00000Mbp0TMAR,School79,Course16,Spring 2025,Spring,Low,Archived,21,21.821896969328044
a0QPm00000MI362MAD,School541,Course62,Spring 2025,Spring,Low,Archived,30,29.240635990398793
a0QPm00000MPvxWMAT,School538,Course82,Spring 2025,Spring,Low,Archived,16,16.424686024069505
a0QPm00000MqlW2MAJ,School154,Course35,Spring 2025,Spring,Low,Archived,25,19.527198110333263
a0QPm00000Mqo45MAB,School154,Course51,Spring 2025,Spring,Low,Archived,13,16.821265197426236
a0QPm00000MQo9NMAT,School95,Course45,Spring 2025,Spring,Low,Archived,31,20.417388417654706
a0QPm00000NGir5MAD,School154,Course51,Spring 2025,Spring,Low,Archived,15,16.821265197426236
a0QPm00000Nwrl5MAB,School602,Course59,Spring 2025,Spring,Low,Archived,8,12.481467363255957
a0QPm00000NwvAOMAZ,School188,Course65,Spring 2025,Spring,High,Admissions Drop,0,4.057830209626435
a0QPm00000Nx2IIMAZ,School577,Course32,Spring 2025,Spring,Low,Archived,7,9.251263668534383
a0QPm00000NySSQMA3,School608,Course65,Spring 2025,Spring,High,Admissions Drop,0,3.9994095455055962
a0QPm00000O5UPXMA3,School235,Course31,Spring 2025,Spring,Low,Archived,21,19.02695660981391
a0QPm00000OEgj8MAD,School579,Course32,Spring 2025,Spring,Low,Archived,24,23.809269894101554
a0QPm00000OMEBOMA5,School223,Course13,Spring 2025,Spring,Low,Archived,13,13.979654561797206
a0QPm00000PMvsVMAT,School538,Course65,Spring 2025,Spring,Low,Archived,21,20.61002802641218
a0QPm00000PNki6MAD,School15,Course65,Spring 2025,Spring,Low,Archived,3,5.358180786606627
a0QPm00000Q6HvIMAV,School365,Course59,Spring 2025,Spring,Medium,Admissions Drop,0,17.025681620455952
a0QPm00000Q6LFhMAN,School365,Course3,Spring 2025,Spring,Medium,Admissions Drop,0,17.023616050056827
a0QPm00000QMaXJMA1,School286,Course65,Spring 2025,Spring,High,Archived,20,19.082163967928853
a0QPm00000QZCDqMAP,School614,Course16,Spring 2025,Spring,Medium,Archived,17,17.271064764770955
a0QPm000009pMfdMAE,School264,Course25,Fall 2024,Fall,Low,Archived,13,12.650552908774618
a0QPm000009rfKoMAI,School374,Course63,Fall 2024,Fall,Low,Archived,11,17.099973457171654
a0QPm000009rhcjMAA,School374,Course9,Fall 2024,Fall,Low,Archived,9,17.170198847143553
a0QPm000009rUysMAE,School374,Course13,Fall 2024,Fall,Low,Archived,32,12.606529533063544
a0QDo000000B9jsMAC,School164,Course62,Spring 2024,Spring,Medium,Archived,14,8.839037027461838
a0QDo00000734MPMAY,School164,Course64,Spring 2024,Spring,Medium,Archived,16,13.472703238287853
a0QDo0000073xtLMAQ,School504,Course31,Spring 2024,Spring,Medium,Admissions Drop,0,14.489789314793834
a0QDo000000AEDlMAO,School506,Course41,Spring 2024,Spring,High,Admissions Drop,0,5.254773276220746
a0QDo000000AEEuMAO,School466,Course73,Spring 2024,Spring,Medium,Archived,14,14.33732366139397
a0QDo000000AEFDMA4,School289,Course45,Spring 2024,Spring,High,Admissions Drop,0,2.3996775951606577
a0QDo000000AEMJMA4,School375,Course47,Spring 2024,Spring,Low,Archived,21,21.46754678106598
a0QDo000000AhKmMAK,School154,Course13,Spring 2024,Spring,Low,Archived,17,12.570353771691572
a0QDo000000AiNtMAK,School369,Course4,Spring 2024,Spring,Low,Archived,22,22.577873902549545
a0QDo000000AIxQMAW,School154,Course82,Spring 2024,Spring,Low,Archived,17,14.47794286877589
a0QDo000000AkEpMAK,School230,Course82,Spring 2024,Spring,Low,Archived,9,9.23080035316204
a0QDo000000AlwSMAS,School202,Course82,Spring 2024,Spring,Low,Archived,14,14.983623128959621
a0QDo000000Am18MAC,School58,Course32,Spring 2024,Spring,Medium,Archived,27,26.937841838172137
a0QDo000000AmbDMAS,School166,Course25,Spring 2024,Spring,Low,Archived,13,16.90210268673863
a0QDo000000AmcBMAS,School551,Course25,Spring 2024,Spring,High,Admissions Drop,0,5.226489497248165
a0QDo000000An1QMAS,School490,Course51,Spring 2024,Spring,Low,Archived,6,12.863210367735588
a0QDo000000AnK8MAK,School167,Course82,Spring 2024,Spring,Low,Archived,25,24.31556580809588
a0QDo000000ApbBMAS,School240,Course82,Spring 2024,Spring,Low,Archived,20,19.45013170509498
a0QDo000000AR36MAG,School304,Course42,Spring 2024,Spring,Low,Archived,28,23.014542126493208
a0QDo000000AR5WMAW,School413,Course45,Spring 2024,Spring,Medium,Archived,19,19.19615365640725
a0QDo000000Au8CMAS,School564,Course4,Spring 2024,Spring,Medium,Archived,15,16.917301356281484
a0QDo000000AyaLMAS,School268,Course47,Spring 2024,Spring,Low,Archived,25,21.510992136225383
a0QDo000000AyO1MAK,School83,Course47,Spring 2024,Spring,Medium,Archived,15,15.793087225163607
a0QDo000000B1CwMAK,School60,Course41,Spring 2024,Spring,Low,Archived,11,12.683003243356179
a0QDo000000B5ATMA0,School43,Course41,Spring 2024,Spring,Low,Archived,23,23.2353508796676
a0QDo000000B8jGMAS,School336,Course33,Spring 2024,Spring,Low,Archived,16,10.516647371468384
a0QDo000000BdB0MAK,School569,Course47,Spring 2024,Spring,Low,Archived,19,16.63180390450808
a0QDo000000BeocMAC,School514,Course41,Spring 2024,Spring,Low,Archived,25,24.41542838291406
a0QDo000000BuulMAC,School18,Course65,Spring 2024,Spring,Low,Archived,14,14.488575424503109
a0QDo000000BWvuMAG,School617,Course42,Spring 2024,Spring,High,Admissions Drop,0,5.242321435090786
a0QDo000000c1p9MAA,School314,Course35,Spring 2024,Spring,Low,Archived,13,12.962905256030592
a0QDo000000c1pdMAA,School249,Course62,Spring 2024,Spring,Medium,Archived,32,27.33024234791418
a0QDo000000c1pDMAQ,School176,Course51,Spring 2024,Spring,Low,Archived,6,4.436240384149289
a0QDo000000c1pYMAQ,School651,Course62,Spring 2024,Spring,High,Archived,2,5.362093000139834
a0QDo000000c1rbMAA,School313,Course23,Spring 2024,Spring,Low,Archived,11,9.481587998642924
a0QDo000000c1rFMAQ,School145,Course51,Spring 2024,Spring,Medium,Admissions Drop,0,8.763013440686333
a0QDo000000c1rHMAQ,School589,Course62,Spring 2024,Spring,Low,Archived,12,12.588178886373369
a0QDo000000c1rjMAA,School75,Course62,Spring 2024,Spring,High,Archived,10,6.823866885124468
a0QDo000000c1rKMAQ,School83,Course35,Spring 2024,Spring,Medium,Archived,13,14.138137622641594
a0QDo000000c1rxMAA,School496,Course62,Spring 2024,Spring,Low,Archived,14,14.684347086785788
a0QDo000000c1zeMAA,School386,Course51,Spring 2024,Spring,Low,Archived,20,19.996490213117493
a0QDo000000c201MAA,School381,Course65,Spring 2024,Spring,Medium,Archived,24,23.18661463911764
a0QDo000000c203MAA,School120,Course51,Spring 2024,Spring,High,Archived,12,13.492635724660712
a0QDo000000c204MAA,School342,Course35,Spring 2024,Spring,Low,Archived,23,22.903897420682608
a0QDo000000c20AMAQ,School153,Course62,Spring 2024,Spring,Low,Archived,18,18.42592187670727
a0QDo000000c20fMAA,School163,Course51,Spring 2024,Spring,High,Admissions Drop,0,3.4459862232030014
a0QDo000000c20oMAA,School1,Course64,Spring 2024,Spring,Low,Archived,15,15.152579794679378
a0QDo000000c20tMAA,School579,Course82,Spring 2024,Spring,Low,Archived,20,20.508620894456175
a0QDo000000c20zMAA,School436,Course51,Spring 2024,Spring,Medium,Admissions Drop,0,10.07686118253103
a0QDo000000c212MAA,School221,Course62,Spring 2024,Spring,Low,Archived,29,26.18138294655193
a0QDo000000c21cMAA,School119,Course35,Spring 2024,Spring,Low,Archived,13,11.326341692124778
a0QDo000000c21IMAQ,School221,Course35,Spring 2024,Spring,Low,Archived,22,18.73165683037464
a0QDo000000c225MAA,School400,Course51,Spring 2024,Spring,Medium,Archived,20,19.864561543375345
a0QDo000000c22DMAQ,School549,Course62,Spring 2024,Spring,Low,Archived,11,11.598978490599794
a0QDo000000c22IMAQ,School491,Course62,Spring 2024,Spring,Medium,Admissions Drop,0,3.4447343155488293
a0QDo000000c22JMAQ,School400,Course35,Spring 2024,Spring,Medium,Archived,11,11.008662637425697
a0QDo000000c22OMAQ,School443,Course51,Spring 2024,Spring,Low,Archived,16,19.43113230994942
a0QDo000000c22RMAQ,School548,Course23,Spring 2024,Spring,Medium,Archived,14,16.201427387285072
a0QDo000000c22wMAA,School348,Course35,Spring 2024,Spring,High,Admissions Drop,0,9.371483493139243
a0QDo000000c23aMAA,School431,Course9,Spring 2024,Spring,High,Admissions Drop,0,5.301850143827579
a0QDo000000c23DMAQ,School319,Course62,Spring 2024,Spring,Low,Archived,13,10.489436827100326
a0QDo000000c23fMAA,School460,Course23,Spring 2024,Spring,Low,Archived,14,13.688298648189422
a0QDo000000c23gMAA,School573,Course62,Spring 2024,Spring,Low,Archived,18,18.006918463622473
a0QDo000000c23hMAA,School354,Course62,Spring 2024,Spring,Low,Archived,25,18.228356966785185
a0QDo000000c23lMAA,School486,Course51,Spring 2024,Spring,Low,Archived,19,17.502210982782128
a0QDo000000c23LMAQ,School17,Course51,Spring 2024,Spring,Low,Archived,19,18.208982926172133
a0QDo000000c23QMAQ,School374,Course23,Spring 2024,Spring,Low,Archived,22,15.926638978603133
a0QDo000000c23RMAQ,School374,Course62,Spring 2024,Spring,Low,Archived,20,16.363286751516224
a0QDo000000c23sMAA,School395,Course62,Spring 2024,Spring,Low,Archived,20,18.496814987604846
a0QDo000000c23wMAA,School556,Course51,Spring 2024,Spring,Low,Archived,20,18.863091692980777
a0QDo000000c23yMAA,School590,Course51,Spring 2024,Spring,Low,Archived,13,15.550362818401908
a0QDo000000c241MAA,School88,Course65,Spring 2024,Spring,Low,Archived,21,19.94041076292302
a0QDo000000c24bMAA,School202,Course51,Spring 2024,Spring,Low,Archived,25,17.637140945432947
a0QDo000000c24eMAA,School628,Course49,Spring 2024,Spring,Low,Archived,25,24.43445752824664
a0QDo000000c24FMAQ,School554,Course13,Spring 2024,Spring,Medium,Admissions Drop,0,18.564200287482105
a0QDo000000c24IMAQ,School155,Course51,Spring 2024,Spring,Low,Archived,21,21.501910342842354
a0QDo000000c24KMAQ,School588,Course35,Spring 2024,Spring,Low,Archived,9,9.05674153065295
a0QDo000000c24oMAA,School367,Course35,Spring 2024,Spring,High,Admissions Drop,0,5.298060035211661
a0QDo000000c24pMAA,School230,Course35,Spring 2024,Spring,Low,Archived,12,9.627123277374652
a0QDo000000c251MAA,School569,Course62,Spring 2024,Spring,Low,Archived,27,19.211827180725155
a0QDo000000c252MAA,School404,Course62,Spring 2024,Spring,Medium,Admissions Drop,0,0.984609987862872
a0QDo000000c25CMAQ,School9,Course62,Spring 2024,Spring,Medium,Archived,25,24.81947130040364
a0QDo000000c25lMAA,School382,Course62,Spring 2024,Spring,Low,Archived,25,24.392706154746282
a0QDo000000c25vMAA,School71,Course62,Spring 2024,Spring,Low,Archived,12,14.150475106994284
a0QDo000000c27cMAA,School127,Course23,Spring 2024,Spring,Low,Archived,15,15.544054103456343
a0QDo000000c27dMAA,School549,Course64,Spring 2024,Spring,Low,Archived,13,13.271687772206416
a0QDo000000c27zMAA,School348,Course51,Spring 2024,Spring,High,Admissions Drop,0,12.164470591639661
a0QDo000000c281MAA,School202,Course35,Spring 2024,Spring,Low,Archived,12,15.591442976687901
a0QDo000000c288MAA,School556,Course62,Spring 2024,Spring,Low,Archived,24,22.786641375803327
a0QDo000000c28HMAQ,School93,Course51,Spring 2024,Spring,Low,Archived,18,18.391161902164814
a0QDo000000c28NMAQ,School222,Course49,Spring 2024,Spring,Low,Archived,17,18.466772559978796
a0QDo000000c28QMAQ,School71,Course35,Spring 2024,Spring,Low,Archived,5,10.380795459989667
a0QDo000000c28uMAA,School443,Course35,Spring 2024,Spring,Low,Archived,26,16.8395708528925
a0QDo000000c296MAA,School9,Course51,Spring 2024,Spring,Medium,Archived,26,25.421955780816454
a0QDo000000c297MAA,School368,Course51,Spring 2024,Spring,High,Admissions Drop,0,6.199739246439925
a0QDo000000c29GMAQ,School260,Course35,Spring 2024,Spring,Low,Archived,13,22.782026545504454
a0QDo000000c29jMAA,School84,Course25,Spring 2024,Spring,Low,Archived,20,17.66651954469365
a0QDo000000c29oMAA,School6,Course62,Spring 2024,Spring,Low,Archived,20,17.700124053743234
a0QDo000000c29pMAA,School84,Course35,Spring 2024,Spring,Low,Archived,6,11.604679300702688
a0QDo000000c29sMAA,School6,Course51,Spring 2024,Spring,Low,Archived,27,22.744043927985135
a0QDo000000c29ZMAQ,School382,Course51,Spring 2024,Spring,Low,Archived,15,14.378045074672405
a0QDo000000c2A2MAI,School491,Course35,Spring 2024,Spring,Medium,Admissions Drop,0,20.21845583936639
a0QDo000000c2A8MAI,School562,Course35,Spring 2024,Spring,Low,Archived,19,14.747262852918313
a0QDo000000c2AGMAY,School309,Course41,Spring 2024,Spring,Low,Archived,15,15.394384087191515
a0QDo000000c2FfMAI,School83,Course31,Spring 2024,Spring,Medium,Archived,17,16.687883582731484
a0QDo000000c2FgMAI,School514,Course31,Spring 2024,Spring,Low,Archived,20,16.010621079179977
a0QDo000000c2FhMAI,School260,Course31,Spring 2024,Spring,Low,Dropped,11,13.487944788716776
a0QDo000000c2fIMAQ,School420,Course35,Spring 2024,Spring,Low,Archived,25,24.95471748801311
a0QDo000000c2fKMAQ,School422,Course45,Spring 2024,Spring,Low,Archived,16,17.106622602258383
a0QDo000000c2fLMAQ,School518,Course45,Spring 2024,Spring,Low,Archived,20,20.112491727617055
a0QDo000000c2FsMAI,School496,Course31,Spring 2024,Spring,Low,Archived,17,13.422114015167933
a0QDo000000c2FtMAI,School279,Course31,Spring 2024,Spring,Medium,Archived,10,9.707865384854653
a0QDo000000c2FuMAI,School154,Course31,Spring 2024,Spring,Low,Archived,15,12.207087639691846
a0QDo000000c2fUMAQ,School31,Course23,Spring 2024,Spring,Low,Archived,16,19.11643487335469
a0QDo000000c2FvMAI,School127,Course31,Spring 2024,Spring,Low,Archived,15,14.295474957720238
a0QDo000000c2FxMAI,School351,Course31,Spring 2024,Spring,Low,Archived,18,22.346466870185342
a0QDo000000c2FyMAI,School542,Course31,Spring 2024,Spring,Low,Archived,21,21.383954377713728
a0QDo000000c2G2MAI,School84,Course31,Spring 2024,Spring,Low,Archived,8,8.444008325869467
a0QDo000000c2G3MAI,School229,Course31,Spring 2024,Spring,Low,Archived,16,10.382896077012362
a0QDo000000c2g5MAA,School255,Course42,Spring 2024,Spring,Medium,Admissions Drop,0,3.5343498822929247
a0QDo000000c2G8MAI,School60,Course31,Spring 2024,Spring,Low,Archived,16,18.095994942645945
a0QDo000000c2GAMAY,School222,Course31,Spring 2024,Spring,Low,Dropped,30,24.52503276539705
a0QDo000000c2GbMAI,School600,Course31,Spring 2024,Spring,High,Archived,2,8.030425263536797
a0QDo000000c2GBMAY,School299,Course31,Spring 2024,Spring,Low,Archived,20,18.571915725709506
a0QDo000000c2gEMAQ,School542,Course73,Spring 2024,Spring,Low,Archived,26,17.62101281024886
a0QDo000000c2GgMAI,School28,Course31,Spring 2024,Spring,Low,Archived,16,15.902389433391154
a0QDo000000c2GhMAI,School230,Course31,Spring 2024,Spring,Low,Archived,10,9.638906155276496
a0QDo000000c2GHMAY,School6,Course31,Spring 2024,Spring,Low,Archived,22,19.821841758376117
a0QDo000000c2GMMAY,School374,Course31,Spring 2024,Spring,Low,Archived,12,15.10105367989837
a0QDo000000c2GqMAI,School108,Course31,Spring 2024,Spring,High,Archived,4,4.616987704423942
a0QDo000000c2GRMAY,School202,Course31,Spring 2024,Spring,Low,Archived,15,15.391728931074073
a0QDo000000c2GWMAY,School582,Course31,Spring 2024,Spring,Low,Archived,24,23.590459437644146
a0QDo000000c2H0MAI,School235,Course31,Spring 2024,Spring,Low,Archived,25,19.02695660981391
a0QDo000000c2H1MAI,School486,Course31,Spring 2024,Spring,Low,Archived,14,13.734021119110423
a0QDo000000c2H5MAI,School425,Course31,Spring 2024,Spring,Low,Archived,25,16.890870401162214
a0QDo000000c2HAMAY,School493,Course31,Spring 2024,Spring,Low,Archived,26,25.791466468497227
a0QDo000000c2HBMAY,School591,Course31,Spring 2024,Spring,Medium,Dropped,9,9.301473365966057
a0QDo000000c2HjMAI,School419,Course25,Spring 2024,Spring,Low,Archived,18,19.690230240155064
a0QDo000000c2HKMAY,School556,Course23,Spring 2024,Spring,Low,Archived,19,19.389036673670848
a0QDo000000c2HtMAI,School66,Course45,Spring 2024,Spring,Low,Archived,14,8.679530910818075
a0QDo000000c2NfMAI,School177,Course35,Spring 2024,Spring,High,Archived,5,5.60828215391326
a0QDo000000c2NgMAI,School464,Course49,Spring 2024,Spring,Low,Archived,17,18.117042867013726
a0QDo000000c2NhMAI,School277,Course49,Spring 2024,Spring,Low,Archived,26,25.75765687343474
a0QDo000000c2niMAA,School426,Course42,Spring 2024,Spring,Low,Archived,18,17.00519248921256
a0QDo000000c2NMMAY,School630,Course82,Spring 2024,Spring,Low,Archived,9,10.629567748375717
a0QDo000000c2NOMAY,School177,Course51,Spring 2024,Spring,High,Archived,4,9.47285366489308
a0QDo000000c2NPMAY,School423,Course65,Spring 2024,Spring,Low,Archived,14,14.386584138847097
a0QDo000000c2nsMAA,School416,Course35,Spring 2024,Spring,Low,Archived,15,19.65948197280951
a0QDo000000c2NSMAY,School438,Course62,Spring 2024,Spring,High,Admissions Drop,0,2.9873037331429657
a0QDo000000c2ntMAA,School344,Course51,Spring 2024,Spring,Medium,Admissions Drop,0,7.85749976754626
a0QDo000000c2PRMAY,School550,Course42,Spring 2024,Spring,Medium,Archived,28,27.890793234205333
a0QDo000000c2pyMAA,School351,Course41,Spring 2024,Spring,Low,Archived,15,19.753434151104532
a0QDo000000c2QKMAY,School417,Course49,Spring 2024,Spring,Low,Archived,13,14.209507190445699
a0QDo000000c2QMMAY,School167,Course51,Spring 2024,Spring,Low,Archived,20,24.26192300356862
a0QDo000000c2QQMAY,School345,Course51,Spring 2024,Spring,Low,Admissions Drop,0,8.1268083928794
a0QDo000000c2QUMAY,School553,Course42,Spring 2024,Spring,Low,Archived,20,20.409582408659663
a0QDo000000c2YYMAY,School425,Course23,Spring 2024,Spring,Low,Archived,18,18.562443393929666
a0QDo000000c4qLMAQ,School243,Course35,Spring 2024,Spring,High,Admissions Drop,0,5.298060035211661
a0QDo000000c4teMAA,School630,Course13,Spring 2024,Spring,Low,Archived,16,15.066886356761529
a0QDo000000c5jEMAQ,School575,Course13,Spring 2024,Spring,Medium,Archived,11,12.690913170636156
a0QDo000000c5jFMAQ,School187,Course51,Spring 2024,Spring,Low,Archived,8,8.14665827384883
a0QDo000000c5jhMAA,School253,Course51,Spring 2024,Spring,Medium,Admissions Drop,0,1.9830530734002725
a0QDo000000c5jPMAQ,School5,Course51,Spring 2024,Spring,Medium,Archived,21,22.147312312078512
a0QDo000000c5jrMAA,School5,Course64,Spring 2024,Spring,Medium,Archived,24,24.06352480733501
a0QDo000000c5jZMAQ,School98,Course51,Spring 2024,Spring,Low,Archived,24,15.16434686488832
a0QDo000000c5kqMAA,School2,Course62,Spring 2024,Spring,High,Admissions Drop,0,5.303094443637333
a0QDo000000c5kRMAQ,School531,Course13,Spring 2024,Spring,Low,Archived,17,16.007566785680684
a0QDo000000c5kWMAQ,School293,Course51,Spring 2024,Spring,Low,Archived,10,11.516952934517946
a0QDo000000c5lyMAA,School538,Course41,Spring 2024,Spring,Low,Archived,15,9.163832942727044
a0QDo000000c5m2MAA,School407,Course35,Spring 2024,Spring,Low,Archived,17,10.370500196364802
a0QDo000000c5m4MAA,School538,Course35,Spring 2024,Spring,Low,Archived,12,25.19628711950269
a0QDo000000c5mbMAA,School632,Course25,Spring 2024,Spring,Low,Archived,15,14.716985618024179
a0QDo000000c5mWMAQ,School643,Course23,Spring 2024,Spring,Low,Archived,15,15.385353289608194
a0QDo000000c5UIMAY,School151,Course62,Spring 2024,Spring,Low,Archived,11,10.956403150718243
a0QDo000000CCeAMAW,School333,Course25,Spring 2024,Spring,High,Archived,21,21.668794278371873
a0QDo000000CG4tMAG,School633,Course4,Spring 2024,Spring,Low,Archived,11,16.85776628408644
a0QDo000000CZdrMAG,School54,Course62,Spring 2024,Spring,Medium,Archived,16,17.50576328336345
a0QDo000000fjhfMAA,School376,Course45,Spring 2024,Spring,Medium,Archived,12,13.777538475603269
a0QDo000000fNj0MAE,School279,Course64,Spring 2024,Spring,Medium,Archived,10,12.219813891047785
a0QDo000000fQDRMA2,School317,Course23,Spring 2024,Spring,Low,Archived,17,17.250519563030373
a0QDo000000fXh0MAE,School187,Course45,Spring 2024,Spring,Low,Archived,11,10.65159654306912
a0QDo000001FamUMAS,School310,Course41,Spring 2024,Spring,Medium,Archived,25,25.183967646118287
a0QDo000001FcKpMAK,School208,Course45,Spring 2024,Spring,High,Archived,25,25.090848581082028
a0QDo000001FcKqMAK,School236,Course35,Spring 2024,Spring,Low,Archived,14,15.28559917724921
a0QDo000001FcKuMAK,School208,Course13,Spring 2024,Spring,High,Archived,6,9.029134251437553
a0QDo000001FcLKMA0,School567,Course23,Spring 2024,Spring,Low,Archived,22,21.026271804952852
a0QDo000001FgHVMA0,School291,Course45,Spring 2024,Spring,Low,Archived,20,18.40169675623333
a0QDo000001FhEpMAK,School578,Course62,Spring 2024,Spring,High,Admissions Drop,0,1.6305017395381087
a0QDo000001FhEuMAK,School578,Course51,Spring 2024,Spring,High,Admissions Drop,0,5.405440072685986
a0QDo000001FlgiMAC,School134,Course51,Spring 2024,Spring,Low,Archived,21,20.672698197713462
a0QDo000001FlgOMAS,School247,Course23,Spring 2024,Spring,Low,Archived,10,12.262414449916504
a0QDo000001FlgqMAC,School261,Course62,Spring 2024,Spring,Medium,Archived,11,12.354947205923873
a0QDo000001FlgRMAS,School32,Course25,Spring 2024,Spring,Low,Archived,15,14.610131357985145
a0QDo000001FlgXMAS,School194,Course25,Spring 2024,Spring,Low,Archived,6,7.913415431246673
a0QDo000001FlhPMAS,School442,Course35,Spring 2024,Spring,Medium,Archived,11,11.92731975949524
a0QDo000001FnTCMA0,School89,Course64,Spring 2024,Spring,Low,Archived,25,25.95700955216331
a0QDo000001Fsz5MAC,School355,Course41,Spring 2024,Spring,Low,Archived,15,16.63070757152833
a0QDo000001FWkKMAW,School223,Course25,Spring 2024,Spring,Low,Archived,15,15.64800424908885
a0QDo000001FWklMAG,School95,Course11,Spring 2024,Spring,Low,Archived,23,23.009066256732766
a0QDo000001FWkRMAW,School387,Course13,Spring 2024,Spring,Low,Archived,24,12.84186099044238
a0QDo000001GalnMAC,School536,Course25,Spring 2024,Spring,Low,Archived,23,19.73746122698748
a0QDo000001GaupMAC,School590,Course73,Spring 2024,Spring,Low,Archived,17,11.82617601054742
a0QDo000001Gb2jMAC,School556,Course73,Spring 2024,Spring,Low,Archived,21,20.722423665940006
a0QDo000001GbdCMAS,School28,Course9,Spring 2024,Spring,Low,Archived,9,10.39547665269778
a0QDo000001GbXXMA0,School328,Course31,Spring 2024,Spring,Low,Archived,8,8.719402391957837
a0QDo000001GCJ0MAO,School538,Course31,Spring 2024,Spring,Low,Archived,21,18.66576516331978
a0QDo000001GcnRMAS,School462,Course41,Spring 2024,Spring,High,Admissions Drop,0,5.340213737119799
a0QDo000001Ge9dMAC,School101,Course13,Spring 2024,Spring,Low,Archived,21,20.92237401062301
a0QDo000001GeAMMA0,School101,Course45,Spring 2024,Spring,Low,Archived,23,22.60229754120186
a0QDo000001GEt9MAG,School254,Course35,Spring 2024,Spring,Medium,Archived,12,15.01117783837234
a0QDo000001GFSAMA4,School530,Course62,Spring 2024,Spring,Low,Archived,17,13.052515346627981
a0QDo000001GFSBMA4,School611,Course4,Spring 2024,Spring,Low,Archived,19,19.197067173750217
a0QDo000001GFSCMA4,School394,Course4,Spring 2024,Spring,Low,Archived,22,13.596415366191941
a0QDo000001GFSuMAO,School510,Course42,Spring 2024,Spring,Low,Archived,20,14.144913488506578
a0QDo000001Gg4oMAC,School575,Course45,Spring 2024,Spring,Medium,Archived,24,22.830713641841847
a0QDo000001GHzAMAW,School429,Course25,Spring 2024,Spring,Medium,Admissions Drop,0,12.008016584839782
a0QDo000001GIlBMAW,School652,Course42,Spring 2024,Spring,Low,Archived,16,19.764623151434858
a0QDo000001GIO3MAO,School332,Course73,Spring 2024,Spring,Low,Archived,14,13.646097480691981
a0QDo000001GJ70MAG,School586,Course45,Spring 2024,Spring,Low,Archived,9,9.954537528157902
a0QDo000001GPcvMAG,School614,Course23,Spring 2024,Spring,Medium,Admissions Drop,0,3.2640456692213453
a0QDo000001GPWnMAO,School614,Course62,Spring 2024,Spring,Medium,Admissions Drop,0,12.160570382761277
a0QDo000001GPXiMAO,School316,Course62,Spring 2024,Spring,Low,Archived,20,21.00226213639399
a0QDo000001GPXKMA4,School614,Course13,Spring 2024,Spring,Medium,Admissions Drop,0,13.7995665253312
a0QDo000001GPXOMA4,School41,Course51,Spring 2024,Spring,Medium,Archived,9,11.89326079947123
a0QDo000001GPXsMAO,School316,Course13,Spring 2024,Spring,Low,Archived,24,22.78225622797436
a0QDo000001GVjZMAW,School510,Course25,Spring 2024,Spring,Low,Archived,36,27.52388670665646
a0QDo000001GW9EMAW,School358,Course51,Spring 2024,Spring,High,Dropped,2,7.14465713304439
a0QDo000001GWB4MAO,School224,Course25,Spring 2024,Spring,Low,Archived,11,10.818065912610992
a0QDo000001GWBQMA4,School358,Course35,Spring 2024,Spring,High,Archived,7,8.86360440287829
a0QDo000001GWBsMAO,School530,Course31,Spring 2024,Spring,Low,Archived,23,18.699181776522053
a0QDo000001GWBvMAO,School168,Course31,Spring 2024,Spring,High,Archived,6,4.616987704423942
a0QDo000001GWBxMAO,School609,Course31,Spring 2024,Spring,High,Archived,4,7.347083629622741
a0QDo000001GWBYMA4,School105,Course35,Spring 2024,Spring,Medium,Archived,32,30.220954571348674
a0QDo000001GWByMAO,School13,Course31,Spring 2024,Spring,Low,Archived,19,16.46713081700639
a0QDo000001GWC0MAO,School474,Course31,Spring 2024,Spring,Low,Archived,21,17.41980362549271
a0QDo000001GWC1MAO,School480,Course31,Spring 2024,Spring,Medium,Archived,6,6.056861758319108
a0QDo000001GWC2MAO,School310,Course31,Spring 2024,Spring,Medium,Archived,23,21.855086506760312
a0QDo000001GWCHMA4,School125,Course31,Spring 2024,Spring,Medium,Archived,11,13.459458527448426
a0QDo000001GWDeMAO,School358,Course31,Spring 2024,Spring,High,Archived,10,10.778859592421172
a0QDo000001GYNFMA4,School442,Course51,Spring 2024,Spring,Medium,Archived,17,16.97627404216281
a0QDo000001GZo3MAG,School14,Course62,Spring 2024,Spring,Low,Archived,12,13.173391478426499
a0QDo000001GZoqMAG,School14,Course51,Spring 2024,Spring,Low,Archived,16,19.345294944751974
a0QDo000001zr1LMAQ,School328,Course82,Spring 2024,Spring,Low,Archived,20,15.64318993838664
a0QDo000001zu94MAA,School3,Course25,Spring 2024,Spring,Low,Archived,28,26.12956618341544
a0QDo0000020hR2MAI,School249,Course13,Spring 2024,Spring,Medium,Archived,26,15.433435385481161
a0QDo0000020Qh5MAE,School183,Course23,Spring 2024,Spring,High,Admissions Drop,0,5.289440517755586
a0QDo000005tlG1MAI,School351,Course25,Spring 2024,Spring,Low,Archived,27,26.85561807923171
a0QDo000005tlGfMAI,School352,Course41,Spring 2024,Spring,Low,Archived,23,24.311690517253037
a0QDo000005tlGVMAY,School352,Course25,Spring 2024,Spring,Low,Archived,22,27.87885443804686
a0QDo000005tlHJMAY,School343,Course41,Spring 2024,Spring,Low,Archived,28,19.986106726326774
a0QDo000006AwW3MAK,School520,Course51,Spring 2024,Spring,Low,Archived,17,20.1035671456146
a0QDo000006AwWJMA0,School405,Course42,Spring 2024,Spring,Low,Archived,17,17.03408609464303
a0QDo000006AwXzMAK,School405,Course23,Spring 2024,Spring,Low,Archived,21,20.465155953558572
a0QDo000006Ax0NMAS,School558,Course49,Spring 2024,Spring,Low,Archived,21,21.34592608975595
a0QDo000006B02hMAC,School465,Course25,Spring 2024,Spring,Low,Archived,15,19.44692171394964
a0QDo000006B0D1MAK,School276,Course25,Spring 2024,Spring,Low,Archived,20,22.384653071984392
a0QDo000006B9jSMAS,School424,Course64,Spring 2024,Spring,Low,Archived,19,19.44987227325829
a0QDo000006BJ05MAG,School495,Course9,Spring 2024,Spring,Medium,Archived,18,19.139127670809824
a0QDo000006BJYmMAO,School418,Course65,Spring 2024,Spring,Low,Archived,13,16.652135378676164
a0QDo000006BKTmMAO,School495,Course45,Spring 2024,Spring,Medium,Archived,17,18.22935317345493
a0QDo000006Bl11MAC,School405,Course32,Spring 2024,Spring,Low,Archived,16,16.187206146914587
a0QDo0000073607MAA,School9,Course25,Spring 2024,Spring,Medium,Archived,18,21.57041250127941
a0QDo0000073RggMAE,School590,Course64,Spring 2024,Spring,Low,Archived,16,15.986096849048703
a0QDo0000073sfZMAQ,School75,Course51,Spring 2024,Spring,High,Archived,9,8.991428599553247
a0QDo0000073umrMAA,School67,Course31,Spring 2024,Spring,Low,Archived,10,13.659096466996067
a0QDo0000073w1ZMAQ,School250,Course31,Spring 2024,Spring,High,Archived,4,7.562580469745669
a0QDo0000073wUWMAY,School329,Course31,Spring 2024,Spring,Low,Archived,23,19.062273986632402
a0QDo0000073wVoMAI,School340,Course31,Spring 2024,Spring,High,Archived,4,3.6296011398016867
a0QDo0000073xStMAI,School477,Course31,Spring 2024,Spring,Low,Archived,21,14.752664183688413
a0QDo0000073xvWMAQ,School535,Course31,Spring 2024,Spring,Low,Archived,9,9.736852795993599
a0QDo0000073yRaMAI,School644,Course31,Spring 2024,Spring,Low,Archived,9,9.469714830048165
a0QDo00000749VVMAY,School474,Course64,Spring 2024,Spring,Low,Archived,21,21.200733672779872
a0QDo0000074fBPMAY,School430,Course32,Spring 2024,Spring,Low,Archived,15,16.25229816023084
a0QDo0000074KYxMAM,School42,Course64,Spring 2024,Spring,High,Admissions Drop,0,2.721966504284815
a0QDo0000074SuzMAE,School514,Course9,Spring 2024,Spring,Low,Archived,9,10.926702145517947
a0QDo00000755XRMAY,School447,Course25,Spring 2024,Spring,Low,Archived,24,23.470287705913716
a0QDo00000755XWMAY,School447,Course25,Spring 2024,Spring,Low,Archived,21,23.470287705913716
a0QDo0000075Iv7MAE,School459,Course11,Spring 2024,Spring,Medium,Admissions Drop,0,2.2258515421976357
a0QDo0000075RRNMA2,School598,Course64,Spring 2024,Spring,Low,Archived,10,11.594019944001028
a0QDo0000075UdyMAE,School157,Course64,Spring 2024,Spring,Low,Archived,13,13.79873105694751
a0QDo0000075UiyMAE,School157,Course11,Spring 2024,Spring,Low,Archived,8,12.396701327149824
a0QPm000004dLf1MAE,School216,Course25,Spring 2024,Spring,Low,Archived,12,14.640813834006345
a0QPm000004dRAvMAM,School514,Course11,Spring 2024,Spring,Low,Archived,25,22.548960892477652
a0QPm000004oGqTMAU,School329,Course13,Spring 2024,Spring,Low,Archived,24,22.10450114983062
a0QPm000004r5qTMAQ,School639,Course23,Spring 2024,Spring,Low,Archived,17,18.131165441018098
a0QPm000004roXRMAY,School300,Course62,Spring 2024,Spring,High,Admissions Drop,0,5.303094443637333
a0QPm000009sZYIMA2,School88,Course34,Fall 2024,Fall,Low,Archived,23,23.317921766556502
a0QPm000009xjJ6MAI,School514,Course51,Fall 2024,Fall,Low,Archived,23,21.803662818861785
a0QPm000004x82TMAQ,School288,Course45,Spring 2024,Spring,High,Admissions Drop,0,5.23806334053537
a0QPm000004xV3tMAE,School221,Course35,Spring 2024,Spring,Low,Archived,19,18.73165683037464
a0QPm000004Y5NxMAK,School36,Course32,Spring 2024,Spring,Low,Archived,16,13.9517194948685
a0QPm000004zumAMAQ,School505,Course23,Spring 2024,Spring,Low,Archived,8,8.952031043243732
a0QPm000005B2YIMA0,School175,Course32,Spring 2024,Spring,Low,Dropped,9,11.405576704770287
a0QPm000005lc3qMAA,School311,Course62,Spring 2024,Spring,High,Admissions Drop,0,3.8789960479691175
a0QPm000005RYM6MAO,School105,Course31,Spring 2024,Spring,Medium,Admissions Drop,0,14.15897126205953
a0QPm000005SM7ZMAW,School351,Course41,Spring 2024,Spring,Low,Archived,23,19.753434151104532
a0QPm000005u55NMAQ,School240,Course23,Spring 2024,Spring,Low,Archived,14,8.839995089036625
a0QPm000005XjMsMAK,School271,Course45,Spring 2024,Spring,Low,Archived,13,7.929338968561124
a0QPm000005Xk61MAC,School271,Course64,Spring 2024,Spring,Low,Archived,5,6.706122424050313
a0QPm000005xNycMAE,School438,Course4,Spring 2024,Spring,High,Admissions Drop,0,3.090946438318343
a0QPm000005ZZRRMA4,School511,Course48,Spring 2024,Spring,Medium,Admissions Drop,0,4.438512096199802
a0QPm0000065ftVMAQ,School354,Course45,Spring 2024,Spring,Low,Archived,28,20.701288945871273
a0QPm0000069h78MAA,School87,Course51,Spring 2024,Spring,Low,Archived,20,20.931613956718856
a0QPm000006HocsMAC,School442,Course31,Spring 2024,Spring,Medium,Admissions Drop,0,8.837147759167244
a0QPm000006HqDHMA0,School647,Course31,Spring 2024,Spring,High,Admissions Drop,0,8.400807270006363
a0QPm000006Hr9JMAS,School81,Course48,Spring 2024,Spring,Low,Archived,20,18.113178454094868
a0QPm000006HuS9MAK,School299,Course45,Spring 2024,Spring,Low,Archived,21,21.714889390569567
a0QPm000009koELMAY,School424,Course47,Spring 2025,Spring,Low,Archived,22,21.965041267936062
a0QPm000009kt4LMAQ,School418,Course65,Spring 2025,Spring,Low,Archived,15,16.652135378676164
a0QPm000009os4tMAA,School508,Course65,Spring 2025,Spring,Low,Archived,25,25.015536335693003
a0QPm00000Ufe55MAB,School6,Course38,Fall 2025,Fall,Low,Archived,23,22.52343071560991
a0QPm00000UfgWfMAJ,School6,Course52,Fall 2025,Fall,Low,Archived,9,10.682293773458644
a0QPm00000UfU2UMAV,School6,Course15,Fall 2025,Fall,Low,Archived,23,25.024166388466504
a0QPm00000UfXhuMAF,School6,Course75,Fall 2025,Fall,Low,Archived,17,17.380767998741135
a0QPm00000UYsKrMAL,School616,Course75,Fall 2025,Fall,Low,Archived,18,17.71573602331884
a0QPm000009pDVtMAM,School537,Course32,Spring 2025,Spring,Low,Archived,21,23.357513367354667
a0QPm000009pDZ7MAM,School537,Course65,Spring 2025,Spring,Low,Archived,22,22.127237134895253
a0QPm000009s9CQMAY,School589,Course11,Spring 2025,Spring,Low,Archived,16,15.960813316412143
a0QPm00000VnuiMMAR,School652,Course43,Fall 2025,Fall,Low,Archived,16,16.933365752362377
a0QPm000009sbXfMAI,School405,Course11,Spring 2025,Spring,Low,Archived,15,15.391567368852247
a0QPm000009yi5qMAA,School477,Course31,Spring 2025,Spring,Low,Archived,17,14.752664183688413
a0QPm000009lEAPMA2,School69,Course51,Fall 2024,Fall,Low,Archived,11,12.052820811097146
a0QPm000009lGIgMAM,School633,Course25,Fall 2024,Fall,Low,Archived,22,22.17137992785887
a0QPm000009oyJyMAI,School537,Course51,Fall 2024,Fall,Low,Archived,21,22.017576818247793
a0QPm000009p27RMAQ,School508,Course63,Fall 2024,Fall,Low,Archived,32,31.977827711151004
a0QPm000009pDR3MAM,School537,Course63,Fall 2024,Fall,Low,Archived,11,12.249254936879478
a0QPm000009rfuIMAQ,School632,Course63,Fall 2024,Fall,Low,Archived,6,7.298899399498275
a0QPm000009sfvRMAQ,School405,Course39,Fall 2024,Fall,Low,Archived,16,16.50016900009762
a0QPm000009xpHRMAY,School573,Course42,Fall 2024,Fall,Low,Archived,25,25.05600425128874
a0QPm00000XKIfJMAX,School552,Course44,Fall 2025,Fall,Medium,Archived,8,8.817407478438385
a0QPm000009ysbRMAQ,School477,Course51,Fall 2024,Fall,Low,Archived,18,18.030313020583232
a0QPm00000WMIlRMAX,School84,Course2,Fall 2025,Fall,Low,Archived,16,15.369016838509104
a0QPm00000WMJ4nMAH,School84,Course44,Fall 2025,Fall,Low,Archived,24,22.07425344572942
a0QPm00000VPc1rMAD,School491,Course13,Fall 2025,Fall,Medium,Archived,33,29.30987673479002
a0QPm000009zXWYMA2,School474,Course35,Fall 2024,Fall,Low,Archived,25,24.923361288183077
a0QPm000009kwAHMAY,School518,Course25,Spring 2025,Spring,Low,Archived,17,20.608510500767462
a0QPm00000ZtkUJMAZ,School611,Course9,Fall 2025,Fall,Low,Archived,12,13.322711976148845
a0QPm00000a4bM2MAI,School414,Course72,Fall 2025,Fall,High,Admissions Drop,0,3.9254714210634063
a0QPm000009laxJMAQ,School623,Course25,Spring 2025,Spring,Medium,Archived,19,19.450788490020113
a0QPm00000ai68DMAQ,School344,Course25,Fall 2025,Fall,Medium,Admissions Drop,0,10.484144871917549
a0QPm000009p90sMAA,School259,Course62,Spring 2025,Spring,Low,Archived,22,22.0844648070121
a0QPm00000caqmzMAA,School240,Course54,Fall 2025,Fall,Low,Archived,20,20.50000443582061
a0QPm00000ds3H1MAI,School133,Course51,Fall 2025,Fall,Low,Archived,25,18.360142404246506
a0QPm00000drTbhMAE,School15,Course25,Fall 2025,Fall,Low,Archived,20,21.664354382037313
a0QPm00000eIbOfMAK,School133,Course51,Fall 2025,Fall,Low,Archived,17,18.360142404246506
a0QPm00000eKL1HMAW,School15,Course66,Fall 2025,Fall,Low,Dropped,15,15.730027975551948
a0QPm00000eqsi3MAA,School491,Course50,Fall 2025,Fall,Medium,Admissions Drop,0,16.253316873301387
a0QPm00000f5bwzMAA,School389,Course9,Fall 2025,Fall,Low,Admissions Drop,0,3.3588648481522405
a0QPm000009pLd7MAE,School259,Course50,Spring 2025,Spring,Low,Archived,16,17.011808793563528
a0QPm000009snjKMAQ,School324,Course11,Spring 2025,Spring,Low,Archived,14,14.72364817313294
a0QPm00000i2UzyMAE,School400,Course44,Fall 2025,Fall,Medium,Archived,8,8.474151470061397
a0QPm00000hqhMgMAI,School126,Course50,Fall 2025,Fall,Medium,Archived,10,11.880333635391821
a0QPm00000kYLtxMAG,School71,Course42,Fall 2025,Fall,Low,Archived,16,14.935240673481742
a0QPm00000aPiNkMAK,School268,Course9,Fall 2025,Fall,Low,Archived,25,25.21345895280405
a0QPm00000bKC9OMAW,School495,Course50,Fall 2025,Fall,Medium,Admissions Drop,0,3.6908660013604795
a0QPm00000bvf5yMAA,School481,Course35,Fall 2025,Fall,Medium,Archived,10,20.89075126035705
a0QPm00000bvuUnMAI,School481,Course51,Fall 2025,Fall,Medium,Archived,14,15.153362443725415
a0QPm00000bwA8CMAU,School576,Course43,Fall 2025,Fall,Medium,Dropped,32,33.81350436185585
a0QPm00000cbf7zMAA,School228,Course34,Fall 2025,Fall,Low,Archived,26,26.1248931234627
a0QPm00000cbYeMMAU,School228,Course34,Fall 2025,Fall,Low,Archived,25,26.1248931234627
a0QPm00000cc13fMAA,School228,Course34,Fall 2025,Fall,Low,Archived,25,26.1248931234627
a0QPm00000cmtNhMAI,School251,Course35,Fall 2025,Fall,Medium,Admissions Drop,0,7.835648666597287
a0QPm00000cxs6YMAQ,School374,Course51,Fall 2025,Fall,Low,Archived,38,21.157878403616856
a0QPm00000cxvKXMAY,School374,Course39,Fall 2025,Fall,Low,Archived,22,25.13297356898274
a0QPm00000dQviYMAS,School330,Course71,Fall 2025,Fall,Low,Archived,17,19.13992800766842
a0QPm00000eHGSlMAO,School514,Course71,Fall 2025,Fall,Low,Archived,24,22.158820082435078
a0QPm00000goxr7MAA,School52,Course66,Fall 2025,Fall,Medium,Archived,14,15.390184544222539
a0QPm00000A2wlKMAR,School436,Course51,Spring 2025,Spring,Medium,Archived,16,10.07686118253103
a0QPm00000iLtTBMA0,School107,Course71,Fall 2025,Fall,Medium,Archived,27,27.426758110081717
a0QPm00000impq7MAA,School391,Course51,Fall 2025,Fall,Medium,Archived,8,9.501234946331701
a0QPm00000j1RsHMAU,School389,Course51,Fall 2025,Fall,Low,Archived,16,16.86390596283074
a0QPm00000jVtWAMA0,School490,Course42,Fall 2025,Fall,Low,Archived,24,23.34174264536125
a0QPm00000kKEXNMA4,School495,Course35,Fall 2025,Fall,Medium,Archived,24,23.986266099511695
a0QPm00000kwjByMAI,School150,Course35,Fall 2025,Fall,Medium,Dropped,6,8.279919667830342
a0QPm00000Uf9pFMAR,School477,Course75,Fall 2025,Fall,Low,Archived,20,19.687237774904865
a0QPm00000UfM1kMAF,School442,Course7,Fall 2025,Fall,Medium,Archived,22,21.52893262528874
a0QPm00000UsfOHMAZ,School216,Course43,Fall 2025,Fall,Low,Admissions Drop,0,3.6136315111213513
a0QPm000009kwBtMAI,School518,Course34,Fall 2024,Fall,Low,Archived,22,23.63290998053714
a0QPm00000UxWAgMAN,School525,Course51,Fall 2025,Fall,Medium,Archived,24,23.250870631994825
a0QPm00000UzoGPMAZ,School380,Course51,Fall 2025,Fall,Medium,Archived,25,15.633969036226002
a0QPm000009lXzSMAU,School623,Course39,Fall 2024,Fall,Medium,Archived,22,23.19833518028002
a0QPm00000V3v37MAB,School6,Course13,Fall 2025,Fall,Low,Archived,19,21.624784147437047
a0QPm00000V74ZjMAJ,School541,Course13,Fall 2025,Fall,Low,Archived,22,23.525526420509383
a0QPm00000V8Hg9MAF,School442,Course54,Fall 2025,Fall,Medium,Archived,14,14.724201817566312
a0QPm00000V9C6XMAV,School507,Course71,Fall 2025,Fall,Low,Archived,17,18.023985040803684
a0QPm00000Va6UsMAJ,School573,Course39,Fall 2025,Fall,Low,Archived,17,21.022983041471473
a0QPm00000Va8utMAB,School573,Course42,Fall 2025,Fall,Low,Archived,25,25.05600425128874
a0QPm00000VafArMAJ,School564,Course51,Fall 2025,Fall,Medium,Archived,24,23.047769628237212
a0QPm00000VaK3DMAV,School297,Course34,Fall 2025,Fall,Low,Archived,22,21.996120487850096
a0QPm00000VD5PsMAL,School579,Course72,Fall 2025,Fall,Low,Archived,22,22.362755644154827
a0QPm00000VDeAfMAL,School257,Course25,Fall 2025,Fall,High,Archived,12,14.156599114888182
a0QPm000009sceEMAQ,School77,Course34,Fall 2024,Fall,Medium,Archived,25,25.714553284832448
a0QPm00000VjbmNMAR,School31,Course25,Fall 2025,Fall,Low,Archived,22,23.036870827117518
a0QPm00000Vlr2DMAR,School531,Course72,Fall 2025,Fall,Low,Archived,13,13.905571935096615
a0QPm00000Vmq7JMAR,School613,Course72,Fall 2025,Fall,Low,Archived,22,22.022533531224973
a0QPm00000VV2yBMAT,School75,Course53,Fall 2025,Fall,High,Admissions Drop,0,9.966093568461778
a0QPm00000VV6nGMAT,School75,Course72,Fall 2025,Fall,High,Admissions Drop,0,3.2704311208829457
a0QPm00000VxizKMAR,School621,Course72,Fall 2025,Fall,Low,Archived,21,20.75446417678792
a0QPm00000VxRK7MAN,School577,Course11,Fall 2025,Fall,Low,Archived,13,14.243318622671968
a0QPm00000VxVnVMAV,School577,Course50,Fall 2025,Fall,Low,Archived,15,15.949880507936818
a0QPm00000VyKd7MAF,School621,Course39,Fall 2025,Fall,Low,Archived,25,24.060378650534936
a0QPm00000VyKoPMAV,School621,Course13,Fall 2025,Fall,Low,Admissions Drop,0,2.9330597249784542
a0QPm00000W3MmNMAV,School14,Course53,Fall 2025,Fall,Low,Archived,29,19.90637294021692
a0QPm00000W5MlSMAV,School354,Course13,Fall 2025,Fall,Low,Archived,29,25.776394391958856
a0QPm00000W5t33MAB,School60,Course7,Fall 2025,Fall,Low,Archived,22,22.833849376467175
a0QPm00000W5Uz7MAF,School413,Course25,Fall 2025,Fall,Medium,Archived,10,11.775691627589703
a0QPm00000W9ggjMAB,School77,Course2,Fall 2025,Fall,Medium,Archived,15,17.358988739142042
a0QPm00000WA3JxMAL,School228,Course34,Fall 2025,Fall,Low,Archived,28,26.1248931234627
a0QPm00000WABvpMAH,School614,Course71,Fall 2025,Fall,Medium,Archived,25,26.33973906489891
a0QPm00000WFk1hMAD,School646,Course34,Fall 2025,Fall,Medium,Archived,13,15.39161036045747
a0QPm000009lHHyMAM,School3,Course25,Spring 2025,Spring,Low,Archived,25,26.12956618341544
a0QPm000009orjtMAA,School80,Course23,Spring 2025,Spring,Low,Archived,5,6.013695202695382
a0QPm00000WotOfMAJ,School58,Course74,Fall 2025,Fall,Medium,Admissions Drop,0,3.4043297253846827
a0QPm00000Wu1n0MAB,School5,Course51,Fall 2025,Fall,Medium,Admissions Drop,0,22.094996697857194
a0QPm00000WvaIvMAJ,School170,Course51,Fall 2025,Fall,Low,Archived,23,23.90005679052284
a0QPm00000X0ZMCMA3,School620,Course11,Fall 2025,Fall,Low,Archived,15,16.143881526440033
a0QPm00000XCrC3MAL,School432,Course51,Fall 2025,Fall,Low,Admissions Drop,0,13.630360848160768
a0QPm00000XI5RIMA1,School221,Course2,Fall 2025,Fall,Low,Archived,23,23.830227333614186
a0QPm00000XJS8sMAH,School374,Course51,Fall 2025,Fall,Low,Admissions Drop,0,21.157878403616856
a0QPm00000XK1JVMA1,School26,Course44,Fall 2025,Fall,Low,Archived,15,14.846820269869207
a0QPm00000XPdPnMAL,School121,Course25,Fall 2025,Fall,Medium,Archived,24,26.435005542812704
a0QPm00000XsBwLMAV,School394,Course35,Fall 2025,Fall,Low,Archived,26,26.501998804590553
a0QPm00000Y22jhMAB,School467,Course1,Fall 2025,Fall,Low,Archived,13,12.924736709496553
a0QPm00000YcNJOMA3,School268,Course53,Fall 2025,Fall,Low,Archived,25,25.145147778628814
a0QPm00000YjpafMAB,School353,Course54,Fall 2025,Fall,Low,Archived,27,26.93920283024108
a0QPm00000YkE1BMAV,School125,Course9,Fall 2025,Fall,Medium,Archived,13,13.804577478428037
a0QPm00000YnfZWMAZ,School606,Course25,Fall 2025,Fall,Medium,Archived,25,18.19700969922072
a0QPm00000YnvzFMAR,School606,Course25,Fall 2025,Fall,Medium,Admissions Drop,0,18.19700969922072
a0QPm00000YQ1wBMAT,School394,Course74,Fall 2025,Fall,Low,Archived,24,24.743846008739848
a0QPm00000YQ3JgMAL,School432,Course74,Fall 2025,Fall,Low,Archived,25,24.588995344958853
a0QPm00000YX9DpMAL,School556,Course74,Fall 2025,Fall,Low,Admissions Drop,0,3.9006752840048824
a0QPm00000Z1PI2MAN,School69,Course25,Fall 2025,Fall,Low,Archived,11,12.00822215484218
a0QPm00000Z8WMkMAN,School486,Course53,Fall 2025,Fall,Low,Archived,21,21.67808685459475
a0QPm00000ZcBr7MAF,School583,Course71,Fall 2025,Fall,Low,Archived,28,26.978138666987498
a0QPm00000ZFfWaMAL,School515,Course43,Fall 2025,Fall,Medium,Archived,12,13.96367814741317
a0QPm00000ZG12QMAT,School515,Course42,Fall 2025,Fall,Medium,Archived,15,16.467216010605327
a0QPm00000ZQhGTMA1,School255,Course51,Fall 2025,Fall,Medium,Archived,14,15.97027761869342
a0QPm00000ZrcxRMAR,School596,Course50,Fall 2025,Fall,Low,Archived,16,16.781486455592823
a0QPm00000ZstjJMAR,School251,Course35,Fall 2025,Fall,Medium,Archived,11,7.835648666597287
a0QPm00000ZSUtSMAX,School374,Course72,Fall 2025,Fall,Low,Admissions Drop,0,3.6383236728880117
a0QPm000009pNobMAE,School178,Course48,Spring 2025,Spring,Low,Archived,19,18.55677498148313
a0QPm000009xkMbMAI,School59,Course41,Spring 2025,Spring,Low,Archived,17,18.486360147937077
a0QPm000009xkODMAY,School59,Course11,Spring 2025,Spring,Low,Archived,21,21.907315745392445
a0QPm000009lFw5MAE,School447,Course10,Fall 2024,Fall,Low,Archived,20,20.17998309369713
a0QPm000009pNjlMAE,School178,Course51,Fall 2024,Fall,Low,Archived,12,12.135231378939167
a0QPm000009xgm2MAA,School59,Course53,Fall 2024,Fall,Low,Archived,25,22.13077295082773
a0QPm00000A4hbhMAB,School520,Course13,Fall 2024,Fall,Low,Archived,18,17.58041972233619
a0QPm000009opuzMAA,School89,Course51,Spring 2025,Spring,Low,Archived,23,24.252293980422486
a0QPm000009z9M9MAI,School540,Course25,Fall 2024,Fall,Low,Archived,25,25.586951763979044
a0QPm000009s4vtMAA,School419,Course74,Fall 2024,Fall,Low,Archived,32,31.096579823343642
a0QPm000009z7llMAA,School317,Course36,Fall 2024,Fall,Low,Archived,17,18.9234365586523
a0QPm000009rqzOMAQ,School380,Course13,Spring 2025,Spring,Medium,Archived,15,9.945177905272445
a0QPm000009sG7TMAU,School77,Course23,Spring 2025,Spring,Medium,Archived,20,20.708975928781236
a0QPm00000AC2hrMAD,School207,Course65,Spring 2025,Spring,Low,Archived,17,16.930372842818635
a0QPm000009rtVpMAI,School380,Course35,Fall 2024,Fall,Medium,Archived,12,12.981979886736035
a0QPm00000ABlXMMA1,School207,Course36,Fall 2024,Fall,Low,Archived,19,18.899261658197915
a0QPm000009kvfdMAA,School276,Course40,Spring 2025,Spring,Low,Archived,12,16.275914562866255
a0QPm000009yUdxMAE,School70,Course31,Spring 2025,Spring,Medium,Archived,17,15.725190928722277
a0QPm000009sThPMAU,School230,Course43,Fall 2024,Fall,Low,Archived,12,12.178603495161015
a0QPm00000AOjxVMAT,School285,Course51,Spring 2025,Spring,Low,Archived,11,18.210352000814737
a0QPm00000AOjhNMAT,School285,Course25,Fall 2024,Fall,Low,Archived,11,11.919784174511815
a0QPm000009z9KXMAY,School540,Course42,Fall 2024,Fall,Low,Archived,25,15.450931373069462
a0QPm00000A7RqYMAV,School44,Course36,Fall 2024,Fall,Medium,Archived,23,24.882205130075388
a0QPm000009sceDMAQ,School230,Course11,Spring 2025,Spring,Low,Archived,7,7.505872104431653
a0QPm000009siLRMAY,School499,Course82,Spring 2025,Spring,High,Archived,6,8.064976230611883
a0QPm000009rrp0MAA,School241,Course79,Spring 2025,Spring,High,Archived,4,7.774898575071369
a0QPm00000EUKfcMAH,School580,Course44,Spring 2025,Spring,Low,Archived,23,22.969526493122697
a0QPm00000UOacCMAT,School314,Course74,Fall 2025,Fall,Low,Archived,21,19.967574607461515
a0QPm00000UPM0uMAH,School511,Course51,Fall 2025,Fall,Medium,Archived,27,27.09110469985362
a0QPm00000UZDVoMAP,School518,Course34,Fall 2025,Fall,Low,Archived,25,23.63290998053714
a0QPm00000URHedMAH,School445,Course39,Fall 2025,Fall,High,Archived,7,7.829708692743774
a0QPm00000V1KSgMAN,School540,Course71,Fall 2025,Fall,Low,Archived,21,22.60275690755657
a0QPm00000UOYqVMAX,School269,Course71,Fall 2025,Fall,Low,Archived,18,17.86970219293051
a0QPm00000UUebRMAT,School154,Course39,Fall 2025,Fall,Low,Archived,10,11.332596161761145
a0QPm00000UUPxPMAX,School154,Course53,Fall 2025,Fall,Low,Archived,12,13.453362594498934
a0QPm00000UUWNmMAP,School154,Course44,Fall 2025,Fall,Low,Archived,15,14.745532925917267
a0QPm00000WMGIDMA5,School154,Course2,Fall 2025,Fall,Low,Archived,15,15.654185565261116
a0QPm00000VbA1nMAF,School130,Course11,Fall 2025,Fall,Low,Archived,11,11.539799158705495
a0QPm00000UOn6gMAD,School499,Course71,Fall 2025,Fall,High,Archived,31,29.405689927250506
a0QPm00000VyWG5MAN,School491,Course71,Fall 2025,Fall,Medium,Archived,31,30.954988494878585
a0QPm00000Z5nlXMAR,School292,Course51,Fall 2025,Fall,Low,Archived,21,20.879816587734467
a0QPm00000V3WxZMAV,School453,Course43,Fall 2025,Fall,Low,Archived,12,12.319219334457607
a0QPm000009xkG9MAI,School59,Course63,Fall 2024,Fall,Low,Archived,10,13.950977692425118
a0QPm00000UR29LMAT,School509,Course60,Fall 2025,Fall,Low,Archived,22,23.835863359952988
a0QPm000009lEggMAE,School27,Course63,Fall 2024,Fall,High,Dropped,16,21.027053881680636
a0QPm000009nqjRMAQ,School468,Course25,Fall 2024,Fall,High,Dropped,1,5.3054046233622465
a0QPm00000A00zxMAB,School542,Course42,Fall 2024,Fall,Low,Archived,31,27.843426541761303
a0QPm00000A01snMAB,School542,Course74,Fall 2024,Fall,Low,Archived,33,32.27442312798594
a0QPm00000A061GMAR,School375,Course51,Fall 2024,Fall,Low,Archived,25,24.562336700796603
a0QPm00000A06kPMAR,School561,Course75,Fall 2024,Fall,High,Admissions Drop,0,5.13048397266667
a0QPm00000A0BIhMAN,School375,Course25,Fall 2024,Fall,Low,Archived,25,24.94073189157298
a0QPm00000A2vXVMAZ,School598,Course52,Fall 2024,Fall,Low,Archived,12,12.28059812480352
a0QPm00000A4kZbMAJ,School222,Course25,Fall 2024,Fall,Low,Archived,24,22.99661537605651
a0QPm00000A4zaDMAR,School222,Course15,Fall 2024,Fall,Low,Archived,25,23.881660235731637
a0QPm00000A576MMAR,School405,Course53,Fall 2024,Fall,Low,Archived,15,15.65997850361601
a0QPm00000A5CpCMAV,School76,Course39,Fall 2024,Fall,Low,Archived,28,21.398121360183158
a0QPm00000A5mnqMAB,School79,Course15,Fall 2024,Fall,Low,Archived,23,22.76287122788756
a0QPm00000A5mRFMAZ,School79,Course10,Fall 2024,Fall,Low,Archived,19,19.376726917416956
a0QPm00000A5nlXMAR,School632,Course46,Fall 2024,Fall,Low,Admissions Drop,0,2.5097783034746133
a0QPm00000A5Qk5MAF,School100,Course75,Fall 2024,Fall,Low,Archived,14,15.138716351686716
a0QPm00000A7cdtMAB,School395,Course38,Fall 2024,Fall,Low,Archived,25,26.032849679934124
a0QPm00000A8aqAMAR,School83,Course13,Fall 2024,Fall,Medium,Admissions Drop,0,2.8769106620406606
a0QPm00000A8gifMAB,School84,Course25,Fall 2024,Fall,Low,Archived,14,16.968089018624823
a0QPm00000A8ljxMAB,School83,Course39,Fall 2024,Fall,Medium,Archived,11,12.160401870719562
a0QPm00000AApTKMA1,School240,Course39,Fall 2024,Fall,Low,Archived,21,21.33561563337263
a0QPm00000AAwUoMAL,School240,Course75,Fall 2024,Fall,Low,Archived,16,17.113972910687334
a0QPm00000AB3UfMAL,School534,Course38,Fall 2024,Fall,Low,Archived,28,28.43206726261299
a0QPm00000AB4z1MAD,School459,Course25,Fall 2024,Fall,Medium,Admissions Drop,0,2.876784665563755
a0QPm00000AC98FMAT,School80,Course35,Fall 2024,Fall,Low,Archived,9,9.085712605323412
a0QPm00000ACBOYMA5,School71,Course35,Fall 2024,Fall,Low,Archived,18,11.437830958539344
a0QPm00000ACF5ZMAX,School487,Course13,Fall 2024,Fall,Low,Archived,26,26.182056804565814
a0QPm00000ACGWHMA5,School13,Course43,Fall 2024,Fall,Low,Archived,18,18.935559855808975
a0QPm00000AcocLMAR,School228,Course38,Fall 2024,Fall,Low,Archived,12,14.368759168455796
a0QPm00000Ai0TBMAZ,School615,Course40,Fall 2024,Fall,Medium,Archived,9,10.0529168699328
a0QPm00000AIisrMAD,School538,Course63,Fall 2024,Fall,Low,Archived,30,30.332654189411297
a0QPm00000AIJeNMAX,School6,Course63,Fall 2024,Fall,Low,Archived,15,15.34598476714698
a0QPm00000AIjFRMA1,School538,Course36,Fall 2024,Fall,Low,Archived,25,25.680699894465008
a0QPm00000Aijy9MAB,School348,Course25,Fall 2024,Fall,High,Admissions Drop,0,5.6087717550047556
a0QPm00000AIt1wMAD,School268,Course63,Fall 2024,Fall,Low,Archived,23,13.722399692985913
a0QPm00000AIYv9MAH,School538,Course75,Fall 2024,Fall,Low,Archived,30,27.799103873066954
a0QPm00000AJFFJMA5,School43,Course15,Fall 2024,Fall,Low,Archived,23,25.324332109624017
a0QPm00000AJjGbMAL,School210,Course13,Fall 2024,Fall,High,Admissions Drop,0,5.144561651049165
a0QPm00000AJLvpMAH,School329,Course75,Fall 2024,Fall,Low,Archived,14,15.091552087887072
a0QPm00000AJLvqMAH,School380,Course13,Fall 2024,Fall,Medium,Archived,17,10.819065814449552
a0QPm00000AJNnxMAH,School31,Course25,Fall 2024,Fall,Low,Archived,23,23.036870827117518
a0QPm00000AJOldMAH,School310,Course75,Fall 2024,Fall,Medium,Admissions Drop,0,3.501704408364189
a0QPm00000AJQfNMAX,School310,Course40,Fall 2024,Fall,Medium,Archived,15,16.248943454392677
a0QPm00000AJv4sMAD,School75,Course63,Fall 2024,Fall,High,Archived,8,13.009735051290779
a0QPm00000AJwCDMA1,School75,Course51,Fall 2024,Fall,High,Archived,12,9.665247674687492
a0QPm00000AkSZrMAN,School304,Course42,Fall 2024,Fall,Low,Archived,28,24.09205375304727
a0QPm00000ALkwgMAD,School89,Course9,Fall 2024,Fall,Low,Admissions Drop,0,2.4981255717965207
a0QPm00000ALThDMAX,School490,Course51,Fall 2024,Fall,Low,Archived,13,13.359654984031833
a0QPm00000AOBr0MAH,School405,Course54,Fall 2024,Fall,Low,Archived,17,21.58647166098439
a0QPm00000AOIPSMA5,School569,Course75,Fall 2024,Fall,Low,Archived,23,23.252104150466195
a0QPm00000AvKXKMA3,School596,Course15,Fall 2024,Fall,Low,Archived,14,15.048693135763207
a0QPm00000B7dMUMAZ,School632,Course52,Fall 2024,Fall,Low,Archived,10,10.756690268811703
a0QPm00000BdR6rMAF,School4,Course15,Fall 2024,Fall,Low,Admissions Drop,0,3.701421803360623
a0QPm00000BdRI9MAN,School514,Course15,Fall 2024,Fall,Low,Dropped,16,15.876207469780471
a0QPm00000BdyFiMAJ,School649,Course34,Fall 2024,Fall,Low,Archived,24,13.688386682651277
a0QPm00000BeAOxMAN,School510,Course34,Fall 2024,Fall,Low,Archived,17,17.8873770216876
a0QPm00000BioUEMAZ,School381,Course34,Fall 2024,Fall,Medium,Archived,21,21.051375414281434
a0QPm00000BiqvpMAB,School222,Course25,Fall 2024,Fall,Low,Archived,21,22.99661537605651
a0QPm00000BL9l8MAD,School60,Course52,Fall 2024,Fall,Low,Archived,18,18.916424127290128
a0QPm00000BNdYbMAL,School275,Course40,Fall 2024,Fall,Low,Archived,11,11.318404602552727
a0QPm00000BNz4TMAT,School192,Course39,Fall 2024,Fall,Low,Archived,24,24.332165317445796
a0QPm00000BPmO5MAL,School170,Course54,Fall 2024,Fall,Low,Archived,27,15.830203812006143
a0QPm00000BScdVMAT,School310,Course39,Fall 2024,Fall,Medium,Admissions Drop,0,3.493408660736062
a0QPm00000BSIzlMAH,School352,Course13,Fall 2024,Fall,Low,Archived,18,20.499636530726512
a0QPm00000BSu0vMAD,School333,Course34,Fall 2024,Fall,High,Admissions Drop,0,2.7827596968810586
a0QPm00000BucicMAB,School413,Course75,Fall 2024,Fall,Medium,Archived,28,27.01301814316924
a0QPm00000CjHqcMAF,School354,Course15,Fall 2024,Fall,Low,Admissions Drop,0,5.629119148243608
a0QPm00000CRJZ8MAP,School562,Course52,Fall 2024,Fall,Low,Admissions Drop,0,9.606838823035263
a0QPm00000CZ9kiMAD,School145,Course9,Fall 2024,Fall,Medium,Archived,25,24.919330649321317
a0QPm00000DDIfZMAX,School536,Course25,Fall 2024,Fall,Low,Archived,15,19.73940735197779
a0QPm00000DOGddMAH,School268,Course38,Fall 2024,Fall,Low,Archived,18,19.292469022729744
a0QPm00000DVqhEMAT,School122,Course40,Fall 2024,Fall,Low,Archived,16,16.701255418809307
a0QPm00000EI9XqMAL,School133,Course63,Fall 2024,Fall,Low,Archived,18,18.151481465786524
a0QPm00000ErOwzMAF,School142,Course35,Fall 2024,Fall,High,Archived,22,25.68278965827325
a0QPm00000G63ZtMAJ,School496,Course74,Fall 2024,Fall,Low,Archived,28,27.187518000658752
a0QPm00000GuyJeMAJ,School334,Course40,Fall 2024,Fall,High,Archived,7,7.6649639895375365
a0QPm00000HMocHMAT,School324,Course10,Fall 2024,Fall,Low,Archived,17,17.485964979580395
a0QPm00000Hy4weMAB,School259,Course38,Fall 2024,Fall,Low,Archived,12,12.897604731774209
a0QPm00000HynX7MAJ,School42,Course38,Fall 2024,Fall,High,Archived,6,8.886614604153472
a0QDo000000c22PMAQ,School451,Course13,Fall 2023,Fall,Medium,Admissions Drop,0,9.18325484336259
a0QDo000000c4rnMAA,School554,Course13,Fall 2023,Fall,Medium,Archived,19,17.971314893944978
a0QDo000000CCe5MAG,School333,Course24,Fall 2023,Fall,High,Archived,7,8.764224558024207
a0QDo000000CGZDMA4,School240,Course24,Fall 2023,Fall,Low,Archived,15,16.306579009950998
a0QDo000000CZdXMAW,School54,Course36,Fall 2023,Fall,Medium,Archived,21,21.91798877933774
a0QDo000001zW3GMAU,School451,Course43,Fall 2023,Fall,Medium,Admissions Drop,0,9.209886299367378
a0QDo0000020hYrMAI,School98,Course17,Fall 2023,Fall,Low,Archived,11,13.151691499507074
a0QDo0000020QhAMAU,School183,Course13,Fall 2023,Fall,High,Admissions Drop,0,5.144561651049165
a0QDo0000021ly1MAA,School100,Course63,Fall 2023,Fall,Low,Archived,11,12.596340503654952
a0QDo000004Cc9AMAS,School468,Course25,Fall 2023,Fall,High,Admissions Drop,0,5.3054046233622465
a0QDo000000bzJpMAI,School485,Course31,Spring 2023,Spring,High,Admissions Drop,0,5.309842913113505
a0QDo000000bzK4MAI,School53,Course31,Spring 2023,Spring,High,Admissions Drop,0,3.0238543671692826
a0QDo000000bzK9MAI,School115,Course31,Spring 2023,Spring,High,Admissions Drop,0,5.309842913113505
a0QPm000004utmKMAQ,School394,Course42,Spring 2023,Spring,Low,Archived,23,23.583851981222228
a0QPm000004utmLMAQ,School586,Course42,Spring 2023,Spring,Low,Archived,21,20.110647951465523
a0QPm000004utmMMAQ,School652,Course42,Spring 2023,Spring,Low,Archived,22,19.764623151434858
a0QPm000004utmNMAQ,School304,Course42,Spring 2023,Spring,Low,Archived,13,23.014542126493208
a0QPm000004utmOMAQ,School236,Course42,Spring 2023,Spring,Low,Archived,15,15.229860577128335
a0QPm000004uuSCMAY,School562,Course62,Spring 2023,Spring,Low,Archived,12,13.398716950843692
a0QPm000004uuSDMAY,School573,Course62,Spring 2023,Spring,Low,Archived,14,18.006918463622473
a0QPm000004uuSEMAY,School279,Course62,Spring 2023,Spring,Medium,Archived,10,8.855129221315796
a0QPm000004uuSFMAY,School240,Course62,Spring 2023,Spring,Low,Archived,19,19.851489037733263
a0QPm000004uuSGMAY,School286,Course62,Spring 2023,Spring,High,Archived,8,7.6842900516603105
a0QPm000004uuSHMAY,School575,Course62,Spring 2023,Spring,Medium,Archived,16,16.12784319244233
a0QPm000004uuSIMAY,School242,Course62,Spring 2023,Spring,Low,Archived,4,6.027715270015835
a0QPm000004uuSJMAY,School179,Course62,Spring 2023,Spring,Medium,Archived,12,13.550929510956541
a0QPm000004uuSKMAY,School530,Course62,Spring 2023,Spring,Low,Archived,14,13.052515346627981
a0QPm000004uuSLMAY,School223,Course62,Spring 2023,Spring,Low,Archived,4,6.418744560788492
a0QPm000004uuWmMAI,School529,Course42,Spring 2023,Spring,Low,Archived,11,11.949202857449043
a0QPm000004uuX7MAI,School124,Course31,Spring 2023,Spring,Low,Archived,21,21.167068001802956
a0QPm000004uuX8MAI,School486,Course31,Spring 2023,Spring,Low,Archived,11,13.734021119110423
a0QPm000004uuX9MAI,School321,Course31,Spring 2023,Spring,Low,Archived,13,20.937153448716774
a0QPm000004uuXAMAY,School329,Course31,Spring 2023,Spring,Low,Archived,10,19.062273986632402
a0QPm000004uwINMAY,School451,Course51,Spring 2023,Spring,Medium,Archived,24,13.49553433717979
a0QPm000004uwIOMAY,School261,Course51,Spring 2023,Spring,Medium,Archived,5,7.247014751413566
a0QPm000004uwIPMAY,School5,Course51,Spring 2023,Spring,Medium,Archived,17,22.147312312078512
a0QPm000004uwIQMAY,School361,Course51,Spring 2023,Spring,Low,Archived,26,26.651130946391753
a0QPm000004uwIRMAY,School368,Course51,Spring 2023,Spring,High,Archived,6,6.199739246439925
a0QPm000004uwISMAY,School410,Course51,Spring 2023,Spring,Low,Archived,26,26.2107884787175
a0QPm000004uwITMAY,School358,Course51,Spring 2023,Spring,High,Archived,8,7.14465713304439
a0QPm000004uwIUMAY,School102,Course51,Spring 2023,Spring,High,Archived,13,8.799753368487695
a0QPm000004uwIVMAY,School490,Course51,Spring 2023,Spring,Low,Archived,10,12.863210367735588
a0QPm000004uwIWMAY,School279,Course51,Spring 2023,Spring,Medium,Archived,13,11.78407986040099
a0QPm000004uwIXMAY,School438,Course51,Spring 2023,Spring,High,Archived,16,16.49110054801171
a0QPm000004uwWvMAI,School554,Course13,Spring 2023,Spring,Medium,Archived,34,18.564200287482105
a0QPm000004uwWwMAI,School5,Course13,Spring 2023,Spring,Medium,Archived,20,22.845428896610553
a0QPm000004uwWxMAI,School520,Course13,Spring 2023,Spring,Low,Archived,16,17.544631108005305
a0QPm000004uwWyMAI,School154,Course13,Spring 2023,Spring,Low,Archived,21,12.570353771691572
a0QPm000004uwWzMAI,School91,Course13,Spring 2023,Spring,Medium,Archived,10,10.098574943812698
a0QPm000004uwX0MAI,School438,Course13,Spring 2023,Spring,High,Archived,12,13.086176816339732
a0QPm000004uwX1MAI,School354,Course13,Spring 2023,Spring,Low,Archived,20,24.520285426699868
a0QPm000004uwX2MAI,School242,Course13,Spring 2023,Spring,Low,Archived,9,8.79469500466934
a0QPm000004uydWMAQ,School351,Course41,Spring 2023,Spring,Low,Archived,51,19.753434151104532
a0QPm000004uydXMAQ,School352,Course41,Spring 2023,Spring,Low,Archived,30,24.311690517253037
a0QPm000004uydYMAQ,School293,Course41,Spring 2023,Spring,Low,Archived,20,19.9605149978624
a0QPm000004uydZMAQ,School423,Course41,Spring 2023,Spring,Low,Archived,14,14.361222925008194
a0QPm000004uyKPMAY,School550,Course69,Spring 2023,Spring,Medium,Archived,21,21.163633847029477
a0QPm000004uyKQMAY,School425,Course69,Spring 2023,Spring,Low,Archived,20,18.133072629559138
a0QPm000004uyKRMAY,School465,Course69,Spring 2023,Spring,Low,Archived,18,18.44601119953952
a0QPm000004uyKSMAY,School417,Course69,Spring 2023,Spring,Low,Archived,20,20.240988083166844
a0QPm000004uyKTMAY,School499,Course69,Spring 2023,Spring,High,Archived,21,20.713124283938146
a0QPm000004uyKVMAY,School556,Course73,Spring 2023,Spring,Low,Archived,20,20.722423665940006
a0QPm000004uyKWMAY,School579,Course73,Spring 2023,Spring,Low,Archived,23,23.07569898754456
a0QPm000004uyKXMAY,School466,Course73,Spring 2023,Spring,Medium,Archived,26,14.33732366139397
a0QPm000004uyKYMAY,School88,Course73,Spring 2023,Spring,Low,Archived,15,12.400232995229944
a0QPm000004uyKZMAY,School590,Course73,Spring 2023,Spring,Low,Archived,9,11.82617601054742
a0QPm000004uyqpMAA,School562,Course35,Spring 2023,Spring,Low,Archived,15,14.747262852918313
a0QPm000004uyqqMAA,School629,Course35,Spring 2023,Spring,High,Archived,12,14.749049593643594
a0QPm000004uyqrMAA,School282,Course35,Spring 2023,Spring,Medium,Archived,12,12.380598553035421
a0QPm000004uyqsMAA,School405,Course35,Spring 2023,Spring,Low,Archived,10,11.167910836325115
a0QPm000004uyqtMAA,School653,Course33,Spring 2023,Spring,Low,Archived,15,15.012324420014197
a0QPm000004uyquMAA,School463,Course33,Spring 2023,Spring,Low,Archived,20,20.363480907704623
a0QPm000004uyqvMAA,School317,Course33,Spring 2023,Spring,Low,Archived,19,19.001810180064567
a0QPm000004uys1MAA,School614,Course35,Spring 2023,Spring,Medium,Archived,18,18.500443679805727
a0QPm000004uys2MAA,School542,Course35,Spring 2023,Spring,Low,Archived,19,22.218159193874563
a0QPm000004uys3MAA,School142,Course35,Spring 2023,Spring,High,Archived,30,27.424727101656547
a0QPm000004uys4MAA,School255,Course35,Spring 2023,Spring,Medium,Archived,21,21.355830057730163
a0QPm000004uys5MAA,School97,Course35,Spring 2023,Spring,Low,Archived,9,10.748554339222002
a0QPm000004uys6MAA,School309,Course35,Spring 2023,Spring,Low,Archived,26,24.743535480871955
a0QPm000004uys7MAA,School348,Course35,Spring 2023,Spring,High,Archived,14,9.371483493139243
a0QPm000004uys8MAA,School125,Course35,Spring 2023,Spring,Medium,Archived,14,14.293663343609266
a0QPm000004uys9MAA,School409,Course35,Spring 2023,Spring,High,Archived,37,35.30986413154362
a0QPm000004uysAMAQ,School400,Course35,Spring 2023,Spring,Medium,Archived,12,11.008662637425697
a0QPm000004uysBMAQ,School387,Course35,Spring 2023,Spring,Low,Archived,10,15.498267884265427
a0QPm000004uysCMAQ,School165,Course35,Spring 2023,Spring,Medium,Archived,53,51.03634373899381
a0QPm000004uysDMAQ,School625,Course35,Spring 2023,Spring,Medium,Archived,20,18.7902646935262
a0QPm000004uysEMAQ,School119,Course35,Spring 2023,Spring,Low,Archived,11,11.326341692124778
a0QPm000004uysFMAQ,School443,Course35,Spring 2023,Spring,Low,Archived,20,16.8395708528925
a0QPm000004uysGMAQ,School491,Course35,Spring 2023,Spring,Medium,Archived,27,20.21845583936639
a0QPm000004uysHMAQ,School136,Course35,Spring 2023,Spring,Low,Archived,14,12.431734191511351
a0QPm000004uysIMAQ,School285,Course35,Spring 2023,Spring,Low,Archived,22,15.064870029788208
a0QPm000004uysJMAQ,School344,Course35,Spring 2023,Spring,Medium,Archived,8,9.153453190348815
a0QPm000004uysKMAQ,School173,Course35,Spring 2023,Spring,Low,Archived,8,8.315249038765302
a0QPm000004uysLMAQ,School143,Course35,Spring 2023,Spring,Low,Archived,11,10.711593237745411
a0QPm000004uysMMAQ,School358,Course35,Spring 2023,Spring,High,Archived,4,8.86360440287829
a0QPm000004uysNMAQ,School514,Course35,Spring 2023,Spring,Low,Archived,13,14.870854609194556
a0QPm000004uysOMAQ,School597,Course35,Spring 2023,Spring,High,Archived,4,3.617818261899843
a0QPm000004uysPMAQ,School469,Course35,Spring 2023,Spring,Low,Archived,5,6.1528647289741505
a0QPm000004uysQMAQ,School311,Course35,Spring 2023,Spring,High,Archived,4,7.257912415794182
a0QPm000004uysRMAQ,School460,Course35,Spring 2023,Spring,Low,Archived,14,16.51687714585444
a0QPm000004uytsMAA,School120,Course51,Spring 2023,Spring,High,Archived,19,13.492635724660712
a0QPm000004uyttMAA,School530,Course51,Spring 2023,Spring,Low,Archived,29,22.890365487225097
a0QPm000004uytuMAA,School95,Course51,Spring 2023,Spring,Low,Archived,28,23.411370159841862
a0QPm000004uytvMAA,School145,Course51,Spring 2023,Spring,Medium,Archived,14,8.763013440686333
a0QPm000004uytwMAA,School202,Course51,Spring 2023,Spring,Low,Archived,16,17.637140945432947
a0QPm000004uytxMAA,School439,Course51,Spring 2023,Spring,Low,Archived,14,14.109351549961115
a0QPm000004uytyMAA,School285,Course51,Spring 2023,Spring,Low,Archived,27,18.210352000814737
a0QPm000004uytzMAA,School282,Course51,Spring 2023,Spring,Medium,Archived,8,8.969675895076154
a0QPm000004uyu0MAA,School101,Course51,Spring 2023,Spring,Low,Archived,21,19.533367475939777
a0QPm000004uyu1MAA,School571,Course51,Spring 2023,Spring,Low,Archived,25,25.161054706015175
a0QPm000004uyu2MAA,School98,Course51,Spring 2023,Spring,Low,Archived,12,15.16434686488832
a0QPm000004uyu3MAA,School9,Course51,Spring 2023,Spring,Medium,Archived,24,25.421955780816454
a0QPm000004uyu4MAA,School179,Course51,Spring 2023,Spring,Medium,Archived,16,15.210898608947705
a0QPm000004uyu5MAA,School164,Course51,Spring 2023,Spring,Medium,Archived,10,7.679047145244059
a0QPm000004uyu6MAA,School1,Course51,Spring 2023,Spring,Low,Archived,16,15.985827305126605
a0QPm000004uyyaMAA,School249,Course62,Spring 2023,Spring,Medium,Archived,31,27.33024234791418
a0QPm000004uyybMAA,School396,Course62,Spring 2023,Spring,Low,Archived,12,12.267296087830283
a0QPm000004uyycMAA,School319,Course62,Spring 2023,Spring,Low,Archived,8,10.489436827100326
a0QPm000004uyydMAA,School153,Course62,Spring 2023,Spring,Low,Archived,19,18.42592187670727
a0QPm000004uyyeMAA,School538,Course62,Spring 2023,Spring,Low,Archived,13,13.865086427488395
a0QPm000004uyyfMAA,School520,Course62,Spring 2023,Spring,Low,Archived,19,18.443598047623436
a0QPm000004uyygMAA,School70,Course62,Spring 2023,Spring,Medium,Archived,32,30.382229156332627
a0QPm000004uyyhMAA,School514,Course62,Spring 2023,Spring,Low,Archived,10,11.773934139390386
a0QPm000004uyyiMAA,School395,Course62,Spring 2023,Spring,Low,Archived,17,18.496814987604846
a0QPm000004uyyjMAA,School479,Course62,Spring 2023,Spring,Medium,Archived,12,6.241127845342887
a0QPm000004uyykMAA,School83,Course62,Spring 2023,Spring,Medium,Archived,13,14.143172031067266
a0QPm000004uyylMAA,School150,Course62,Spring 2023,Spring,Medium,Archived,16,16.372608243813218
a0QPm000004uyymMAA,School407,Course62,Spring 2023,Spring,Low,Archived,12,16.7204423102606
a0QPm000004uyynMAA,School165,Course62,Spring 2023,Spring,Medium,Archived,18,23.82877398840312
a0QPm000004uyyoMAA,School569,Course62,Spring 2023,Spring,Low,Archived,17,19.211827180725155
a0QPm000004uyypMAA,School625,Course62,Spring 2023,Spring,Medium,Archived,3,3.1445267617922257
a0QPm000004uyyqMAA,School651,Course62,Spring 2023,Spring,High,Archived,9,5.362093000139834
a0QPm000004uyyrMAA,School559,Course62,Spring 2023,Spring,Low,Archived,12,10.43210933931099
a0QPm000004uyyTMAQ,School548,Course62,Spring 2023,Spring,Medium,Archived,19,20.445019783480237
a0QPm000004uyyUMAQ,School354,Course62,Spring 2023,Spring,Low,Archived,24,18.228356966785185
a0QPm000004uyyVMAQ,School154,Course62,Spring 2023,Spring,Low,Archived,10,11.072355578132095
a0QPm000004uyyWMAQ,School71,Course62,Spring 2023,Spring,Low,Archived,12,14.150475106994284
a0QPm000004uyyXMAQ,School481,Course62,Spring 2023,Spring,Medium,Archived,41,33.84642095259781
a0QPm000004uyyYMAQ,School39,Course62,Spring 2023,Spring,Low,Archived,23,23.006620669881528
a0QPm000004uyyZMAQ,School221,Course62,Spring 2023,Spring,Low,Archived,25,26.18138294655193
a0QPm000004uzBaMAI,School611,Course32,Spring 2023,Spring,Low,Archived,20,21.146728441519247
a0QPm000004uzBPMAY,School277,Course23,Spring 2023,Spring,Low,Archived,13,14.875760802241386
a0QPm000004uzBQMAY,School95,Course23,Spring 2023,Spring,Low,Archived,17,17.93080251268687
a0QPm000004uzBRMAY,School10,Course23,Spring 2023,Spring,Low,Archived,10,9.965220086090204
a0QPm000004uzBSMAY,School381,Course23,Spring 2023,Spring,Medium,Archived,14,8.814129867747955
a0QPm000004uzBTMAY,School313,Course23,Spring 2023,Spring,Low,Archived,8,9.481587998642924
a0QPm000004uzBUMAY,School427,Course32,Spring 2023,Spring,High,Archived,10,12.223420566059588
a0QPm000004uzBVMAY,School363,Course32,Spring 2023,Spring,Medium,Archived,17,17.108991672369793
a0QPm000004uzBWMAY,School202,Course32,Spring 2023,Spring,Low,Archived,26,21.668222904855728
a0QPm000004uzBXMAY,School142,Course32,Spring 2023,Spring,High,Archived,35,34.98198549443407
a0QPm000004uzBYMAY,School632,Course32,Spring 2023,Spring,Low,Archived,10,10.501986831887622
a0QPm000004uzBZMAY,School66,Course32,Spring 2023,Spring,Low,Archived,11,12.066847527958473
a0QPm000004uzL7MAI,School60,Course64,Spring 2023,Spring,Low,Archived,18,18.633972162692814
a0QPm000004uzL8MAI,School418,Course64,Spring 2023,Spring,Low,Archived,15,15.245849735630632
a0QPm000004uzL9MAI,School424,Course64,Spring 2023,Spring,Low,Archived,19,19.44987227325829
a0QPm000004uzLAMAY,School436,Course64,Spring 2023,Spring,Medium,Archived,22,18.972472153804663
a0QPm000004uzLBMAY,School28,Course64,Spring 2023,Spring,Low,Archived,15,15.453381010364893
a0QPm000004uzLCMAY,School372,Course64,Spring 2023,Spring,Low,Archived,20,20.12455837850305
a0QPm000004uzLDMAY,School127,Course64,Spring 2023,Spring,Low,Archived,16,16.80742346391337
a0QPm000004uzLEMAY,School310,Course64,Spring 2023,Spring,Medium,Archived,27,26.904998095141494
a0QPm000004uzLFMAY,School442,Course64,Spring 2023,Spring,Medium,Archived,19,18.680989613903634
a0QPm000004uzLGMAY,School376,Course64,Spring 2023,Spring,Medium,Archived,18,19.181225534583476
a0QPm000004uzLHMAY,School91,Course64,Spring 2023,Spring,Medium,Archived,10,11.401269623943422
a0QPm000004uzLIMAY,School163,Course64,Spring 2023,Spring,High,Archived,14,15.30255412369603
a0QPm000004uzLJMAY,School598,Course64,Spring 2023,Spring,Low,Archived,8,11.594019944001028
a0QPm000004uzLKMAY,School643,Course64,Spring 2023,Spring,Low,Archived,15,15.379741108971192
a0QPm000004uzLLMAY,School589,Course64,Spring 2023,Spring,Low,Archived,18,16.3758574031367
a0QPm000004uzLMMAY,School558,Course64,Spring 2023,Spring,Low,Archived,23,23.148233248865857
a0QPm000004uzLNMAY,School382,Course64,Spring 2023,Spring,Low,Archived,9,10.837636943224586
a0QPm000004uzLOMAY,School422,Course64,Spring 2023,Spring,Low,Archived,21,21.382326069155017
a0QPm000004uzLPMAY,School253,Course64,Spring 2023,Spring,Medium,Archived,9,9.609682503579883
a0QPm000004uzLQMAY,School260,Course64,Spring 2023,Spring,Low,Archived,12,13.461930212721857
a0QPm000004uzLRMAY,School160,Course64,Spring 2023,Spring,Medium,Archived,14,14.471088955274235
a0QPm000004uzLSMAY,School532,Course64,Spring 2023,Spring,Medium,Archived,5,5.1509331237593985
a0QPm000004uzLTMAY,School569,Course64,Spring 2023,Spring,Low,Archived,9,10.732684133579568
a0QPm000004uzLUMAY,School84,Course64,Spring 2023,Spring,Low,Archived,19,11.801944526125283
a0QPm000004uzLVMAY,School17,Course64,Spring 2023,Spring,Low,Archived,6,7.223883086972693
a0QPm000004uzQCMAY,School459,Course82,Spring 2023,Spring,Medium,Archived,6,7.334730567178758
a0QPm000004uzQDMAY,School154,Course82,Spring 2023,Spring,Low,Archived,11,14.47794286877589
a0QPm000004uzQEMAY,School101,Course82,Spring 2023,Spring,Low,Archived,19,19.305014382446146
a0QPm000004uzQFMAY,School328,Course82,Spring 2023,Spring,Low,Archived,14,15.64318993838664
a0QPm000004uzQGMAY,School60,Course33,Spring 2023,Spring,Low,Archived,10,17.57091598015506
a0QPm000004uzQHMAY,School405,Course33,Spring 2023,Spring,Low,Archived,25,23.90842195871813
a0QPm000004uzQIMAY,School516,Course33,Spring 2023,Spring,High,Archived,17,19.37953525788523
a0QPm000004uzQJMAY,School28,Course33,Spring 2023,Spring,Low,Archived,23,22.286209972412188
a0QPm000004uzQKMAY,School135,Course33,Spring 2023,Spring,High,Archived,6,7.071673411129655
a0QPm000004uzQLMAY,School474,Course33,Spring 2023,Spring,Low,Archived,15,16.18973491794959
a0QPm000004uzQMMAY,School143,Course33,Spring 2023,Spring,Low,Archived,8,8.224325867010108
a0QPm000004uzRrMAI,School351,Course25,Spring 2023,Spring,Low,Archived,43,26.85561807923171
a0QPm000004uzRsMAI,School518,Course25,Spring 2023,Spring,Low,Archived,19,20.608510500767462
a0QPm000004uzRtMAI,School9,Course25,Spring 2023,Spring,Medium,Archived,23,21.57041250127941
a0QPm000004uzRuMAI,School531,Course25,Spring 2023,Spring,Low,Archived,6,13.58697595166936
a0QPm000004uzRvMAI,School352,Course25,Spring 2023,Spring,Low,Archived,42,27.87885443804686
a0QPm000004uzRwMAI,School157,Course25,Spring 2023,Spring,Low,Archived,20,16.27935529926514
a0QPm000004uzRxMAI,School472,Course25,Spring 2023,Spring,Low,Archived,10,12.554298778308093
a0QPm000004uzRyMAI,School442,Course25,Spring 2023,Spring,Medium,Archived,18,16.085687691845163
a0QPm000004uzT7MAI,School6,Course25,Spring 2023,Spring,Low,Archived,14,15.085556025166019
a0QPm000004uzT8MAI,School355,Course25,Spring 2023,Spring,Low,Archived,20,12.37248532224233
a0QPm000004uzT9MAI,School84,Course25,Spring 2023,Spring,Low,Archived,20,17.66651954469365
a0QPm000004uzTAMAY,School609,Course25,Spring 2023,Spring,High,Archived,10,6.840736366726059
a0QPm000004uzTBMAY,School386,Course25,Spring 2023,Spring,Low,Archived,13,12.056006412277474
a0QPm000004uzTCMAY,School150,Course25,Spring 2023,Spring,Medium,Archived,21,20.52594176773747
a0QPm000004uzTDMAY,School405,Course25,Spring 2023,Spring,Low,Archived,14,14.480291074612357
a0QPm000004uzTEMAY,School588,Course25,Spring 2023,Spring,Low,Archived,11,10.677146380814822
a0QPm000004uzTFMAY,School155,Course25,Spring 2023,Spring,Low,Archived,14,14.68941013408592
a0QPm000004uzTGMAY,School582,Course25,Spring 2023,Spring,Low,Archived,16,17.444194214329567
a0QPm000004uzTHMAY,School426,Course25,Spring 2023,Spring,Low,Archived,12,11.4904405399625
a0QPm000004uzXxMAI,School235,Course31,Spring 2023,Spring,Low,Archived,11,19.02695660981391
a0QPm000004uzXyMAI,School67,Course31,Spring 2023,Spring,Low,Archived,17,13.659096466996067
a0QPm000004uzXzMAI,School13,Course31,Spring 2023,Spring,Low,Archived,13,16.46713081700639
a0QPm000004uzY0MAI,School477,Course31,Spring 2023,Spring,Low,Archived,6,14.752664183688413
a0QPm000004uzY1MAI,School478,Course31,Spring 2023,Spring,Medium,Archived,5,4.9090315425829045
a0QPm000004uzY2MAI,School493,Course31,Spring 2023,Spring,Low,Archived,26,25.791466468497227
a0QPm000004uzY3MAI,School250,Course31,Spring 2023,Spring,High,Archived,7,7.562580469745669
a0QPm000004uzY4MAI,School451,Course31,Spring 2023,Spring,Medium,Archived,11,14.380276790852847
a0QPm000004uzY5MAI,School70,Course31,Spring 2023,Spring,Medium,Archived,13,15.725190928722277
a0QPm000004uzY6MAI,School340,Course31,Spring 2023,Spring,High,Archived,4,3.6296011398016867
a0QPm000004uzY7MAI,School263,Course31,Spring 2023,Spring,Low,Archived,14,12.509395008005136
a0QPm000004uzY8MAI,School644,Course31,Spring 2023,Spring,Low,Archived,10,9.469714830048165
a0QPm000004uzY9MAI,School153,Course31,Spring 2023,Spring,Low,Archived,15,15.471713416964047
a0QPm000004uzYAMAY,School474,Course31,Spring 2023,Spring,Low,Archived,12,17.41980362549271
a0QPm000004uzYBMAY,School114,Course31,Spring 2023,Spring,Low,Archived,9,8.96912743414314
a0QPm000004uzYCMAY,School299,Course31,Spring 2023,Spring,Low,Archived,16,18.571915725709506
a0QPm000004uzYDMAY,School440,Course31,Spring 2023,Spring,Low,Archived,9,8.96912743414314
a0QPm000004uzYEMAY,School480,Course31,Spring 2023,Spring,Medium,Archived,7,6.056861758319108
a0QPm000004uzYFMAY,School425,Course31,Spring 2023,Spring,Low,Archived,7,16.890870401162214
a0QPm000004uzYGMAY,School591,Course31,Spring 2023,Spring,Medium,Archived,6,9.301473365966057
a0QPm000004uzYHMAY,School442,Course31,Spring 2023,Spring,Medium,Archived,6,8.837147759167244
a0QPm000004uzYIMAY,School168,Course31,Spring 2023,Spring,High,Archived,4,4.616987704423942
a0QPm000004uzYJMAY,School108,Course31,Spring 2023,Spring,High,Archived,6,4.616987704423942
a0QPm000004uzYKMAY,School535,Course31,Spring 2023,Spring,Low,Archived,10,9.736852795993599
a0QPm000004uzYLMAY,School631,Course31,Spring 2023,Spring,Low,Archived,6,8.06614283095371
a0QPm000004uzYMMAY,School154,Course31,Spring 2023,Spring,Low,Archived,7,12.207087639691846
a0QPm000004uzYNMAY,School597,Course31,Spring 2023,Spring,High,Archived,4,3.6296011398016867
a0QPm000004uzZhMAI,School553,Course45,Spring 2023,Spring,Low,Archived,20,20.40532431410425
a0QPm000004uzZiMAI,School636,Course45,Spring 2023,Spring,Low,Archived,15,15.59241759305715
a0QPm000004uzZjMAI,School496,Course45,Spring 2023,Spring,Low,Archived,20,13.77332828962114
a0QPm000004uzZkMAI,School344,Course45,Spring 2023,Spring,Medium,Archived,11,11.631419577860575
a0QPm000004uzZlMAI,School375,Course45,Spring 2023,Spring,Low,Archived,26,24.828526648243777
a0QPm000004uzZmMAI,School420,Course45,Spring 2023,Spring,Low,Archived,20,20.6647823230234
a0QPm000004uzZnMAI,School590,Course45,Spring 2023,Spring,Low,Archived,16,14.671350311371462
a0QPm000004uzZoMAI,School167,Course45,Spring 2023,Spring,Low,Archived,20,19.998959720287438
a0QPm000004uzZpMAI,School93,Course45,Spring 2023,Spring,Low,Archived,25,24.280050947635843
a0QPm000004uzZqMAI,School464,Course45,Spring 2023,Spring,Low,Archived,18,12.823687579018054
a0QPm000004uzZrMAI,School31,Course45,Spring 2023,Spring,Low,Archived,16,16.950088460977764
a0QPm000004uzZsMAI,School345,Course45,Spring 2023,Spring,Low,Archived,15,15.284678979444454
a0QPm000004uzZtMAI,School276,Course45,Spring 2023,Spring,Low,Archived,20,20.02746137189608
a0QPm000004uzZuMAI,School628,Course45,Spring 2023,Spring,Low,Archived,17,21.11507352639723
a0QPm000004uzZvMAI,School549,Course45,Spring 2023,Spring,Low,Archived,20,19.57083048109333
a0QPm000004uzZwMAI,School299,Course45,Spring 2023,Spring,Low,Archived,20,21.714889390569567
a0QPm000004uzZxMAI,School230,Course45,Spring 2023,Spring,Low,Archived,16,15.066046594105806
a0QPm000004uzZyMAI,School578,Course45,Spring 2023,Spring,High,Archived,3,4.103433718624197
a0QPm000004uyKGMAY,School356,Course69,Spring 2022,Spring,Medium,Admissions Drop,0,2.4873146556035484
a0QPm000004utmEMAQ,School35,Course42,Spring 2022,Spring,Low,Archived,28,27.44166551911186
a0QPm000004utmFMAQ,School381,Course42,Spring 2022,Spring,Medium,Archived,13,13.84293694945926
a0QPm000004utmGMAQ,School28,Course42,Spring 2022,Spring,Low,Archived,14,18.795824884587827
a0QPm000004utmHMAQ,School296,Course42,Spring 2022,Spring,Medium,Archived,5,4.859829174562115
a0QPm000004utmIMAQ,School230,Course42,Spring 2022,Spring,Low,Archived,12,11.686353912410487
a0QPm000004utmJMAQ,School582,Course42,Spring 2022,Spring,Low,Archived,19,19.43399743831845
a0QPm000004uuRsMAI,School240,Course62,Spring 2022,Spring,Low,Archived,21,19.851489037733263
a0QPm000004uuRtMAI,School515,Course62,Spring 2022,Spring,Medium,Archived,9,7.925856429230613
a0QPm000004uuRuMAI,School181,Course62,Spring 2022,Spring,High,Archived,7,8.641354739839889
a0QPm000004uuRvMAI,School555,Course62,Spring 2022,Spring,Low,Archived,23,22.614087263285455
a0QPm000004uuRwMAI,School319,Course62,Spring 2022,Spring,Low,Archived,11,10.489436827100326
a0QPm000004uuRxMAI,School91,Course62,Spring 2022,Spring,Medium,Archived,5,7.1905972601487465
a0QPm000004uuRyMAI,School587,Course62,Spring 2022,Spring,High,Archived,1,0.5268037836448458
a0QPm000004uuRzMAI,School284,Course62,Spring 2022,Spring,Medium,Archived,4,4.873086257012337
a0QPm000004uuS0MAI,School458,Course62,Spring 2022,Spring,Medium,Archived,4,4.429512820253652
a0QPm000004uuS1MAI,School286,Course62,Spring 2022,Spring,High,Archived,5,7.6842900516603105
a0QPm000004uuS2MAI,School260,Course62,Spring 2022,Spring,Low,Archived,7,9.251257848927182
a0QPm000004uuS3MAI,School630,Course62,Spring 2022,Spring,Low,Archived,4,4.968013273564763
a0QPm000004uuS4MAI,School45,Course62,Spring 2022,Spring,Low,Archived,7,7.061556749072895
a0QPm000004uuS5MAI,School6,Course62,Spring 2022,Spring,Low,Archived,13,17.700124053743234
a0QPm000004uuS6MAI,School339,Course62,Spring 2022,Spring,Low,Archived,12,12.229276103811985
a0QPm000004uuS7MAI,School609,Course62,Spring 2022,Spring,High,Archived,13,13.685242865616702
a0QPm000004uuS8MAI,School408,Course62,Spring 2022,Spring,High,Archived,7,5.128359118621522
a0QPm000004uuS9MAI,School127,Course62,Spring 2022,Spring,Low,Archived,17,17.24968341746346
a0QPm000004uuSAMAY,School479,Course62,Spring 2022,Spring,Medium,Archived,3,6.241127845342887
a0QPm000004uuSBMAY,School640,Course62,Spring 2022,Spring,Medium,Archived,4,3.9408034083315213
a0QPm000004uwIaMAI,School71,Course62,Spring 2022,Spring,Low,Archived,21,14.150475106994284
a0QPm000004uwIbMAI,School310,Course62,Spring 2022,Spring,Medium,Archived,21,21.848338037284137
a0QPm000004uwIcMAI,School279,Course62,Spring 2022,Spring,Medium,Archived,7,8.855129221315796
a0QPm000004uwIdMAI,School407,Course62,Spring 2022,Spring,Low,Archived,20,16.7204423102606
a0QPm000004uwIeMAI,School165,Course62,Spring 2022,Spring,Medium,Archived,27,23.82877398840312
a0QPm000004uwIfMAI,School472,Course62,Spring 2022,Spring,Low,Archived,19,20.244792971261415
a0QPm000004uwIgMAI,School442,Course62,Spring 2022,Spring,Medium,Archived,18,17.854268026359694
a0QPm000004uwIhMAI,School492,Course62,Spring 2022,Spring,Low,Archived,17,17.094339343106842
a0QPm000004uwIiMAI,School569,Course62,Spring 2022,Spring,Low,Archived,13,19.211827180725155
a0QPm000004uwIjMAI,School356,Course62,Spring 2022,Spring,Medium,Archived,14,14.351173215702058
a0QPm000004uwIkMAI,School177,Course62,Spring 2022,Spring,High,Archived,13,8.235878413933255
a0QPm000004uwIlMAI,School232,Course62,Spring 2022,Spring,Medium,Archived,16,16.235086642556844
a0QPm000004uwImMAI,School519,Course62,Spring 2022,Spring,Medium,Archived,6,5.918778120411717
a0QPm000004uwInMAI,School148,Course62,Spring 2022,Spring,Low,Archived,18,17.897336206161416
a0QPm000004uwIoMAI,School651,Course62,Spring 2022,Spring,High,Archived,4,5.362093000139834
a0QPm000004uwIpMAI,School262,Course62,Spring 2022,Spring,High,Archived,21,23.07411378009369
a0QPm000004uwIqMAI,School35,Course62,Spring 2022,Spring,Low,Archived,19,19.888549281094253
a0QPm000004uwIYMAY,School559,Course62,Spring 2022,Spring,Low,Archived,9,10.43210933931099
a0QPm000004uwIZMAY,School222,Course62,Spring 2022,Spring,Low,Archived,20,21.134333519670136
a0QPm000004uwWsMAI,School422,Course13,Spring 2022,Spring,Low,Archived,23,22.75859242022279
a0QPm000004uwWtMAI,School469,Course13,Spring 2022,Spring,Low,Archived,18,17.10275991465927
a0QPm000004uwWuMAI,School465,Course13,Spring 2022,Spring,Low,Archived,15,15.875099715016951
a0QPm000004uydwMAA,School530,Course5,Spring 2022,Spring,Low,Archived,6,7.794511729142153
a0QPm000004uydxMAA,School260,Course5,Spring 2022,Spring,Low,Archived,13,14.427102458214458
a0QPm000004uydyMAA,School160,Course5,Spring 2022,Spring,Medium,Archived,9,10.360335036390731
a0QPm000004uydzMAA,School458,Course5,Spring 2022,Spring,Medium,Archived,5,7.913382041415559
a0QPm000004uyfaMAA,School164,Course64,Spring 2022,Spring,Medium,Archived,9,13.472703238287853
a0QPm000004uyfbMAA,School151,Course64,Spring 2022,Spring,Low,Archived,9,9.245161656074128
a0QPm000004uyfPMAQ,School556,Course64,Spring 2022,Spring,Low,Archived,25,24.45935065740995
a0QPm000004uyfQMAQ,School554,Course64,Spring 2022,Spring,Medium,Archived,16,17.046935987403884
a0QPm000004uyfRMAQ,School120,Course64,Spring 2022,Spring,High,Archived,8,9.275437437962745
a0QPm000004uyfSMAQ,School530,Course64,Spring 2022,Spring,Low,Archived,13,13.597241036151024
a0QPm000004uyfTMAQ,School463,Course64,Spring 2022,Spring,Low,Archived,22,21.990528886284167
a0QPm000004uyfUMAQ,School279,Course64,Spring 2022,Spring,Medium,Archived,15,12.219813891047785
a0QPm000004uyfVMAQ,School222,Course64,Spring 2022,Spring,Low,Archived,22,22.807042801276758
a0QPm000004uyfWMAQ,School119,Course64,Spring 2022,Spring,Low,Archived,14,13.638576152704085
a0QPm000004uyfXMAQ,School436,Course64,Spring 2022,Spring,Medium,Archived,15,18.972472153804663
a0QPm000004uyfYMAQ,School234,Course64,Spring 2022,Spring,Medium,Archived,12,12.885915994249554
a0QPm000004uyfZMAQ,School75,Course64,Spring 2022,Spring,High,Archived,25,23.7243546598594
a0QPm000004uyKFMAY,School550,Course69,Spring 2022,Spring,Medium,Archived,19,21.163633847029477
a0QPm000004uyKHMAY,School295,Course69,Spring 2022,Spring,Low,Archived,18,18.090803547190898
a0QPm000004uyKIMAY,School17,Course69,Spring 2022,Spring,Low,Archived,8,8.915093738395877
a0QPm000004uyKJMAY,School28,Course69,Spring 2022,Spring,Low,Archived,20,19.682554743976127
a0QPm000004uyKKMAY,School425,Course69,Spring 2022,Spring,Low,Archived,15,18.133072629559138
a0QPm000004uyKLMAY,School296,Course69,Spring 2022,Spring,Medium,Archived,3,3.208595951762363
a0QPm000004uyKMMAY,School578,Course69,Spring 2022,Spring,High,Archived,8,8.378372448818652
a0QPm000004uyKNMAY,School88,Course69,Spring 2022,Spring,Low,Archived,1,3.0235859920260952
a0QPm000004uyKOMAY,School151,Course69,Spring 2022,Spring,Low,Archived,11,10.936372307497312
a0QPm000004uyKUMAY,School466,Course73,Spring 2022,Spring,Medium,Archived,15,14.33732366139397
a0QPm000004uyqaMAA,School562,Course35,Spring 2022,Spring,Low,Archived,17,14.747262852918313
a0QPm000004uyqbMAA,School296,Course35,Spring 2022,Spring,Medium,Archived,4,4.069580080620306
a0QPm000004uyqcMAA,School458,Course35,Spring 2022,Spring,Medium,Archived,3,3.5784907177652965
a0QPm000004uyqdMAA,School165,Course35,Spring 2022,Spring,Medium,Archived,53,51.03634373899381
a0QPm000004uyqeMAA,School549,Course35,Spring 2022,Spring,Low,Archived,15,14.131907164362175
a0QPm000004uyqfMAA,School291,Course35,Spring 2022,Spring,Low,Archived,3,4.0799026518439945
a0QPm000004uyqgMAA,School459,Course35,Spring 2022,Spring,Medium,Archived,11,11.537998114673446
a0QPm000004uyqhMAA,School631,Course35,Spring 2022,Spring,Low,Archived,33,21.59016305805481
a0QPm000004uyqiMAA,School400,Course35,Spring 2022,Spring,Medium,Archived,10,11.008662637425697
a0QPm000004uyqjMAA,School242,Course35,Spring 2022,Spring,Low,Archived,6,9.618128561356574
a0QPm000004uyqkMAA,School169,Course35,Spring 2022,Spring,High,Archived,4,3.617818261899843
a0QPm000004uyqlMAA,School136,Course35,Spring 2022,Spring,Low,Archived,10,12.431734191511351
a0QPm000004uyqmMAA,School234,Course35,Spring 2022,Spring,Medium,Archived,11,10.362184610154577
a0QPm000004uyqnMAA,School328,Course35,Spring 2022,Spring,Low,Archived,9,9.976601055150018
a0QPm000004uyqoMAA,School230,Course35,Spring 2022,Spring,Low,Archived,7,9.627123277374652
a0QPm000004uzBOMAY,School171,Course5,Spring 2022,Spring,Medium,Archived,4,4.714175526364826
a0QPm000004uzGMMAY,School556,Course54,Spring 2022,Spring,Low,Archived,11,16.79975134230914
a0QPm000004uzGNMAY,School520,Course54,Spring 2022,Spring,Low,Archived,14,14.148683402254614
a0QPm000004uzGOMAY,School549,Course54,Spring 2022,Spring,Low,Archived,19,13.50797360169066
a0QPm000004uzGPMAY,School202,Course54,Spring 2022,Spring,Low,Archived,15,18.492458139277566
a0QPm000004uzGQMAY,School426,Course54,Spring 2022,Spring,Low,Archived,11,11.079075464264925
a0QPm000004uzGRMAY,School518,Course54,Spring 2022,Spring,Low,Archived,22,21.804522043788985
a0QPm000004uzGSMAY,School217,Course54,Spring 2022,Spring,Low,Archived,20,19.08585211688092
a0QPm000004uzGTMAY,School276,Course54,Spring 2022,Spring,Low,Archived,27,25.949430158381432
a0QPm000004uzGUMAY,School150,Course54,Spring 2022,Spring,Medium,Archived,10,11.231705904381718
a0QPm000004uzIHMAY,School351,Course13,Spring 2022,Spring,Low,Archived,18,21.271553922278503
a0QPm000004uzIIMAY,School352,Course13,Spring 2022,Spring,Low,Archived,21,21.00768043226971
a0QPm000004uzL3MAI,School589,Course64,Spring 2022,Spring,Low,Archived,15,16.3758574031367
a0QPm000004uzL4MAI,School441,Course64,Spring 2022,Spring,Low,Archived,11,6.316804705399319
a0QPm000004uzL5MAI,School408,Course64,Spring 2022,Spring,High,Archived,6,8.070049941322171
a0QPm000004uzL6MAI,School185,Course64,Spring 2022,Spring,Low,Archived,9,8.94311285814822
a0QPm000004uzQ3MAI,School60,Course85,Spring 2022,Spring,Low,Archived,30,28.678391319251023
a0QPm000004uzQ4MAI,School284,Course85,Spring 2022,Spring,Medium,Archived,10,9.822313142675693
a0QPm000004uzQ5MAI,School165,Course85,Spring 2022,Spring,Medium,Archived,17,19.049142392345612
a0QPm000004uzQ6MAI,School405,Course85,Spring 2022,Spring,Low,Archived,24,22.890073682915624
a0QPm000004uzQ7MAI,School212,Course85,Spring 2022,Spring,Low,Archived,27,25.809303198807946
a0QPm000004uzQ8MAI,School286,Course85,Spring 2022,Spring,High,Archived,11,11.36453539622964
a0QPm000004uzQ9MAI,School17,Course85,Spring 2022,Spring,Low,Archived,15,14.73033916134285
a0QPm000004uzQAMAY,School328,Course85,Spring 2022,Spring,Low,Archived,20,19.160800819552467
a0QPm000004uzQBMAY,School335,Course85,Spring 2022,Spring,Low,Archived,23,22.72093196063741
a0QPm000004uzYOMAY,School590,Course45,Spring 2022,Spring,Low,Archived,13,14.671350311371462
a0QPm000004uzYPMAY,School417,Course45,Spring 2022,Spring,Low,Archived,16,16.812037047035073
a0QPm000004uzYQMAY,School423,Course45,Spring 2022,Spring,Low,Archived,14,14.34451298932282
a0QPm000004uzZaMAI,School430,Course45,Spring 2022,Spring,Low,Archived,8,6.943067684651654
a0QPm000004uzZbMAI,School299,Course45,Spring 2022,Spring,Low,Archived,27,21.714889390569567
a0QPm000004uzZcMAI,School632,Course45,Spring 2022,Spring,Low,Archived,8,8.806645602872594
a0QPm000004uzZdMAI,School464,Course45,Spring 2022,Spring,Low,Archived,14,12.823687579018054
a0QPm000004uzZeMAI,School94,Course45,Spring 2022,Spring,Low,Archived,20,20.130558143165086
a0QPm000004uzZfMAI,School63,Course45,Spring 2022,Spring,Low,Archived,15,15.531079599802908
a0QPm000004uzZgMAI,School532,Course45,Spring 2022,Spring,Medium,Archived,11,10.181094291552286
a0QPm000004uzZZMAY,School173,Course45,Spring 2022,Spring,Low,Archived,12,11.639203120339749
a0QPm000004utlvMAA,School603,Course63,Spring 2021,Spring,Low,Archived,16,16.00433584489853
a0QPm000004uuenMAA,School120,Course24,Spring 2021,Spring,High,Archived,3,5.036301943556482
a0QPm000004uueoMAA,School559,Course24,Spring 2021,Spring,Low,Archived,13,12.518615443856111
a0QPm000004uuepMAA,School75,Course24,Spring 2021,Spring,High,Archived,18,17.37024993029643
a0QPm000004uueqMAA,School217,Course24,Spring 2021,Spring,Low,Archived,9,9.816500526635203
a0QPm000004uuerMAA,School179,Course24,Spring 2021,Spring,Medium,Archived,7,9.292527910031529
a0QPm000004uuesMAA,School284,Course24,Spring 2021,Spring,Medium,Archived,4,4.844623126400749
a0QPm000004uuetMAA,School379,Course24,Spring 2021,Spring,High,Archived,9,8.349676272252715
a0QPm000004uueuMAA,School8,Course24,Spring 2021,Spring,Low,Archived,6,6.806317728109335
a0QPm000004uuevMAA,School279,Course24,Spring 2021,Spring,Medium,Archived,10,10.095647631798233
a0QPm000004uuewMAA,School84,Course24,Spring 2021,Spring,Low,Archived,8,9.25478441984439
a0QPm000004uuexMAA,School430,Course24,Spring 2021,Spring,Low,Archived,18,18.82346337401961
a0QPm000004uueyMAA,School150,Course24,Spring 2021,Spring,Medium,Archived,14,14.652169725076265
a0QPm000004uuezMAA,School538,Course24,Spring 2021,Spring,Low,Archived,1,3.684770968124596
a0QPm000004uuf0MAA,School72,Course24,Spring 2021,Spring,Medium,Archived,5,4.945842490383578
a0QPm000004uuf1MAA,School601,Course24,Spring 2021,Spring,High,Archived,3,2.577894492408941
a0QPm000004uuf2MAA,School642,Course24,Spring 2021,Spring,Medium,Archived,7,6.9823608855184975
a0QPm000004uuf3MAA,School314,Course24,Spring 2021,Spring,Low,Archived,1,2.787624205092462
a0QPm000004uuf4MAA,School88,Course24,Spring 2021,Spring,Low,Archived,1,3.0151537046354377
a0QPm000004uuIaMAI,School442,Course67,Spring 2021,Spring,Medium,Archived,11,11.765074506140625
a0QPm000004uuIbMAI,School642,Course67,Spring 2021,Spring,Medium,Archived,8,7.6895320484124845
a0QPm000004uuIcMAI,School72,Course67,Spring 2021,Spring,Medium,Archived,6,5.653013653277564
a0QPm000004uuIdMAI,School582,Course67,Spring 2021,Spring,Low,Archived,1,2.6897328018519264
a0QPm000004uuIIMAY,School530,Course67,Spring 2021,Spring,Low,Archived,20,19.371141339328272
a0QPm000004uuIJMAY,School284,Course67,Spring 2021,Spring,Medium,Archived,23,20.779572782423042
a0QPm000004uuIKMAY,School489,Course67,Spring 2021,Spring,Low,Archived,61,61.65284176274588
a0QPm000004uuILMAY,School386,Course67,Spring 2021,Spring,Low,Archived,45,41.0109091930385
a0QPm000004uuIMMAY,School408,Course67,Spring 2021,Spring,High,Archived,9,9.614011774185997
a0QPm000004uuINMAY,School151,Course67,Spring 2021,Spring,Low,Archived,12,11.63511118300064
a0QPm000004uuIOMAY,School549,Course67,Spring 2021,Spring,Low,Archived,21,19.891575769446348
a0QPm000004uuIPMAY,School215,Course67,Spring 2021,Spring,Low,Archived,19,18.960049775936525
a0QPm000004uuIQMAY,School379,Course67,Spring 2021,Spring,High,Archived,7,6.518884352958649
a0QPm000004uuIRMAY,School212,Course67,Spring 2021,Spring,Low,Archived,12,13.078907404800146
a0QPm000004uuISMAY,School502,Course67,Spring 2021,Spring,Low,Archived,21,20.993039870546493
a0QPm000004uuITMAY,School159,Course67,Spring 2021,Spring,Low,Archived,29,29.125000248986364
a0QPm000004uuIUMAY,School479,Course67,Spring 2021,Spring,Medium,Archived,12,11.995762042001392
a0QPm000004uuIVMAY,School68,Course67,Spring 2021,Spring,Low,Archived,36,36.24046558012127
a0QPm000004uuIWMAY,School206,Course67,Spring 2021,Spring,High,Archived,48,44.95125376403695
a0QPm000004uuIXMAY,School129,Course67,Spring 2021,Spring,Medium,Archived,76,75.97976940965613
a0QPm000004uuIYMAY,School260,Course67,Spring 2021,Spring,Low,Archived,20,20.081818209961785
a0QPm000004uuIZMAY,School434,Course67,Spring 2021,Spring,High,Archived,48,44.04940504047754
a0QPm000004uxUyMAI,School562,Course63,Spring 2021,Spring,Low,Archived,15,13.53874418457771
a0QPm000004uxUzMAI,School530,Course63,Spring 2021,Spring,Low,Archived,9,15.660006688044827
a0QPm000004uxV0MAI,School120,Course63,Spring 2021,Spring,High,Archived,19,13.453172325013263
a0QPm000004uxV1MAI,School6,Course63,Spring 2021,Spring,Low,Archived,13,15.598283898211143
a0QPm000004uydfMAA,School140,Course5,Spring 2021,Spring,Medium,Archived,3,3.540107961400304
a0QPm000004uydgMAA,School458,Course5,Spring 2021,Spring,Medium,Archived,11,7.913382041415559
a0QPm000004uydhMAA,School165,Course5,Spring 2021,Spring,Medium,Archived,16,18.429772421906847
a0QPm000004uydiMAA,School390,Course5,Spring 2021,Spring,Low,Archived,26,26.342713213762874
a0QPm000004uydjMAA,School583,Course5,Spring 2021,Spring,Low,Archived,7,7.115179604692567
a0QPm000004uydkMAA,School319,Course5,Spring 2021,Spring,Low,Archived,15,14.396299895293573
a0QPm000004uydlMAA,School442,Course5,Spring 2021,Spring,Medium,Archived,7,8.648321836581347
a0QPm000004uydmMAA,School230,Course5,Spring 2021,Spring,Low,Archived,11,11.001057671805519
a0QPm000004uydnMAA,School520,Course5,Spring 2021,Spring,Low,Archived,1,3.315737999406288
a0QPm000004uydoMAA,School75,Course5,Spring 2021,Spring,High,Archived,3,5.231809941910271
a0QPm000004uydpMAA,School286,Course5,Spring 2021,Spring,High,Archived,3,4.823251567352085
a0QPm000004uydqMAA,School434,Course5,Spring 2021,Spring,High,Archived,1,4.55518152622284
a0QPm000004uydrMAA,School582,Course5,Spring 2021,Spring,Low,Archived,1,2.9569309085433844
a0QPm000004uydsMAA,School568,Course5,Spring 2021,Spring,High,Archived,1,0.7997620718529197
a0QPm000004uydtMAA,School220,Course5,Spring 2021,Spring,High,Archived,1,4.222724795356335
a0QPm000004uyduMAA,School279,Course5,Spring 2021,Spring,Medium,Archived,1,2.6101399607568343
a0QPm000004uydvMAA,School538,Course5,Spring 2021,Spring,Low,Archived,1,3.8131525436473552
a0QPm000004uyYrMAI,School592,Course67,Spring 2021,Spring,Low,Archived,11,10.869073238351334
a0QPm000004uyYsMAI,School161,Course67,Spring 2021,Spring,Low,Archived,16,15.910564634021569
a0QPm000004uyYtMAI,School357,Course67,Spring 2021,Spring,Low,Archived,15,14.894069586716586
a0QPm000004uyYuMAI,School8,Course67,Spring 2021,Spring,Low,Archived,17,15.973365831630161
a0QPm000004uyYvMAI,School430,Course67,Spring 2021,Spring,Low,Archived,24,23.760573007227016
a0QPm000004uyYwMAI,School359,Course67,Spring 2021,Spring,Low,Archived,43,43.35593091125615
a0QPm000004uyYxMAI,School99,Course67,Spring 2021,Spring,High,Archived,8,8.178610506990458
a0QPm000004uyYyMAI,School234,Course67,Spring 2021,Spring,Medium,Archived,13,13.583890133050698
a0QPm000004uyYzMAI,School50,Course67,Spring 2021,Spring,High,Archived,3,2.4390779612402427
a0QPm000004uyZ0MAI,School296,Course67,Spring 2021,Spring,Medium,Archived,9,8.137273297579112
a0QPm000004uz89MAA,School110,Course63,Spring 2021,Spring,High,Archived,6,5.528090135259512
a0QPm000004uz8aMAA,School548,Course63,Spring 2021,Spring,Medium,Archived,17,18.681574705573222
a0QPm000004uz8AMAQ,School136,Course63,Spring 2021,Spring,Low,Archived,20,20.402182003750877
a0QPm000004uz8bMAA,School407,Course63,Spring 2021,Spring,Low,Archived,20,19.186935702667007
a0QPm000004uz8BMAQ,School472,Course63,Spring 2021,Spring,Low,Archived,47,37.375073060754346
a0QPm000004uz8cMAA,School91,Course63,Spring 2021,Spring,Medium,Archived,2,9.44559372903948
a0QPm000004uz8CMAQ,School191,Course63,Spring 2021,Spring,Low,Archived,20,20.072354795240148
a0QPm000004uz8DMAQ,School458,Course63,Spring 2021,Spring,Medium,Archived,15,13.663907765161527
a0QPm000004uz8EMAQ,School38,Course63,Spring 2021,Spring,Low,Archived,13,12.956889464105254
a0QPm000004uz8FMAQ,School95,Course63,Spring 2021,Spring,Low,Archived,13,17.026999054724286
a0QPm000004uz8GMAQ,School197,Course63,Spring 2021,Spring,Low,Archived,25,25.15483003176507
a0QPm000004uz8HMAQ,School156,Course63,Spring 2021,Spring,Low,Archived,14,13.973384511410238
a0QPm000004uz8IMAQ,School279,Course63,Spring 2021,Spring,Medium,Archived,12,14.113382004129056
a0QPm000004uz8JMAQ,School538,Course63,Spring 2021,Spring,Low,Archived,53,28.59840138380372
a0QPm000004uz8KMAQ,School479,Course63,Spring 2021,Spring,Medium,Archived,4,9.38441139299944
a0QPm000004uz8LMAQ,School631,Course63,Spring 2021,Spring,Low,Archived,19,18.985764694510785
a0QPm000004uz8MMAQ,School441,Course63,Spring 2021,Spring,Low,Archived,6,9.64855189838715
a0QPm000004uz8NMAQ,School75,Course63,Spring 2021,Spring,High,Archived,9,12.335915976156535
a0QPm000004uz8OMAQ,School230,Course63,Spring 2021,Spring,Low,Archived,10,15.905595701488803
a0QPm000004uz8PMAQ,School335,Course63,Spring 2021,Spring,Low,Archived,21,21.084186161443142
a0QPm000004uz8QMAQ,School171,Course63,Spring 2021,Spring,Medium,Archived,13,10.887695097142137
a0QPm000004uz8RMAQ,School236,Course63,Spring 2021,Spring,Low,Archived,9,12.258206966673837
a0QPm000004uz8SMAQ,School237,Course63,Spring 2021,Spring,Low,Archived,9,8.890909274885317
a0QPm000004uz8TMAQ,School305,Course63,Spring 2021,Spring,Low,Archived,12,11.94039441680027
a0QPm000004uz8UMAQ,School396,Course63,Spring 2021,Spring,Low,Archived,14,18.117740256487423
a0QPm000004uz8VMAQ,School473,Course63,Spring 2021,Spring,Low,Archived,10,9.9074043221903
a0QPm000004uz8WMAQ,School645,Course63,Spring 2021,Spring,Low,Archived,12,15.075622957735623
a0QPm000004uz8XMAQ,School282,Course63,Spring 2021,Spring,Medium,Archived,12,12.596159169700336
a0QPm000004uz8YMAQ,School559,Course63,Spring 2021,Spring,Low,Archived,6,11.841118114139036
a0QPm000004uz8ZMAQ,School582,Course63,Spring 2021,Spring,Low,Archived,15,13.501386898644563
a0QPm000004uysSMAQ,School530,Course37,Spring 2020,Spring,Low,Archived,13,13.685753142197425
a0QPm000004uysTMAQ,School582,Course37,Spring 2020,Spring,Low,Archived,10,10.540147709724026
a0QPm000004uysUMAQ,School520,Course37,Spring 2020,Spring,Low,Archived,10,10.89895480058693
a0QPm000004uytdMAA,School140,Course37,Spring 2020,Spring,Medium,Archived,8,7.739373986330209
a0QPm000004uyteMAA,School583,Course37,Spring 2020,Spring,Low,Archived,1,2.008580994932945
a0QPm000004uuWzMAI,School285,Course31,Fall 2022,Fall,Low,Dropped,6,7.773199120063735
a0QPm000004utm2MAA,School17,Course42,Fall 2022,Fall,Low,Archived,17,17.204462543177748
a0QPm000004utm3MAA,School85,Course42,Fall 2022,Fall,Medium,Archived,25,27.59160767462438
a0QPm000004utm4MAA,School1,Course42,Fall 2022,Fall,Low,Archived,16,16.28150572777366
a0QPm000004utm5MAA,School571,Course42,Fall 2022,Fall,Low,Archived,23,23.048093260383325
a0QPm000004utm6MAA,School573,Course42,Fall 2022,Fall,Low,Archived,25,25.05600425128874
a0QPm000004utm7MAA,School582,Course42,Fall 2022,Fall,Low,Archived,25,20.483069998199753
a0QPm000004utm8MAA,School304,Course42,Fall 2022,Fall,Low,Archived,23,24.09205375304727
a0QPm000004utm9MAA,School603,Course42,Fall 2022,Fall,Low,Archived,41,37.63250291479085
a0QPm000004utmAMAQ,School542,Course42,Fall 2022,Fall,Low,Archived,25,27.843426541761303
a0QPm000004utmBMAQ,School93,Course42,Fall 2022,Fall,Low,Archived,15,15.647212106516339
a0QPm000004utmCMAQ,School155,Course42,Fall 2022,Fall,Low,Archived,22,18.241057958455993
a0QPm000004utmDMAQ,School91,Course42,Fall 2022,Fall,Medium,Archived,5,5.482956661017107
a0QPm000004uuWhMAI,School538,Course31,Fall 2022,Fall,Low,Archived,16,20.400017968927358
a0QPm000004uuWiMAI,School354,Course31,Fall 2022,Fall,Low,Archived,13,16.24826157428006
a0QPm000004uuWjMAI,School442,Course31,Fall 2022,Fall,Medium,Archived,16,9.15600850167999
a0QPm000004uuWkMAI,School84,Course31,Fall 2022,Fall,Low,Archived,6,7.745577799800635
a0QPm000004uuWlMAI,School279,Course31,Fall 2022,Fall,Medium,Archived,9,10.414531581995934
a0QPm000004uuWnMAI,School609,Course31,Fall 2022,Fall,High,Archived,7,7.442196137033008
a0QPm000004uuWoMAI,School358,Course31,Fall 2022,Fall,High,Archived,10,11.123780861484954
a0QPm000004uuWpMAI,School28,Course31,Fall 2022,Fall,Low,Archived,15,16.377255360944314
a0QPm000004uuWqMAI,School83,Course31,Fall 2022,Fall,Medium,Archived,15,16.47244148207522
a0QPm000004uuWrMAI,School539,Course31,Fall 2022,Fall,High,Archived,16,11.212071696007147
a0QPm000004uuWsMAI,School337,Course31,Fall 2022,Fall,High,Archived,11,7.298700611224275
a0QPm000004uuWtMAI,School230,Course31,Fall 2022,Fall,Low,Archived,9,10.096730519031134
a0QPm000004uuWuMAI,School504,Course31,Fall 2022,Fall,Medium,Archived,27,15.530898936006764
a0QPm000004uuWvMAI,School520,Course31,Fall 2022,Fall,Low,Archived,10,10.872245884866338
a0QPm000004uuWwMAI,School405,Course31,Fall 2022,Fall,Low,Archived,11,12.352331670826436
a0QPm000004uuWxMAI,School165,Course31,Fall 2022,Fall,Medium,Archived,17,12.454353746090728
a0QPm000004uuWyMAI,School222,Course31,Fall 2022,Fall,Low,Archived,18,24.348950333015882
a0QPm000004uuX0MAI,School6,Course31,Fall 2022,Fall,Low,Archived,17,19.569542627311957
a0QPm000004uuX1MAI,School647,Course31,Fall 2022,Fall,High,Archived,12,9.15525109915788
a0QPm000004uuX2MAI,School260,Course31,Fall 2022,Fall,Low,Archived,13,13.905556312196133
a0QPm000004uuX3MAI,School224,Course31,Fall 2022,Fall,Low,Archived,11,10.728977096629277
a0QPm000004uuX4MAI,School328,Course31,Fall 2022,Fall,Low,Archived,7,8.86468141297885
a0QPm000004uuX5MAI,School496,Course31,Fall 2022,Fall,Low,Archived,8,14.152669028314332
a0QPm000004uuX6MAI,School552,Course31,Fall 2022,Fall,Medium,Archived,2,2.948608773136449
a0QPm000004uveDMAQ,School351,Course63,Fall 2022,Fall,Low,Archived,56,35.922073085355905
a0QPm000004uveEMAQ,School530,Course63,Fall 2022,Fall,Low,Archived,25,15.673897221037695
a0QPm000004uveFMAQ,School120,Course63,Fall 2022,Fall,High,Archived,6,12.828037029869227
a0QPm000004uveGMAQ,School91,Course63,Fall 2022,Fall,Medium,Archived,6,9.067707679548413
a0QPm000004uveHMAQ,School532,Course63,Fall 2022,Fall,Medium,Archived,4,3.717189611308968
a0QPm000004uveIMAQ,School9,Course63,Fall 2022,Fall,Medium,Archived,61,37.611439014307905
a0QPm000004uveJMAQ,School145,Course63,Fall 2022,Fall,Medium,Archived,12,12.159289848409161
a0QPm000004uveKMAQ,School569,Course63,Fall 2022,Fall,Low,Archived,22,20.28673445540309
a0QPm000004uveLMAQ,School309,Course63,Fall 2022,Fall,Low,Archived,24,22.858071329953283
a0QPm000004uveMMAQ,School520,Course63,Fall 2022,Fall,Low,Archived,20,15.658456966468947
a0QPm000004uveNMAQ,School310,Course63,Fall 2022,Fall,Medium,Archived,22,23.8009963000249
a0QPm000004uveOMAQ,School352,Course63,Fall 2022,Fall,Low,Archived,31,25.049479634438804
a0QPm000004uvePMAQ,School442,Course63,Fall 2022,Fall,Medium,Archived,21,16.19818676744975
a0QPm000004uveQMAQ,School382,Course63,Fall 2022,Fall,Low,Archived,25,26.779761893984837
a0QPm000004uveRMAQ,School285,Course63,Fall 2022,Fall,Low,Archived,16,16.154857901432752
a0QPm000004uveSMAQ,School82,Course63,Fall 2022,Fall,Low,Archived,23,23.016286390122378
a0QPm000004uveTMAQ,School452,Course63,Fall 2022,Fall,Low,Archived,13,14.684285377295762
a0QPm000004uveUMAQ,School71,Course63,Fall 2022,Fall,Low,Archived,22,23.80741477990482
a0QPm000004uveVMAQ,School381,Course63,Fall 2022,Fall,Medium,Archived,11,12.60804291718889
a0QPm000004uwX3MAI,School351,Course24,Fall 2022,Fall,Low,Archived,22,22.42927653952301
a0QPm000004uwX4MAI,School424,Course24,Fall 2022,Fall,Low,Archived,23,22.862405374414166
a0QPm000004uwX5MAI,School206,Course24,Fall 2022,Fall,High,Archived,17,17.182236375891943
a0QPm000004uwX6MAI,School518,Course24,Fall 2022,Fall,Low,Archived,19,19.885516359959418
a0QPm000004uwX7MAI,School420,Course24,Fall 2022,Fall,Low,Archived,25,24.883068377206754
a0QPm000004uwX8MAI,School459,Course24,Fall 2022,Fall,Medium,Archived,8,9.692828033842806
a0QPm000004uwX9MAI,School255,Course24,Fall 2022,Fall,Medium,Archived,18,18.511783860404083
a0QPm000004uwXAMAY,School136,Course24,Fall 2022,Fall,Low,Archived,25,23.491702473148546
a0QPm000004uwXBMAY,School464,Course24,Fall 2022,Fall,Low,Archived,21,21.606634031147017
a0QPm000004uwXCMAY,School75,Course24,Fall 2022,Fall,High,Archived,17,18.044069005430675
a0QPm000004uwXDMAY,School549,Course24,Fall 2022,Fall,Low,Archived,16,15.374790148800322
a0QPm000004uwXEMAY,School423,Course24,Fall 2022,Fall,Low,Archived,17,17.38682208109135
a0QPm000004uwXFMAY,School386,Course24,Fall 2022,Fall,Low,Archived,15,15.060495579164554
a0QPm000004uwXGMAY,School299,Course24,Fall 2022,Fall,Low,Archived,25,24.736479933909948
a0QPm000004uwXHMAY,School355,Course24,Fall 2022,Fall,Low,Archived,13,13.825817584955171
a0QPm000004uwXIMAY,School236,Course24,Fall 2022,Fall,Low,Archived,11,11.66619026615702
a0QPm000004uwXJMAY,School150,Course24,Fall 2022,Fall,Medium,Archived,14,15.024392498145899
a0QPm000004uwXKMAY,School426,Course24,Fall 2022,Fall,Low,Archived,22,20.45923249239624
a0QPm000004uwXLMAY,School651,Course24,Fall 2022,Fall,High,Archived,9,9.507857698938178
a0QPm000004uxUaMAI,School583,Course63,Fall 2022,Fall,Low,Archived,22,18.37743737135872
a0QPm000004uxUbMAI,School279,Course63,Fall 2022,Fall,Medium,Archived,22,14.820048201270337
a0QPm000004uxUcMAI,School240,Course63,Fall 2022,Fall,Low,Archived,20,20.775506819115257
a0QPm000004uxUdMAI,School165,Course63,Fall 2022,Fall,Medium,Archived,25,24.64295715074182
a0QPm000004uxUeMAI,School39,Course63,Fall 2022,Fall,Low,Archived,17,16.535341652430045
a0QPm000004uxUfMAI,School6,Course63,Fall 2022,Fall,Low,Archived,19,15.34598476714698
a0QPm000004uxUgMAI,School229,Course63,Fall 2022,Fall,Low,Archived,16,18.738749961155435
a0QPm000004uxUhMAI,School496,Course63,Fall 2022,Fall,Low,Archived,13,22.111333962652008
a0QPm000004uxUiMAI,School5,Course63,Fall 2022,Fall,Medium,Archived,14,15.499128669223946
a0QPm000004uxUjMAI,School181,Course63,Fall 2022,Fall,High,Archived,3,5.27149125481572
a0QPm000004uxUkMAI,School223,Course63,Fall 2022,Fall,Low,Archived,30,29.77106335713247
a0QPm000004uxUlMAI,School319,Course63,Fall 2022,Fall,Low,Archived,15,15.106164011332014
a0QPm000004uxUmMAI,School538,Course63,Fall 2022,Fall,Low,Archived,13,30.332654189411297
a0QPm000004uxUnMAI,School358,Course63,Fall 2022,Fall,High,Archived,10,11.045562702227132
a0QPm000004uxUoMAI,School559,Course63,Fall 2022,Fall,Low,Archived,7,12.488062271267523
a0QPm000004uxUpMAI,School396,Course63,Fall 2022,Fall,Low,Archived,20,19.23051632571571
a0QPm000004uxUqMAI,School404,Course63,Fall 2022,Fall,Medium,Archived,17,17.263752889005954
a0QPm000004uxUrMAI,School555,Course63,Fall 2022,Fall,Low,Archived,25,21.79174238685139
a0QPm000004uxUsMAI,School45,Course63,Fall 2022,Fall,Low,Archived,20,16.777739413192432
a0QPm000004uxUtMAI,School379,Course63,Fall 2022,Fall,High,Archived,1,0.5732172373642175
a0QPm000004uxUuMAI,School101,Course63,Fall 2022,Fall,Low,Archived,11,12.82305477484106
a0QPm000004uxUvMAI,School395,Course63,Fall 2022,Fall,Low,Archived,23,29.34565113784848
a0QPm000004uxUwMAI,School472,Course63,Fall 2022,Fall,Low,Archived,21,38.27284978593657
a0QPm000004uxUxMAI,School591,Course63,Fall 2022,Fall,Medium,Archived,3,5.249328652380272
a0QPm000004uxUYMAY,School491,Course63,Fall 2022,Fall,Medium,Archived,26,27.881406800459345
a0QPm000004uxUZMAY,School479,Course63,Fall 2022,Fall,Medium,Archived,14,9.880856009295684
a0QPm000004uydaMAA,School514,Course31,Fall 2022,Fall,Low,Archived,10,16.343497567064713
a0QPm000004uydbMAA,School598,Course52,Fall 2022,Fall,Low,Archived,14,12.28059812480352
a0QPm000004uydcMAA,School349,Course52,Fall 2022,Fall,Low,Archived,6,6.272718596610313
a0QPm000004uyddMAA,School117,Course52,Fall 2022,Fall,High,Archived,16,10.501460930779142
a0QPm000004uydeMAA,School552,Course52,Fall 2022,Fall,Medium,Archived,5,6.328181483192054
a0QPm000004uyKAMAY,School331,Course36,Fall 2022,Fall,High,Archived,25,26.201196931766564
a0QPm000004uyKBMAY,School160,Course36,Fall 2022,Fall,Medium,Archived,11,11.561347421142969
a0QPm000004uyKCMAY,School202,Course36,Fall 2022,Fall,Low,Archived,19,18.68511164885476
a0QPm000004uyKDMAY,School510,Course36,Fall 2022,Fall,Low,Archived,16,17.622903589599474
a0QPm000004uyKEMAY,School349,Course36,Fall 2022,Fall,Low,Archived,12,11.275782690322204
a0QPm000004uyp0MAA,School28,Course35,Fall 2022,Fall,Low,Archived,19,18.480441718199177
a0QPm000004uyp1MAA,School530,Course35,Fall 2022,Fall,Low,Archived,11,11.933387879111596
a0QPm000004uyp2MAA,School101,Course35,Fall 2022,Fall,Low,Archived,23,23.464336231980585
a0QPm000004uyp3MAA,School84,Course35,Fall 2022,Fall,Low,Archived,10,10.906248774633859
a0QPm000004uyp4MAA,School538,Course35,Fall 2022,Fall,Low,Archived,53,26.930539925110267
a0QPm000004uyp5MAA,School481,Course35,Fall 2022,Fall,Medium,Archived,26,20.89075126035705
a0QPm000004uyp6MAA,School127,Course35,Fall 2022,Fall,Low,Archived,26,24.47389699432029
a0QPm000004uyp7MAA,School221,Course35,Fall 2022,Fall,Low,Archived,25,19.748153732067145
a0QPm000004uyp8MAA,School609,Course35,Fall 2022,Fall,High,Archived,18,18.005259434914716
a0QPm000004uyp9MAA,School548,Course35,Fall 2022,Fall,Medium,Archived,23,12.699528058275357
a0QPm000004uypAMAQ,School260,Course35,Fall 2022,Fall,Low,Archived,24,23.19963806898381
a0QPm000004uypBMAQ,School539,Course35,Fall 2022,Fall,High,Archived,25,25.58207961717093
a0QPm000004uypCMAQ,School374,Course35,Fall 2022,Fall,Low,Archived,21,21.396347208841057
a0QPm000004uypDMAQ,School514,Course35,Fall 2022,Fall,Low,Archived,15,15.203731097079288
a0QPm000004uypEMAQ,School165,Course35,Fall 2022,Fall,Medium,Archived,58,51.499002744082816
a0QPm000004uypFMAQ,School387,Course35,Fall 2022,Fall,Low,Archived,16,15.97321256615707
a0QPm000004uypGMAQ,School97,Course35,Fall 2022,Fall,Low,Archived,7,11.574664616388873
a0QPm000004uyqPMAQ,School176,Course35,Fall 2022,Fall,Low,Archived,24,16.06461903493022
a0QPm000004uyqQMAQ,School286,Course35,Fall 2022,Fall,High,Archived,10,9.506253376435694
a0QPm000004uyqRMAQ,School313,Course35,Fall 2022,Fall,Low,Archived,9,14.825917214579926
a0QPm000004uyqSMAQ,School234,Course35,Fall 2022,Fall,Medium,Archived,16,10.579130079190943
a0QPm000004uyqTMAQ,School631,Course35,Fall 2022,Fall,Low,Archived,11,20.290168710766196
a0QPm000004uyqUMAQ,School242,Course35,Fall 2022,Fall,Low,Archived,7,9.32942742495128
a0QPm000004uyqVMAQ,School575,Course35,Fall 2022,Fall,Medium,Archived,21,20.50810253561253
a0QPm000004uyqWMAQ,School177,Course35,Fall 2022,Fall,High,Archived,6,5.484811994876698
a0QPm000004uyqXMAQ,School135,Course35,Fall 2022,Fall,High,Archived,10,11.302705201109868
a0QPm000004uyqYMAQ,School491,Course35,Fall 2022,Fall,Medium,Archived,18,21.60293437634519
a0QPm000004uyqZMAQ,School591,Course35,Fall 2022,Fall,Medium,Archived,2,4.469776239673566
a0QPm000004uyrDMAQ,School60,Course36,Fall 2022,Fall,Low,Archived,31,23.848989246496796
a0QPm000004uyrEMAQ,School13,Course36,Fall 2022,Fall,Low,Archived,17,17.622434436882433
a0QPm000004uyrFMAQ,School460,Course36,Fall 2022,Fall,Low,Archived,14,13.839874655722532
a0QPm000004uyrGMAQ,School405,Course36,Fall 2022,Fall,Low,Archived,18,18.19700539240588
a0QPm000004uyrHMAQ,School344,Course36,Fall 2022,Fall,Medium,Archived,16,16.13017611134143
a0QPm000004uyrIMAQ,School157,Course36,Fall 2022,Fall,Low,Archived,12,7.110873282481061
a0QPm000004uyrJMAQ,School348,Course36,Fall 2022,Fall,High,Archived,44,34.37846663214201
a0QPm000004uyrKMAQ,School652,Course36,Fall 2022,Fall,Low,Archived,25,25.77209266218804
a0QPm000004uyrLMAQ,School230,Course36,Fall 2022,Fall,Low,Archived,19,18.056373475767288
a0QPm000004uyrMMAQ,School628,Course36,Fall 2022,Fall,Low,Archived,27,22.633001979163527
a0QPm000004uytfMAA,School556,Course51,Fall 2022,Fall,Low,Archived,19,19.50605438077508
a0QPm000004uytgMAA,School289,Course51,Fall 2022,Fall,High,Archived,19,11.606250386957322
a0QPm000004uythMAA,School400,Course51,Fall 2022,Fall,Medium,Archived,22,20.332339580465447
a0QPm000004uytiMAA,School363,Course51,Fall 2022,Fall,Medium,Archived,17,10.29386212411984
a0QPm000004uytjMAA,School632,Course51,Fall 2022,Fall,Low,Archived,26,19.1821905160233
a0QPm000004uytkMAA,School579,Course51,Fall 2022,Fall,Low,Archived,31,28.672973428553103
a0QPm000004uytlMAA,School625,Course51,Fall 2022,Fall,Medium,Archived,16,15.429065792567485
a0QPm000004uytmMAA,School375,Course51,Fall 2022,Fall,Low,Archived,27,24.562336700796603
a0QPm000004uytnMAA,School154,Course51,Fall 2022,Fall,Low,Archived,19,17.156858452621353
a0QPm000004uytoMAA,School352,Course51,Fall 2022,Fall,Low,Archived,20,20.859004563772828
a0QPm000004uytpMAA,School173,Course51,Fall 2022,Fall,Low,Archived,16,15.595623194663702
a0QPm000004uytqMAA,School588,Course51,Fall 2022,Fall,Low,Archived,15,11.526678987313566
a0QPm000004uytrMAA,School63,Course51,Fall 2022,Fall,Low,Archived,12,11.723272690471223
a0QPm000004uyysMAA,School514,Course42,Fall 2022,Fall,Low,Archived,47,43.347582299047886
a0QPm000004uza0MAA,School590,Course29,Fall 2022,Fall,Low,Archived,6,4.7874850822519655
a0QPm000004uza1MAA,School379,Course29,Fall 2022,Fall,High,Archived,3,2.3859870358384603
a0QPm000004uza2MAA,School438,Course29,Fall 2022,Fall,High,Archived,12,13.799591715583214
a0QPm000004uzBjMAI,School556,Course54,Fall 2022,Fall,Low,Archived,21,17.442714030103442
a0QPm000004uzBkMAI,School427,Course54,Fall 2022,Fall,High,Archived,15,15.648844619525988
a0QPm000004uzBlMAI,School555,Course54,Fall 2022,Fall,Low,Archived,25,24.33619898376569
a0QPm000004uzBmMAI,School616,Course54,Fall 2022,Fall,Low,Archived,12,12.641890607825276
a0QPm000004uzBnMAI,School586,Course54,Fall 2022,Fall,Low,Archived,28,20.86088861410819
a0QPm000004uzBoMAI,School277,Course54,Fall 2022,Fall,Low,Archived,18,19.05632314837146
a0QPm000004uzBpMAI,School405,Course54,Fall 2022,Fall,Low,Archived,27,21.58647166098439
a0QPm000004uzBqMAI,School636,Course54,Fall 2022,Fall,Low,Archived,18,19.004323512468872
a0QPm000004uzBrMAI,School31,Course54,Fall 2022,Fall,Low,Archived,20,20.228540618242338
a0QPm000004uzGDMAY,School193,Course54,Fall 2022,Fall,Low,Archived,10,9.808344289883829
a0QPm000004uzGEMAY,School486,Course54,Fall 2022,Fall,Low,Archived,23,22.528653847587023
a0QPm000004uzGFMAY,School611,Course54,Fall 2022,Fall,Low,Archived,25,22.987838582624065
a0QPm000004uzGGMAY,School291,Course54,Fall 2022,Fall,Low,Archived,8,11.900100111766077
a0QPm000004uzGHMAY,School590,Course54,Fall 2022,Fall,Low,Archived,20,14.825036515381553
a0QPm000004uzGIMAY,School181,Course54,Fall 2022,Fall,High,Archived,8,9.507923239855392
a0QPm000004uzGJMAY,School328,Course54,Fall 2022,Fall,Low,Archived,17,16.829839862042775
a0QPm000004uzGKMAY,School39,Course54,Fall 2022,Fall,Low,Archived,12,12.311896696842876
a0QPm000004uzGLMAY,School578,Course54,Fall 2022,Fall,High,Archived,11,11.470556724290487
a0QPm000004uzI6MAI,School351,Course13,Fall 2022,Fall,Low,Archived,49,21.389575191703933
a0QPm000004uzI7MAI,School554,Course13,Fall 2022,Fall,Medium,Archived,9,17.971314893944978
a0QPm000004uzI8MAI,School222,Course13,Fall 2022,Fall,Low,Archived,25,25.135210312046944
a0QPm000004uzI9MAI,School352,Course13,Fall 2022,Fall,Low,Archived,24,20.499636530726512
a0QPm000004uzIAMAY,School481,Course13,Fall 2022,Fall,Medium,Archived,23,22.746278734868316
a0QPm000004uzIBMAY,School400,Course13,Fall 2022,Fall,Medium,Archived,25,23.69531740129494
a0QPm000004uzICMAY,School5,Course13,Fall 2022,Fall,Medium,Archived,25,22.793113282389236
a0QPm000004uzIDMAY,School614,Course13,Fall 2022,Fall,Medium,Archived,25,15.811756517152165
a0QPm000004uzIEMAY,School490,Course13,Fall 2022,Fall,Low,Archived,9,13.028486540787608
a0QPm000004uzIFMAY,School653,Course13,Fall 2022,Fall,Low,Archived,20,19.850288538886378
a0QPm000004uzIGMAY,School575,Course13,Fall 2022,Fall,Medium,Archived,11,13.269262298949949
a0QPm000004uzRaMAI,School550,Course25,Fall 2022,Fall,Medium,Archived,25,24.944778875080523
a0QPm000004uzRbMAI,School425,Course25,Fall 2022,Fall,Low,Archived,15,20.097750753356944
a0QPm000004uzRcMAI,School66,Course25,Fall 2022,Fall,Low,Archived,23,22.21324953376285
a0QPm000004uzRdMAI,School88,Course25,Fall 2022,Fall,Low,Archived,25,24.17531864754596
a0QPm000004uzReMAI,School112,Course25,Fall 2022,Fall,Low,Archived,25,25.044141228124825
a0QPm000004uzRfMAI,School439,Course25,Fall 2022,Fall,Low,Archived,20,19.96678933524912
a0QPm000004uzRgMAI,School589,Course25,Fall 2022,Fall,Low,Archived,21,19.876576743484925
a0QPm000004uzRhMAI,School553,Course25,Fall 2022,Fall,Low,Archived,23,22.790326781964694
a0QPm000004uzRiMAI,School422,Course25,Fall 2022,Fall,Low,Archived,25,24.770606170538432
a0QPm000004uzRjMAI,School345,Course25,Fall 2022,Fall,Low,Archived,15,14.944738385313903
a0QPm000004uzRkMAI,School643,Course25,Fall 2022,Fall,Low,Archived,20,20.235118120550357
a0QPm000004uzRlMAI,School276,Course25,Fall 2022,Fall,Low,Archived,21,22.680431633837646
a0QPm000004uzRmMAI,School558,Course25,Fall 2022,Fall,Low,Archived,25,24.505154971110475
a0QPm000004uzRnMAI,School344,Course25,Fall 2022,Fall,Medium,Archived,16,10.484144871917549
a0QPm000004uzRoMAI,School342,Course25,Fall 2022,Fall,Low,Archived,19,23.49382006777168
a0QPm000004uzRpMAI,School465,Course25,Fall 2022,Fall,Low,Archived,24,19.432145667736364
a0QPm000004uzRqMAI,School417,Course25,Fall 2022,Fall,Low,Archived,25,21.307069183110453
a0QPm000004uzRZMAY,School418,Course25,Fall 2022,Fall,Low,Archived,15,16.882432408875882
a0QPm000004uzTaMAI,School472,Course31,Fall 2022,Fall,Low,Archived,26,27.071232024358604
a0QPm000004uzTIMAY,School351,Course31,Fall 2022,Fall,Low,Archived,26,22.464488139610772
a0QPm000004uzTJMAY,School60,Course31,Fall 2022,Fall,Low,Archived,14,18.92080219348526
a0QPm000004uzTKMAY,School127,Course31,Fall 2022,Fall,Low,Archived,12,14.756821390501273
a0QPm000004uzTLMAY,School530,Course31,Fall 2022,Fall,Low,Archived,15,18.713072309514917
a0QPm000004uzTMMAY,School361,Course31,Fall 2022,Fall,Low,Archived,20,17.213805917325303
a0QPm000004uzTNMAY,School125,Course31,Fall 2022,Fall,Medium,Archived,15,13.812570247713964
a0QPm000004uzTOMAY,School289,Course31,Fall 2022,Fall,High,Archived,7,9.530035911410986
a0QPm000004uzTPMAY,School202,Course31,Fall 2022,Fall,Low,Archived,14,14.955407162432028
a0QPm000004uzTQMAY,School154,Course31,Fall 2022,Fall,Low,Archived,12,12.542680894886963
a0QPm000004uzTRMAY,School582,Course31,Fall 2022,Fall,Low,Archived,27,24.63953199752545
a0QPm000004uzTSMAY,School542,Course31,Fall 2022,Fall,Low,Archived,22,22.623524931892252
a0QPm000004uzTTMAY,School310,Course31,Fall 2022,Fall,Medium,Archived,19,21.341251377094668
a0QPm000004uzTUMAY,School282,Course31,Fall 2022,Fall,Medium,Archived,7,8.220698437626215
a0QPm000004uzTVMAY,School600,Course31,Fall 2022,Fall,High,Archived,17,10.074865156964677
a0QPm000004uzTWMAY,School105,Course31,Fall 2022,Fall,Medium,Archived,26,14.411749955103573
a0QPm000004uzTXMAY,School229,Course31,Fall 2022,Fall,Low,Archived,4,11.710671490286707
a0QPm000004uzTYMAY,School625,Course31,Fall 2022,Fall,Medium,Archived,8,8.699918999676388
a0QPm000004uzTZMAY,School374,Course31,Fall 2022,Fall,Low,Archived,16,15.486216228304109
a0QPm000004uzZzMAI,School179,Course29,Fall 2022,Fall,Medium,Archived,15,14.946808493719194
a0QPm000004utlxMAA,School279,Course42,Fall 2021,Fall,Medium,Archived,17,16.691917809443336
a0QPm000004utlyMAA,School582,Course42,Fall 2021,Fall,Low,Archived,18,20.483069998199753
a0QPm000004utlzMAA,School136,Course42,Fall 2021,Fall,Low,Archived,4,5.69365101989722
a0QPm000004utm0MAA,School645,Course42,Fall 2021,Fall,Low,Archived,8,9.461459685055829
a0QPm000004utm1MAA,School91,Course42,Fall 2021,Fall,Medium,Archived,2,5.482956661017107
a0QPm000004uuIAMAY,School530,Course83,Fall 2021,Fall,Low,Archived,10,11.11863640096274
a0QPm000004uuIBMAY,School234,Course83,Fall 2021,Fall,Medium,Archived,11,12.30234168323014
a0QPm000004uuICMAY,School441,Course83,Fall 2021,Fall,Low,Archived,25,23.023260923712918
a0QPm000004uuIDMAY,School356,Course83,Fall 2021,Fall,Medium,Archived,14,15.633483988449207
a0QPm000004uuIEMAY,School381,Course83,Fall 2021,Fall,Medium,Archived,18,18.627628272897486
a0QPm000004uuIFMAY,School291,Course83,Fall 2021,Fall,Low,Archived,4,4.800382694776817
a0QPm000004uuIGMAY,School590,Course83,Fall 2021,Fall,Low,Archived,4,5.610349863235581
a0QPm000004uuIHMAY,School88,Course83,Fall 2021,Fall,Low,Archived,1,3.97442074391887
a0QPm000004uve2MAA,School145,Course63,Fall 2021,Fall,Medium,Archived,8,12.159289848409161
a0QPm000004uve3MAA,School45,Course63,Fall 2021,Fall,Low,Archived,14,16.777739413192432
a0QPm000004uve4MAA,School588,Course63,Fall 2021,Fall,Low,Archived,3,3.8733263411019587
a0QPm000004uve5MAA,School172,Course63,Fall 2021,Fall,Medium,Archived,5,4.725259836292359
a0QPm000004uve6MAA,School524,Course63,Fall 2021,Fall,Low,Archived,11,10.818345822462561
a0QPm000004uve7MAA,School296,Course63,Fall 2021,Fall,Medium,Archived,4,9.403516104699829
a0QPm000004uve8MAA,School232,Course63,Fall 2021,Fall,Medium,Archived,14,16.01441632197023
a0QPm000004uve9MAA,School590,Course63,Fall 2021,Fall,Low,Archived,16,15.664530694717985
a0QPm000004uveAMAQ,School472,Course63,Fall 2021,Fall,Low,Archived,50,38.27284978593657
a0QPm000004uveBMAQ,School430,Course63,Fall 2021,Fall,Low,Archived,16,9.223640462977594
a0QPm000004uveCMAQ,School593,Course63,Fall 2021,Fall,High,Archived,1,0.3963442915961881
a0QPm000004uvSmMAI,School538,Course63,Fall 2021,Fall,Low,Archived,29,30.332654189411297
a0QPm000004uvSnMAI,School240,Course63,Fall 2021,Fall,Low,Archived,22,20.775506819115257
a0QPm000004uvSoMAI,School179,Course63,Fall 2021,Fall,Medium,Archived,11,11.44206330711958
a0QPm000004uvSpMAI,School164,Course63,Fall 2021,Fall,Medium,Archived,12,8.150469520656431
a0QPm000004uvSqMAI,School442,Course63,Fall 2021,Fall,Medium,Archived,7,16.19818676744975
a0QPm000004uvSrMAI,School150,Course63,Fall 2021,Fall,Medium,Archived,11,19.634318256320594
a0QPm000004uvSsMAI,School337,Course63,Fall 2021,Fall,High,Archived,6,7.643476298997797
a0QPm000004uvStMAI,School284,Course63,Fall 2021,Fall,Medium,Archived,7,5.506217490252971
a0QPm000004uvSuMAI,School640,Course63,Fall 2021,Fall,Medium,Archived,14,13.656986072451058
a0QPm000004uvSvMAI,School475,Course63,Fall 2021,Fall,Low,Archived,8,7.768860680547608
a0QPm000004uvSwMAI,School291,Course63,Fall 2021,Fall,Low,Archived,12,11.470612750008485
a0QPm000004uvSxMAI,School17,Course63,Fall 2021,Fall,Low,Archived,10,11.271852003503856
a0QPm000004uvSyMAI,School91,Course63,Fall 2021,Fall,Medium,Archived,4,9.067707679548413
a0QPm000004uvSzMAI,School599,Course63,Fall 2021,Fall,Medium,Archived,6,5.741754883597344
a0QPm000004uvT0MAI,School433,Course63,Fall 2021,Fall,Low,Archived,11,10.818345822462561
a0QPm000004uvT1MAI,School583,Course63,Fall 2021,Fall,Low,Archived,11,18.37743737135872
a0QPm000004uvT2MAI,School229,Course63,Fall 2021,Fall,Low,Archived,14,18.738749961155435
a0QPm000004uvT3MAI,School92,Course63,Fall 2021,Fall,High,Archived,8,7.556355114717409
a0QPm000004uvT4MAI,School224,Course63,Fall 2021,Fall,Low,Archived,8,9.38177739627743
a0QPm000004uvT5MAI,School279,Course63,Fall 2021,Fall,Medium,Archived,9,14.820048201270337
a0QPm000004uvT6MAI,School99,Course63,Fall 2021,Fall,High,Archived,3,3.867262013627597
a0QPm000004uvT7MAI,School479,Course63,Fall 2021,Fall,Medium,Archived,14,9.880856009295684
a0QPm000004uvT8MAI,School578,Course63,Fall 2021,Fall,High,Archived,3,4.6961616570627625
a0QPm000004uvT9MAI,School6,Course63,Fall 2021,Fall,Low,Archived,10,15.34598476714698
a0QPm000004uvTAMAY,School55,Course63,Fall 2021,Fall,High,Archived,3,2.4293343862061567
a0QPm000004uvTBMAY,School408,Course63,Fall 2021,Fall,High,Archived,6,6.208606414538184
a0QPm000004uvTCMAY,School582,Course63,Fall 2021,Fall,Low,Archived,8,14.550459458525868
a0QPm000004uvTDMAY,School589,Course63,Fall 2021,Fall,Low,Archived,8,12.267822753528288
a0QPm000004uvTEMAY,School227,Course63,Fall 2021,Fall,Low,Archived,6,14.79700055199092
a0QPm000004uvTFMAY,School19,Course63,Fall 2021,Fall,Low,Archived,13,12.85133591707253
a0QPm000004uyf8MAA,School386,Course64,Fall 2021,Fall,Low,Archived,14,14.223704909194712
a0QPm000004uyf9MAA,School582,Course64,Fall 2021,Fall,Low,Archived,22,18.69160356309174
a0QPm000004uyfAMAQ,School405,Course64,Fall 2021,Fall,Low,Archived,24,23.324157117646415
a0QPm000004uyfBMAQ,School212,Course64,Fall 2021,Fall,Low,Archived,19,18.9716148234524
a0QPm000004uyfCMAQ,School376,Course64,Fall 2021,Fall,Medium,Archived,21,19.828169691711963
a0QPm000004uyfDMAQ,School459,Course64,Fall 2021,Fall,Medium,Archived,17,17.315914304499803
a0QPm000004uyfEMAQ,School230,Course64,Fall 2021,Fall,Low,Archived,10,10.493709790067555
a0QPm000004uyfFMAQ,School598,Course64,Fall 2021,Fall,Low,Archived,18,12.047464691488061
a0QPm000004uyfGMAQ,School253,Course64,Fall 2021,Fall,Medium,Archived,8,10.14912698868534
a0QPm000004uyfHMAQ,School408,Course64,Fall 2021,Fall,High,Archived,8,8.23478128394735
a0QPm000004uyfIMAQ,School84,Course64,Fall 2021,Fall,Low,Archived,3,11.103514000056453
a0QPm000004uyfJMAQ,School356,Course64,Fall 2021,Fall,Medium,Archived,19,19.817954544755718
a0QPm000004uyfKMAQ,School190,Course64,Fall 2021,Fall,Medium,Archived,7,6.81045351416523
a0QPm000004uyfLMAQ,School587,Course64,Fall 2021,Fall,High,Archived,4,3.3699459003735477
a0QPm000004uyfMMAQ,School94,Course64,Fall 2021,Fall,Low,Archived,25,25.017372543182532
a0QPm000004uyfNMAQ,School242,Course64,Fall 2021,Fall,Low,Archived,5,6.565735721154479
a0QPm000004uyfOMAQ,School441,Course64,Fall 2021,Fall,Low,Archived,1,6.904026822515012
a0QPm000004uyKaMAI,School386,Course25,Fall 2021,Fall,Low,Archived,10,11.346407089115344
a0QPm000004uyKbMAI,School426,Course25,Fall 2021,Fall,Low,Archived,11,11.528219888960482
a0QPm000004uyKcMAI,School206,Course25,Fall 2021,Fall,High,Archived,13,13.75014378386363
a0QPm000004uyKdMAI,School518,Course25,Fall 2021,Fall,Low,Archived,23,21.190954854682133
a0QPm000004uyonMAA,School99,Course35,Fall 2021,Fall,High,Archived,4,3.08770960092089
a0QPm000004uyooMAA,School75,Course35,Fall 2021,Fall,High,Archived,25,12.004585920167358
a0QPm000004uyopMAA,School408,Course35,Fall 2021,Fall,High,Archived,8,4.583066307768794
a0QPm000004uyoqMAA,School236,Course35,Fall 2021,Fall,Low,Archived,11,15.073569764593675
a0QPm000004uyorMAA,School127,Course35,Fall 2021,Fall,Low,Archived,27,24.47389699432029
a0QPm000004uyosMAA,School260,Course35,Fall 2021,Fall,Low,Archived,23,23.19963806898381
a0QPm000004uyotMAA,School160,Course35,Fall 2021,Fall,Medium,Archived,9,9.934829291975106
a0QPm000004uyouMAA,School110,Course35,Fall 2021,Fall,High,Archived,4,3.5103306893959827
a0QPm000004uyovMAA,School284,Course35,Fall 2021,Fall,Medium,Archived,11,10.648578935985054
a0QPm000004uyowMAA,School566,Course35,Fall 2021,Fall,Medium,Archived,5,4.791695117648336
a0QPm000004uyoxMAA,School148,Course35,Fall 2021,Fall,Low,Archived,7,6.90422175967572
a0QPm000004uyoyMAA,School97,Course35,Fall 2021,Fall,Low,Archived,17,11.574664616388873
a0QPm000004uyozMAA,School120,Course35,Fall 2021,Fall,High,Archived,1,2.742619982472995
a0QPm000004uyqwMAA,School60,Course36,Fall 2021,Fall,Low,Archived,19,23.848989246496796
a0QPm000004uyqxMAA,School417,Course36,Fall 2021,Fall,Low,Archived,21,21.313182462116448
a0QPm000004uyqyMAA,School603,Course36,Fall 2021,Fall,Low,Archived,5,7.167227269697582
a0QPm000004uyqzMAA,School136,Course36,Fall 2021,Fall,Low,Archived,12,12.451833913562066
a0QPm000004uyr0MAA,School469,Course36,Fall 2021,Fall,Low,Archived,18,19.34468673030548
a0QPm000004uyr1MAA,School625,Course36,Fall 2021,Fall,Medium,Archived,6,6.93070347469167
a0QPm000004uyr2MAA,School549,Course36,Fall 2021,Fall,Low,Archived,10,10.25683544765263
a0QPm000004uyr3MAA,School317,Course36,Fall 2021,Fall,Low,Archived,21,18.9234365586523
a0QPm000004uyr4MAA,School590,Course36,Fall 2021,Fall,Low,Archived,2,3.82168100023888
a0QPm000004uyr5MAA,School569,Course36,Fall 2021,Fall,Low,Archived,8,10.135860149049355
a0QPm000004uyr6MAA,School28,Course36,Fall 2021,Fall,Low,Archived,18,18.414984459241676
a0QPm000004uyr7MAA,School258,Course36,Fall 2021,Fall,Low,Archived,16,15.901799081385956
a0QPm000004uyr8MAA,School62,Course36,Fall 2021,Fall,Low,Archived,8,7.769838702946082
a0QPm000004uyr9MAA,School291,Course36,Fall 2021,Fall,Low,Archived,9,8.933627690218906
a0QPm000004uyrAMAQ,School435,Course36,Fall 2021,Fall,High,Archived,24,14.306336385221778
a0QPm000004uyrBMAQ,School465,Course36,Fall 2021,Fall,Low,Archived,22,21.764725105414737
a0QPm000004uyrCMAQ,School654,Course36,Fall 2021,Fall,Low,Archived,12,12.236993752429578
a0QPm000004uz1tMAA,School556,Course63,Fall 2021,Fall,Low,Archived,21,22.794142577774192
a0QPm000004uz1uMAA,School562,Course63,Fall 2021,Fall,Low,Archived,10,13.55144027677032
a0QPm000004uz1vMAA,School530,Course63,Fall 2021,Fall,Low,Archived,11,15.673897221037695
a0QPm000004uz1wMAA,School554,Course63,Fall 2021,Fall,Medium,Archived,19,18.93981009279191
a0QPm000004uz1xMAA,School319,Course63,Fall 2021,Fall,Low,Archived,18,15.106164011332014
a0QPm000004uz1yMAA,School559,Course63,Fall 2021,Fall,Low,Archived,17,12.488062271267523
a0QPm000004uz1zMAA,School294,Course63,Fall 2021,Fall,Low,Archived,9,12.302336512773993
a0QPm000004uz20MAA,School654,Course63,Fall 2021,Fall,Low,Archived,17,16.465954200344527
a0QPm000004uz21MAA,School463,Course63,Fall 2021,Fall,Low,Archived,22,21.97610465201925
a0QPm000004uz22MAA,School35,Course63,Fall 2021,Fall,Low,Archived,25,25.002451552702045
a0QPm000004uz23MAA,School569,Course63,Fall 2021,Fall,Low,Archived,14,20.28673445540309
a0QPm000004uz24MAA,School71,Course63,Fall 2021,Fall,Low,Archived,45,23.80741477990482
a0QPm000004uz25MAA,School542,Course63,Fall 2021,Fall,Low,Archived,20,21.2763252315404
a0QPm000004uz26MAA,School236,Course63,Fall 2021,Fall,Low,Archived,14,12.046177554018302
a0QPm000004uz27MAA,School282,Course63,Fall 2021,Fall,Medium,Archived,6,12.654414646702707
a0QPm000004uz28MAA,School481,Course63,Fall 2021,Fall,Medium,Archived,27,25.688745219861506
a0QPm000004uz29MAA,School638,Course63,Fall 2021,Fall,Low,Archived,35,35.2142269577822
a0QPm000004uz2AMAQ,School469,Course63,Fall 2021,Fall,Low,Archived,38,36.263462589160696
a0QPm000004uz3aMAA,School645,Course63,Fall 2021,Fall,Low,Archived,15,15.161179938743842
a0QPm000004uz3bMAA,School354,Course63,Fall 2021,Fall,Low,Archived,31,31.820815755181894
a0QPm000004uz3cMAA,School136,Course63,Fall 2021,Fall,Low,Archived,23,20.487738984759094
a0QPm000004uz3dMAA,School339,Course63,Fall 2021,Fall,Low,Archived,33,32.82798525895882
a0QPm000004uz3eMAA,School286,Course63,Fall 2021,Fall,High,Archived,22,30.73050839565726
a0QPm000004uz3fMAA,School630,Course63,Fall 2021,Fall,Low,Archived,20,18.699458671433174
a0QPm000004uz3gMAA,School555,Course63,Fall 2021,Fall,Low,Archived,19,21.79174238685139
a0QPm000004uz3hMAA,School204,Course63,Fall 2021,Fall,Low,Archived,11,10.818345822462561
a0QPm000004uz3iMAA,School28,Course63,Fall 2021,Fall,Low,Archived,18,18.414006436843202
a0QPm000004uz3jMAA,School549,Course63,Fall 2021,Fall,Low,Archived,19,17.86974667181832
a0QPm000004uz3JMAQ,School208,Course63,Fall 2021,Fall,High,Archived,32,31.247158137882618
a0QPm000004uz3kMAA,School97,Course63,Fall 2021,Fall,Low,Archived,18,18.276130887534368
a0QPm000004uz3KMAQ,School48,Course63,Fall 2021,Fall,Low,Archived,15,14.8843260116825
a0QPm000004uz3lMAA,School78,Course63,Fall 2021,Fall,Low,Archived,24,21.98656021228043
a0QPm000004uz3LMAQ,School95,Course63,Fall 2021,Fall,Low,Archived,9,16.177707036065556
a0QPm000004uz3mMAA,School173,Course63,Fall 2021,Fall,Low,Archived,13,13.018196712828201
a0QPm000004uz3MMAQ,School234,Course63,Fall 2021,Fall,Medium,Archived,18,18.126584044399117
a0QPm000004uz3NMAQ,School404,Course63,Fall 2021,Fall,Medium,Archived,12,17.263752889005954
a0QPm000004uz3OMAQ,School635,Course63,Fall 2021,Fall,High,Archived,3,2.4293343862061567
a0QPm000004uz3PMAQ,School75,Course63,Fall 2021,Fall,High,Archived,4,13.009735051290779
a0QPm000004uz3QMAQ,School310,Course63,Fall 2021,Fall,Medium,Archived,26,23.8009963000249
a0QPm000004uz3RMAQ,School171,Course63,Fall 2021,Fall,Medium,Archived,10,10.997140894155475
a0QPm000004uz3SMAQ,School501,Course63,Fall 2021,Fall,Low,Archived,20,19.966801248207425
a0QPm000004uz3TMAQ,School139,Course63,Fall 2021,Fall,High,Archived,2,1.4128393389011724
a0QPm000004uz3UMAQ,School592,Course63,Fall 2021,Fall,Low,Archived,16,15.8059326137842
a0QPm000004uz3VMAQ,School396,Course63,Fall 2021,Fall,Low,Archived,23,19.23051632571571
a0QPm000004uz3WMAQ,School520,Course63,Fall 2021,Fall,Low,Archived,11,15.658456966468947
a0QPm000004uz3XMAQ,School206,Course63,Fall 2021,Fall,High,Archived,9,10.37132826422041
a0QPm000004uz3YMAQ,School625,Course63,Fall 2021,Fall,Medium,Archived,5,6.083737758230512
a0QPm000004uz3ZMAQ,School8,Course63,Fall 2021,Fall,Low,Archived,15,14.773312004578184
a0QPm000004uzBcMAI,School423,Course54,Fall 2021,Fall,Low,Archived,19,19.042284424772905
a0QPm000004uzBdMAI,School422,Course54,Fall 2021,Fall,Low,Archived,19,19.706308777496098
a0QPm000004uzBeMAI,School299,Course54,Fall 2021,Fall,Low,Archived,16,17.932065336964666
a0QPm000004uzBfMAI,School464,Course54,Fall 2021,Fall,Low,Archived,15,19.032157904515152
a0QPm000004uzBgMAI,School202,Course54,Fall 2021,Fall,Low,Archived,15,18.05613637063552
a0QPm000004uzBhMAI,School335,Course54,Fall 2021,Fall,Low,Archived,8,7.980625561891877
a0QPm000004uzBiMAI,School84,Course54,Fall 2021,Fall,Low,Archived,2,3.443914684955643
a0QPm000004uzRVMAY,School276,Course25,Fall 2021,Fall,Low,Archived,23,22.680431633837646
a0QPm000004uzRWMAY,School282,Course25,Fall 2021,Fall,Medium,Archived,7,8.137345021760874
a0QPm000004uzRXMAY,School296,Course25,Fall 2021,Fall,Medium,Archived,5,5.1684423777788915
a0QPm000004uzRYMAY,School230,Course25,Fall 2021,Fall,Low,Archived,8,8.744395562071768
a0QPm000004uuf5MAA,School24,Course64,Fall 2020,Fall,High,Archived,1,0.44854787485909076
a0QPm000004uuf6MAA,School236,Course64,Fall 2020,Fall,Low,Archived,15,15.0593380665006
a0QPm000004uuf7MAA,School582,Course64,Fall 2020,Fall,Low,Archived,15,18.69160356309174
a0QPm000004uuf8MAA,School23,Course64,Fall 2020,Fall,High,Archived,1,0.44854787485909076
a0QPm000004uuf9MAA,School454,Course64,Fall 2020,Fall,High,Archived,1,0.44854787485909076
a0QPm000004uufAMAQ,School604,Course64,Fall 2020,Fall,Low,Archived,9,8.837559311115497
a0QPm000004uufBMAQ,School88,Course64,Fall 2020,Fall,Low,Archived,15,15.772780546789544
a0QPm000004uufCMAQ,School603,Course64,Fall 2020,Fall,Low,Archived,14,14.83234207712617
a0QPm000004uufDMAQ,School624,Course64,Fall 2020,Fall,Low,Archived,12,11.88704445303045
a0QPm000004uufEMAQ,School456,Course64,Fall 2020,Fall,Low,Archived,13,12.903539500335434
a0QPm000004uufFMAQ,School253,Course64,Fall 2020,Fall,Medium,Archived,10,10.14912698868534
a0QPm000004uufGMAQ,School455,Course64,Fall 2020,Fall,High,Archived,1,0.44854787485909076
a0QPm000004uvNvMAI,School559,Course63,Fall 2020,Fall,Low,Archived,19,12.488062271267523
a0QPm000004uvNwMAI,School97,Course63,Fall 2020,Fall,Low,Archived,20,18.276130887534368
a0QPm000004uvNxMAI,School227,Course63,Fall 2020,Fall,Low,Archived,24,14.79700055199092
a0QPm000004uvNyMAI,School220,Course63,Fall 2020,Fall,High,Archived,19,20.499390895043142
a0QPm000004uvNzMAI,School248,Course63,Fall 2020,Fall,Low,Archived,16,15.900821058987482
a0QPm000004uvO0MAI,School280,Course63,Fall 2020,Fall,Low,Archived,10,9.801850775157577
a0QPm000004uvO1MAI,School412,Course63,Fall 2020,Fall,Low,Archived,9,8.785355727852593
a0QPm000004uvO2MAI,School441,Course63,Fall 2020,Fall,Low,Archived,14,10.235774015502844
a0QPm000004uvO3MAI,School230,Course63,Fall 2020,Fall,Low,Archived,24,16.363420065243442
a0QPm000004uvO4MAI,School272,Course63,Fall 2020,Fall,Low,Archived,16,15.900821058987482
a0QPm000004uvO5MAI,School459,Course63,Fall 2020,Fall,Medium,Archived,11,12.187784556860796
a0QPm000004uvO6MAI,School95,Course63,Fall 2020,Fall,Low,Archived,26,16.177707036065556
a0QPm000004uvO7MAI,School16,Course63,Fall 2020,Fall,Low,Archived,58,58.59361304579683
a0QPm000004uvO8MAI,School165,Course63,Fall 2020,Fall,Medium,Archived,21,24.64295715074182
a0QPm000004uvO9MAI,School314,Course63,Fall 2020,Fall,Low,Archived,5,6.431513628827928
a0QPm000004uvOAMAY,School538,Course63,Fall 2020,Fall,Low,Archived,34,30.332654189411297
a0QPm000004uvOBMAY,School294,Course63,Fall 2020,Fall,Low,Archived,16,12.302336512773993
a0QPm000004uvOCMAY,School286,Course63,Fall 2020,Fall,High,Archived,41,30.73050839565726
a0QPm000004uvODMAY,School78,Course63,Fall 2020,Fall,Low,Archived,20,21.98656021228043
a0QPm000004uvOEMAY,School11,Course63,Fall 2020,Fall,Low,Archived,23,23.016286390122378
a0QPm000004uvOFMAY,School479,Course63,Fall 2020,Fall,Medium,Archived,12,9.880856009295684
a0QPm000004uvOGMAY,School520,Course63,Fall 2020,Fall,Low,Archived,11,15.658456966468947
a0QPm000004uvOHMAY,School140,Course63,Fall 2020,Fall,Medium,Archived,15,15.85167784094898
a0QPm000004uvOIMAY,School583,Course63,Fall 2020,Fall,Low,Archived,15,18.37743737135872
a0QPm000004uvOJMAY,School150,Course63,Fall 2020,Fall,Medium,Archived,28,19.634318256320594
a0QPm000004uvOKMAY,School442,Course63,Fall 2020,Fall,Medium,Archived,26,16.19818676744975
a0QPm000004uvOLMAY,School434,Course63,Fall 2020,Fall,High,Archived,22,21.685649179736895
a0QPm000004uvOMMAY,School404,Course63,Fall 2020,Fall,Medium,Archived,19,17.263752889005954
a0QPm000004uvONMAY,School279,Course63,Fall 2020,Fall,Medium,Archived,16,14.820048201270337
a0QPm000004uvOOMAY,School319,Course63,Fall 2020,Fall,Low,Archived,19,15.106164011332014
a0QPm000004uyytMAA,School129,Course63,Fall 2020,Fall,Medium,Archived,15,15.621469838925183
a0QPm000004uyyuMAA,School530,Course63,Fall 2020,Fall,Low,Archived,15,15.673897221037695
a0QPm000004uyyvMAA,School408,Course63,Fall 2020,Fall,High,Archived,8,6.208606414538184
a0QPm000004uyywMAA,School568,Course63,Fall 2020,Fall,High,Archived,20,19.3199116019018
a0QPm000004uz1hMAA,School75,Course63,Fall 2020,Fall,High,Archived,27,13.009735051290779
a0QPm000004uz1iMAA,School282,Course63,Fall 2020,Fall,Medium,Archived,19,12.654414646702707
a0QPm000004uz1jMAA,School296,Course63,Fall 2020,Fall,Medium,Archived,16,9.403516104699829
a0QPm000004uz1kMAA,School655,Course63,Fall 2020,Fall,Low,Archived,12,11.834840869767547
a0QPm000004uz1lMAA,School229,Course63,Fall 2020,Fall,Low,Archived,19,18.738749961155435
a0QPm000004uz1mMAA,School284,Course63,Fall 2020,Fall,Medium,Archived,3,5.506217490252971
a0QPm000004uz1nMAA,School457,Course63,Fall 2020,Fall,Low,Archived,25,25.049276484732346
a0QPm000004uz1oMAA,School470,Course63,Fall 2020,Fall,Low,Archived,17,16.2828071469004
a0QPm000004uz1pMAA,School244,Course63,Fall 2020,Fall,Low,Archived,17,16.91731610629247
a0QPm000004uz1qMAA,School22,Course63,Fall 2020,Fall,Medium,Archived,6,5.741754883597344
a0QPm000004uz1rMAA,School582,Course63,Fall 2020,Fall,Low,Archived,18,14.550459458525868
a0QPm000004uz1sMAA,School91,Course63,Fall 2020,Fall,Medium,Archived,19,9.067707679548413
a0QPm000004uzGaMAI,School479,Course61,Fall 2019,Fall,Medium,Archived,12,12.589359693621892
a0QPm000004uzGbMAI,School530,Course61,Fall 2019,Fall,Low,Archived,13,13.560271049206605
a0QPm000004uzGcMAI,School584,Course61,Fall 2019,Fall,Low,Archived,12,11.836183933093166
a0QPm000004uzGdMAI,School274,Course61,Fall 2019,Fall,Low,Archived,8,7.7702037438732265
a0QPm000004uzGeMAI,School444,Course61,Fall 2019,Fall,High,Archived,23,25.175640689097747
a0QPm000004uzGfMAI,School439,Course61,Fall 2019,Fall,Low,Archived,21,20.819255349244944
a0QPm000004uzGgMAI,School314,Course61,Fall 2019,Fall,Low,Archived,16,15.738721326843073
a0QPm000004uzGVMAY,School408,Course61,Fall 2019,Fall,High,Archived,14,14.105834622448855
a0QPm000004uzGWMAY,School645,Course61,Fall 2019,Fall,Low,Archived,12,12.836056843397081
a0QPm000004uzGXMAY,School559,Course61,Fall 2019,Fall,Low,Archived,18,17.353834575453575
a0QPm000004uzGYMAY,School520,Course61,Fall 2019,Fall,Low,Archived,17,16.717284647372924
a0QPm000004uzGZMAY,School470,Course61,Fall 2019,Fall,Low,Archived,10,10.36223635178723
a0QPm000004uzHpMAI,School229,Course61,Fall 2019,Fall,Low,Archived,23,22.6316364171694
a0QPm000004uzHqMAI,School641,Course61,Fall 2019,Fall,Medium,Archived,5,4.726602899617977
a0QPm000004uzHrMAI,School482,Course61,Fall 2019,Fall,Low,Archived,10,9.803193838483196
a0QPm000004uzHsMAI,School582,Course61,Fall 2019,Fall,Low,Archived,27,25.831638442687268
a0QPm000004uzHtMAI,School75,Course61,Fall 2019,Fall,High,Archived,36,33.6531778497459
a0QPm000004uzHuMAI,School96,Course61,Fall 2019,Fall,Low,Archived,20,19.96814431153304
a0QPm000004uzHvMAI,School296,Course61,Fall 2019,Fall,Medium,Archived,8,7.71288377990008
a0QPm000004uzHwMAI,School95,Course61,Fall 2019,Fall,Low,Archived,22,21.25497626376728
a0QPm000004uzHxMAI,School140,Course61,Fall 2019,Fall,Medium,Archived,30,28.54283631521486
a0QPm000004uzHyMAI,School583,Course61,Fall 2019,Fall,Low,Archived,19,19.39396566755956
a0QPm000004uzHzMAI,School186,Course61,Fall 2019,Fall,Low,Archived,23,23.017629453447995
a0QPm000004uzI0MAI,School306,Course61,Fall 2019,Fall,High,Archived,1,0.39768735492180607
a0QPm000004uzI1MAI,School284,Course61,Fall 2019,Fall,Medium,Archived,19,17.351388270456166
a0QPm000004uzI2MAI,School319,Course61,Fall 2019,Fall,Low,Archived,19,18.1530627732833
a0QPm000004uzI3MAI,School219,Course61,Fall 2019,Fall,Low,Archived,14,13.869174027703133
a0QPm000004uzI4MAI,School286,Course61,Fall 2019,Fall,High,Archived,23,23.540956059450064
a0QPm000004uzI5MAI,School528,Course61,Fall 2019,Fall,High,Archived,1,0.39768735492180607
